bioguide_id,organization,program,description,ytd_amount,qtd_amount,member_name,party,state,district,congress,quarter_label,is_member
,2026 OFFICE OF THE SPEAKER,OFFICIAL EXPENSES - LEADERSHIP,SUPPLIES AND MATERIALS,31724.53,31724.53,,,,,119,2026Q1,false
,2026 OFFICE OF THE SPEAKER,GENERAL EXPENDITURES,PERSONNEL COMPENSATION,1777833.83,1777833.83,,,,,119,2026Q1,false
,2026 OFFICE OF THE SPEAKER,GENERAL EXPENDITURES,TRAVEL,9803.96,9803.96,,,,,119,2026Q1,false
,2026 OFFICE OF THE SPEAKER,GENERAL EXPENDITURES,RENT COMMUNICATION UTILITIES,49070.76,49070.76,,,,,119,2026Q1,false
,2026 OFFICE OF THE SPEAKER,GENERAL EXPENDITURES,PRINTING AND REPRODUCTION,1664.26,1664.26,,,,,119,2026Q1,false
,2026 OFFICE OF THE SPEAKER,GENERAL EXPENDITURES,OTHER SERVICES,87074.58,87074.58,,,,,119,2026Q1,false
,2026 OFFICE OF THE SPEAKER,GENERAL EXPENDITURES,SUPPLIES AND MATERIALS,133331.29,133331.29,,,,,119,2026Q1,false
,2026 OFFICE OF THE SPEAKER,GENERAL EXPENDITURES,EQUIPMENT,9788.36,9788.36,,,,,119,2026Q1,false
,2026 OFFICE OF THE SPEAKER,INTERN ALLOWANCES,PERSONNEL COMPENSATION,31466.7,31466.7,,,,,119,2026Q1,false
,2026 OFFICE OF THE MAJORITY LEADER,GENERAL EXPENDITURES,PERSONNEL COMPENSATION,721253.89,721253.89,,,,,119,2026Q1,false
,2026 OFFICE OF THE MAJORITY LEADER,GENERAL EXPENDITURES,RENT COMMUNICATION UTILITIES,7318.05,7318.05,,,,,119,2026Q1,false
,2026 OFFICE OF THE MAJORITY LEADER,GENERAL EXPENDITURES,PRINTING AND REPRODUCTION,1331.4,1331.4,,,,,119,2026Q1,false
,2026 OFFICE OF THE MAJORITY LEADER,GENERAL EXPENDITURES,OTHER SERVICES,3802.13,3802.13,,,,,119,2026Q1,false
,2026 OFFICE OF THE MAJORITY LEADER,GENERAL EXPENDITURES,SUPPLIES AND MATERIALS,2660.94,2660.94,,,,,119,2026Q1,false
,2026 OFFICE OF THE MAJORITY LEADER,GENERAL EXPENDITURES,EQUIPMENT,10341.64,10341.64,,,,,119,2026Q1,false
,2026 OFFICE OF THE MINORITY LEADER,GENERAL EXPENDITURES,PERSONNEL COMPENSATION,1873720.52,1873720.52,,,,,119,2026Q1,false
,2026 OFFICE OF THE MINORITY LEADER,GENERAL EXPENDITURES,TRAVEL,30467.34,30467.34,,,,,119,2026Q1,false
,2026 OFFICE OF THE MINORITY LEADER,GENERAL EXPENDITURES,RENT COMMUNICATION UTILITIES,18798.41,18798.41,,,,,119,2026Q1,false
,2026 OFFICE OF THE MINORITY LEADER,GENERAL EXPENDITURES,PRINTING AND REPRODUCTION,156.94,156.94,,,,,119,2026Q1,false
,2026 OFFICE OF THE MINORITY LEADER,GENERAL EXPENDITURES,OTHER SERVICES,60027.54,60027.54,,,,,119,2026Q1,false
,2026 OFFICE OF THE MINORITY LEADER,GENERAL EXPENDITURES,SUPPLIES AND MATERIALS,157664.61,157664.61,,,,,119,2026Q1,false
,2026 OFFICE OF THE MINORITY LEADER,GENERAL EXPENDITURES,EQUIPMENT,3005.56,3005.56,,,,,119,2026Q1,false
,2026 OFFICE OF THE MINORITY LEADER,INTERN ALLOWANCES,PERSONNEL COMPENSATION,41700,41700,,,,,119,2026Q1,false
,2026 OFFICE OF THE MAJORITY WHIP,GENERAL EXPENDITURES,PERSONNEL COMPENSATION,654318.31,654318.31,,,,,119,2026Q1,false
,2026 OFFICE OF THE MAJORITY WHIP,GENERAL EXPENDITURES,TRAVEL,202,202,,,,,119,2026Q1,false
,2026 OFFICE OF THE MAJORITY WHIP,GENERAL EXPENDITURES,RENT COMMUNICATION UTILITIES,3101.54,3101.54,,,,,119,2026Q1,false
,2026 OFFICE OF THE MAJORITY WHIP,GENERAL EXPENDITURES,PRINTING AND REPRODUCTION,97.5,97.5,,,,,119,2026Q1,false
,2026 OFFICE OF THE MAJORITY WHIP,GENERAL EXPENDITURES,OTHER SERVICES,17364.76,17364.76,,,,,119,2026Q1,false
,2026 OFFICE OF THE MAJORITY WHIP,GENERAL EXPENDITURES,SUPPLIES AND MATERIALS,47428.07,47428.07,,,,,119,2026Q1,false
,2026 OFFICE OF THE MAJORITY WHIP,GENERAL EXPENDITURES,EQUIPMENT,13668.18,13668.18,,,,,119,2026Q1,false
,2026 OFFICE OF THE MAJORITY WHIP,INTERN ALLOWANCES,PERSONNEL COMPENSATION,12000.01,12000.01,,,,,119,2026Q1,false
,2026 OFFICE OF THE MINORITY WHIP,GENERAL EXPENDITURES,PERSONNEL COMPENSATION,575365.79,575365.79,,,,,119,2026Q1,false
,2026 OFFICE OF THE MINORITY WHIP,GENERAL EXPENDITURES,RENT COMMUNICATION UTILITIES,3754.42,3754.42,,,,,119,2026Q1,false
,2026 OFFICE OF THE MINORITY WHIP,GENERAL EXPENDITURES,OTHER SERVICES,1600,1600,,,,,119,2026Q1,false
,2026 OFFICE OF THE MINORITY WHIP,GENERAL EXPENDITURES,SUPPLIES AND MATERIALS,317.67,317.67,,,,,119,2026Q1,false
,2026 OFFICE OF THE MINORITY WHIP,GENERAL EXPENDITURES,EQUIPMENT,2325.32,2325.32,,,,,119,2026Q1,false
,2026 OFFICE OF THE MINORITY WHIP,INTERN ALLOWANCES,PERSONNEL COMPENSATION,18660.86,18660.86,,,,,119,2026Q1,false
,2026 DEMOCRATIC CAUCUS,GENERAL EXPENDITURES,PERSONNEL COMPENSATION,501951.41,501951.41,,,,,119,2026Q1,false
,2026 DEMOCRATIC CAUCUS,GENERAL EXPENDITURES,TRAVEL,2033.26,2033.26,,,,,119,2026Q1,false
,2026 DEMOCRATIC CAUCUS,GENERAL EXPENDITURES,RENT COMMUNICATION UTILITIES,6414.1,6414.1,,,,,119,2026Q1,false
,2026 DEMOCRATIC CAUCUS,GENERAL EXPENDITURES,PRINTING AND REPRODUCTION,4174.42,4174.42,,,,,119,2026Q1,false
,2026 DEMOCRATIC CAUCUS,GENERAL EXPENDITURES,OTHER SERVICES,19689.61,19689.61,,,,,119,2026Q1,false
,2026 DEMOCRATIC CAUCUS,GENERAL EXPENDITURES,SUPPLIES AND MATERIALS,58262.46,58262.46,,,,,119,2026Q1,false
,2026 DEMOCRATIC CAUCUS,GENERAL EXPENDITURES,EQUIPMENT,1722,1722,,,,,119,2026Q1,false
,2026 DEMOCRATIC CAUCUS,INTERN ALLOWANCES,PERSONNEL COMPENSATION,24016,24016,,,,,119,2026Q1,false
,2026 REPUBLICAN CONFERENCE,GENERAL EXPENDITURES,PERSONNEL COMPENSATION,369153.35,369153.35,,,,,119,2026Q1,false
,2026 REPUBLICAN CONFERENCE,GENERAL EXPENDITURES,TRAVEL,633.4,633.4,,,,,119,2026Q1,false
,2026 REPUBLICAN CONFERENCE,GENERAL EXPENDITURES,RENT COMMUNICATION UTILITIES,34467.17,34467.17,,,,,119,2026Q1,false
,2026 REPUBLICAN CONFERENCE,GENERAL EXPENDITURES,PRINTING AND REPRODUCTION,1412.58,1412.58,,,,,119,2026Q1,false
,2026 REPUBLICAN CONFERENCE,GENERAL EXPENDITURES,OTHER SERVICES,17319.94,17319.94,,,,,119,2026Q1,false
,2026 REPUBLICAN CONFERENCE,GENERAL EXPENDITURES,SUPPLIES AND MATERIALS,36455.04,36455.04,,,,,119,2026Q1,false
,2026 REPUBLICAN CONFERENCE,GENERAL EXPENDITURES,EQUIPMENT,13008.2,13008.2,,,,,119,2026Q1,false
,2026 REPUBLICAN CONFERENCE,INTERN ALLOWANCES,PERSONNEL COMPENSATION,9137.5,9137.5,,,,,119,2026Q1,false
,FISCAL YEAR 2026 CHIEF ADMIN OFCR OF THE HOUSE,SALARIES OFFICERS & EMPLOYEES,PERSONNEL COMPENSATION,48842091.3,24728036.04,,,,,119,2026Q1,false
,FISCAL YEAR 2026 CHIEF ADMIN OFCR OF THE HOUSE,ADMIN AND OPS,TRAVEL,75485.41,64740.96,,,,,119,2026Q1,false
,FISCAL YEAR 2026 CHIEF ADMIN OFCR OF THE HOUSE,ADMIN AND OPS,TRANSPORTATION OF THINGS,7054.95,7054.95,,,,,119,2026Q1,false
,FISCAL YEAR 2026 CHIEF ADMIN OFCR OF THE HOUSE,ADMIN AND OPS,RENT COMMUNICATION UTILITIES,488636.92,309290.96,,,,,119,2026Q1,false
,FISCAL YEAR 2026 CHIEF ADMIN OFCR OF THE HOUSE,ADMIN AND OPS,PRINTING AND REPRODUCTION,4879.28,4841.28,,,,,119,2026Q1,false
,FISCAL YEAR 2026 CHIEF ADMIN OFCR OF THE HOUSE,ADMIN AND OPS,OTHER SERVICES,800235.05,714560.3,,,,,119,2026Q1,false
,FISCAL YEAR 2026 CHIEF ADMIN OFCR OF THE HOUSE,ADMIN AND OPS,SUPPLIES AND MATERIALS,267576.19,220596.26,,,,,119,2026Q1,false
,FISCAL YEAR 2026 CHIEF ADMIN OFCR OF THE HOUSE,ADMIN AND OPS,EQUIPMENT,423287.85,318410.95,,,,,119,2026Q1,false
,FISCAL YEAR 2026 CHIEF ADMIN OFCR OF THE HOUSE,CONGRESSIONAL EXCELLENCE PRGM,OTHER SERVICES,9862.5,9862.5,,,,,119,2026Q1,false
,FISCAL YEAR 2026 CHIEF ADMIN OFCR OF THE HOUSE,LIBRARY OF CONGRESS MAILREIMB,RENT COMMUNICATION UTILITIES,5035.95,5035.95,,,,,119,2026Q1,false
,FISCAL YEAR 2026 CHIEF ADMIN OFCR OF THE HOUSE,LIBRARY OF CONGRESS MAILREIMB,OTHER SERVICES,119181.7,119181.7,,,,,119,2026Q1,false
,FISCAL YEAR 2026 CHIEF ADMIN OFCR OF THE HOUSE,LIBRARY OF CONGRESS MAILREIMB,EQUIPMENT,9329.89,9329.89,,,,,119,2026Q1,false
,FISCAL YEAR 2026 CHIEF ADMIN OFCR OF THE HOUSE,AOC MAIL IPAC,RENT COMMUNICATION UTILITIES,1673.87,1673.87,,,,,119,2026Q1,false
,FISCAL YEAR 2026 CHIEF ADMIN OFCR OF THE HOUSE,AOC MAIL IPAC,OTHER SERVICES,252947.32,252947.32,,,,,119,2026Q1,false
,FISCAL YEAR 2026 CHIEF ADMIN OFCR OF THE HOUSE,AOC MAIL IPAC,EQUIPMENT,4090.47,4090.47,,,,,119,2026Q1,false
,FISCAL YEAR 2026 CHIEF ADMIN OFCR OF THE HOUSE,CAO SAFETY PROGRAM,OTHER SERVICES,33.52,33.52,,,,,119,2026Q1,false
,FISCAL YEAR 2026 CHIEF ADMIN OFCR OF THE HOUSE,CAO SAFETY PROGRAM,SUPPLIES AND MATERIALS,138.93,138.93,,,,,119,2026Q1,false
,FISCAL YEAR 2026 CHIEF ADMIN OFCR OF THE HOUSE,CONGRESSIONAL STAFF ACADEMY,TRAVEL,8263.62,8263.62,,,,,119,2026Q1,false
,FISCAL YEAR 2026 CHIEF ADMIN OFCR OF THE HOUSE,CONGRESSIONAL STAFF ACADEMY,PRINTING AND REPRODUCTION,242.5,143.5,,,,,119,2026Q1,false
,FISCAL YEAR 2026 CHIEF ADMIN OFCR OF THE HOUSE,CONGRESSIONAL STAFF ACADEMY,OTHER SERVICES,2871,2871,,,,,119,2026Q1,false
,FISCAL YEAR 2026 CHIEF ADMIN OFCR OF THE HOUSE,CONGRESSIONAL STAFF ACADEMY,SUPPLIES AND MATERIALS,1808.83,1592.27,,,,,119,2026Q1,false
,FISCAL YEAR 2026 CHIEF ADMIN OFCR OF THE HOUSE,CONGRESSIONAL STAFF ACADEMY,EQUIPMENT,28210.9,22534.9,,,,,119,2026Q1,false
,FISCAL YEAR 2026 CHIEF ADMIN OFCR OF THE HOUSE,WEB SOLUTIONS,OTHER SERVICES,723668.42,579839.9,,,,,119,2026Q1,false
,FISCAL YEAR 2026 CHIEF ADMIN OFCR OF THE HOUSE,WEB SOLUTIONS,EQUIPMENT,349950,0,,,,,119,2026Q1,false
,FISCAL YEAR 2026 CHIEF ADMIN OFCR OF THE HOUSE,PEOPLESOFT FINANCIALS,OTHER SERVICES,51896.14,51896.14,,,,,119,2026Q1,false
,FISCAL YEAR 2026 CHIEF ADMIN OFCR OF THE HOUSE,PEOPLESOFT FINANCIALS,EQUIPMENT,1099,1099,,,,,119,2026Q1,false
,FISCAL YEAR 2026 CHIEF ADMIN OFCR OF THE HOUSE,REMEDY/CTS ACTIVITY,OTHER SERVICES,134437.5,127237.5,,,,,119,2026Q1,false
,FISCAL YEAR 2026 CHIEF ADMIN OFCR OF THE HOUSE,REMEDY/CTS ACTIVITY,SUPPLIES AND MATERIALS,3708,3708,,,,,119,2026Q1,false
,FISCAL YEAR 2026 CHIEF ADMIN OFCR OF THE HOUSE,ENTERPRISE TECHNOLOGY SYSTEMS,OTHER SERVICES,1100000,0,,,,,119,2026Q1,false
,FISCAL YEAR 2026 CHIEF ADMIN OFCR OF THE HOUSE,SUBSCRIPTIONS,SUPPLIES AND MATERIALS,514614.8,514614.8,,,,,119,2026Q1,false
,FISCAL YEAR 2026 CHIEF ADMIN OFCR OF THE HOUSE,RECEPTIONS,SUPPLIES AND MATERIALS,1500,1500,,,,,119,2026Q1,false
,FISCAL YEAR 2026 CHIEF ADMIN OFCR OF THE HOUSE,ENTERPRISE DATA STORAGE,OTHER SERVICES,1196931.59,1196931.59,,,,,119,2026Q1,false
,FISCAL YEAR 2026 CHIEF ADMIN OFCR OF THE HOUSE,ENTERPRISE DATA STORAGE,EQUIPMENT,2601271.52,1712415.42,,,,,119,2026Q1,false
,FISCAL YEAR 2026 CHIEF ADMIN OFCR OF THE HOUSE,ENTERPRISE INFRASTRUCTURE TECH,EQUIPMENT,31937.4,4649.4,,,,,119,2026Q1,false
,FISCAL YEAR 2026 CHIEF ADMIN OFCR OF THE HOUSE,ENTERPRISE LICENSES,OTHER SERVICES,748771.84,748771.84,,,,,119,2026Q1,false
,FISCAL YEAR 2026 CHIEF ADMIN OFCR OF THE HOUSE,ENTERPRISE LICENSES,SUPPLIES AND MATERIALS,125504.2,125504.2,,,,,119,2026Q1,false
,FISCAL YEAR 2026 CHIEF ADMIN OFCR OF THE HOUSE,HOUSE LOGISTICS PROJECT MGMT,OTHER SERVICES,12052.75,12052.75,,,,,119,2026Q1,false
,FISCAL YEAR 2026 CHIEF ADMIN OFCR OF THE HOUSE,ENTERPRISE DIGITAL AUTOMATION,OTHER SERVICES,389763.98,389763.98,,,,,119,2026Q1,false
,FISCAL YEAR 2026 CHIEF ADMIN OFCR OF THE HOUSE,HOUSE INTERN RESOURCE OFFICE,TRAVEL,86.42,86.42,,,,,119,2026Q1,false
,FISCAL YEAR 2026 CHIEF ADMIN OFCR OF THE HOUSE,HOUSE INTERN RESOURCE OFFICE,SUPPLIES AND MATERIALS,476.73,476.73,,,,,119,2026Q1,false
,FISCAL YEAR 2026 CHIEF ADMIN OFCR OF THE HOUSE,OFFICE OF TALENT & DEVELOPMENT,TRAVEL,2491.37,2491.37,,,,,119,2026Q1,false
,FISCAL YEAR 2026 CHIEF ADMIN OFCR OF THE HOUSE,OFFICE OF TALENT & DEVELOPMENT,PRINTING AND REPRODUCTION,1627.22,1627.22,,,,,119,2026Q1,false
,FISCAL YEAR 2026 CHIEF ADMIN OFCR OF THE HOUSE,OFFICE OF TALENT & DEVELOPMENT,OTHER SERVICES,7004,7004,,,,,119,2026Q1,false
,FISCAL YEAR 2026 CHIEF ADMIN OFCR OF THE HOUSE,ASSET OPERATIONS,OTHER SERVICES,4510,4510,,,,,119,2026Q1,false
,FISCAL YEAR 2026 CHIEF ADMIN OFCR OF THE HOUSE,ASSET OPERATIONS,SUPPLIES AND MATERIALS,2325.76,2325.76,,,,,119,2026Q1,false
,FISCAL YEAR 2026 CHIEF ADMIN OFCR OF THE HOUSE,IDENTITY ACCESS MANAGEMENT,OTHER SERVICES,984687.15,984687.15,,,,,119,2026Q1,false
,FISCAL YEAR 2026 CHIEF ADMIN OFCR OF THE HOUSE,IDENTITY ACCESS MANAGEMENT,EQUIPMENT,512682.62,512682.62,,,,,119,2026Q1,false
,FISCAL YEAR 2026 CHIEF ADMIN OFCR OF THE HOUSE,CABINET & FINISHING SERVICES,SUPPLIES AND MATERIALS,168234.64,152895.98,,,,,119,2026Q1,false
,FISCAL YEAR 2026 CHIEF ADMIN OFCR OF THE HOUSE,CABINET & FINISHING SERVICES,EQUIPMENT,27969.75,28478.75,,,,,119,2026Q1,false
,FISCAL YEAR 2026 CHIEF ADMIN OFCR OF THE HOUSE,TELEPHONE OPERATORS,OTHER SERVICES,964629,964629,,,,,119,2026Q1,false
,FISCAL YEAR 2026 CHIEF ADMIN OFCR OF THE HOUSE,CAO IT SERVICE MANAGEMENT,OTHER SERVICES,35672,35672,,,,,119,2026Q1,false
,FISCAL YEAR 2026 CHIEF ADMIN OFCR OF THE HOUSE,SUPPORT SYSTEMS OPERATIONS,OTHER SERVICES,73860.16,73860.16,,,,,119,2026Q1,false
,FISCAL YEAR 2026 CHIEF ADMIN OFCR OF THE HOUSE,SUPPORT SYSTEMS OPERATIONS,SUPPLIES AND MATERIALS,212700.68,212700.68,,,,,119,2026Q1,false
,FISCAL YEAR 2026 CHIEF ADMIN OFCR OF THE HOUSE,DIGITAL SERVICE,OTHER SERVICES,543.75,543.75,,,,,119,2026Q1,false
,FISCAL YEAR 2026 CHIEF ADMIN OFCR OF THE HOUSE,HRS COMMITTEE BROADCAST OPS,OTHER SERVICES,280097.37,280097.37,,,,,119,2026Q1,false
,FISCAL YEAR 2026 CHIEF ADMIN OFCR OF THE HOUSE,FURNITURE AND REFURBISHMENT,SUPPLIES AND MATERIALS,6991,6991,,,,,119,2026Q1,false
,FISCAL YEAR 2026 CHIEF ADMIN OFCR OF THE HOUSE,FURNITURE AND REFURBISHMENT,EQUIPMENT,623360.5,442678.5,,,,,119,2026Q1,false
,FISCAL YEAR 2026 CHIEF ADMIN OFCR OF THE HOUSE,CAO CONFERENCES AND EVENTS,TRAVEL,2427.47,2427.47,,,,,119,2026Q1,false
,FISCAL YEAR 2026 CHIEF ADMIN OFCR OF THE HOUSE,CAO CONFERENCES AND EVENTS,RENT COMMUNICATION UTILITIES,1796.96,1163.71,,,,,119,2026Q1,false
,FISCAL YEAR 2026 CHIEF ADMIN OFCR OF THE HOUSE,CAO CONFERENCES AND EVENTS,SUPPLIES AND MATERIALS,13947.88,13911.2,,,,,119,2026Q1,false
,FISCAL YEAR 2026 CHIEF ADMIN OFCR OF THE HOUSE,HOUSE WELLNESS PROGRAM,TRAVEL,1316.21,1316.21,,,,,119,2026Q1,false
,FISCAL YEAR 2026 CHIEF ADMIN OFCR OF THE HOUSE,HOUSE WELLNESS PROGRAM,OTHER SERVICES,38797.48,14509.98,,,,,119,2026Q1,false
,FISCAL YEAR 2026 CHIEF ADMIN OFCR OF THE HOUSE,HOUSE WELLNESS PROGRAM,SUPPLIES AND MATERIALS,10175.48,10175.48,,,,,119,2026Q1,false
,FISCAL YEAR 2026 CHIEF ADMIN OFCR OF THE HOUSE,HOUSE WELLNESS PROGRAM,EQUIPMENT,1815.36,1815.36,,,,,119,2026Q1,false
,FISCAL YEAR 2026 CHIEF ADMIN OFCR OF THE HOUSE,WORKFLOW COORDINATION,OTHER SERVICES,29171.2,29171.2,,,,,119,2026Q1,false
,FISCAL YEAR 2026 CHIEF ADMIN OFCR OF THE HOUSE,ENTERPRISE ARCHITECTURE,OTHER SERVICES,74863.99,71767.75,,,,,119,2026Q1,false
,FISCAL YEAR 2026 CHIEF ADMIN OFCR OF THE HOUSE,ENTERPRISE ARCHITECTURE,EQUIPMENT,6627.3,6627.3,,,,,119,2026Q1,false
,FISCAL YEAR 2026 CHIEF ADMIN OFCR OF THE HOUSE,TELECOMMUNICATIONS,RENT COMMUNICATION UTILITIES,328954.37,211029.27,,,,,119,2026Q1,false
,FISCAL YEAR 2026 CHIEF ADMIN OFCR OF THE HOUSE,TELECOMMUNICATIONS,EQUIPMENT,1250000,1250000,,,,,119,2026Q1,false
,FISCAL YEAR 2026 CHIEF ADMIN OFCR OF THE HOUSE,NETWORK SERVICES,RENT COMMUNICATION UTILITIES,100,0,,,,,119,2026Q1,false
,FISCAL YEAR 2026 CHIEF ADMIN OFCR OF THE HOUSE,NETWORK SERVICES,OTHER SERVICES,171930,0,,,,,119,2026Q1,false
,FISCAL YEAR 2026 CHIEF ADMIN OFCR OF THE HOUSE,NETWORK SERVICES,EQUIPMENT,4357308.55,3996800.6,,,,,119,2026Q1,false
,FISCAL YEAR 2026 CHIEF ADMIN OFCR OF THE HOUSE,WIDE AREA NETWORK,RENT COMMUNICATION UTILITIES,449161.35,356211.06,,,,,119,2026Q1,false
,FISCAL YEAR 2026 CHIEF ADMIN OFCR OF THE HOUSE,WIDE AREA NETWORK,OTHER SERVICES,126630,65940,,,,,119,2026Q1,false
,FISCAL YEAR 2026 CHIEF ADMIN OFCR OF THE HOUSE,WIDE AREA NETWORK,SUPPLIES AND MATERIALS,2745.71,2745.71,,,,,119,2026Q1,false
,FISCAL YEAR 2026 CHIEF ADMIN OFCR OF THE HOUSE,WIDE AREA NETWORK,EQUIPMENT,60718.2,60718.2,,,,,119,2026Q1,false
,FISCAL YEAR 2026 CHIEF ADMIN OFCR OF THE HOUSE,CAMPUS NETWORKING,OTHER SERVICES,281114.14,281114.14,,,,,119,2026Q1,false
,FISCAL YEAR 2026 CHIEF ADMIN OFCR OF THE HOUSE,CAMPUS NETWORKING,SUPPLIES AND MATERIALS,9074.16,9074.16,,,,,119,2026Q1,false
,FISCAL YEAR 2026 CHIEF ADMIN OFCR OF THE HOUSE,CAMPUS NETWORKING,EQUIPMENT,247287.95,-124829.03,,,,,119,2026Q1,false
,FISCAL YEAR 2026 CHIEF ADMIN OFCR OF THE HOUSE,CARPET SERVICES,OTHER SERVICES,5711.56,4321.99,,,,,119,2026Q1,false
,FISCAL YEAR 2026 CHIEF ADMIN OFCR OF THE HOUSE,CARPET SERVICES,SUPPLIES AND MATERIALS,5565.18,5565.18,,,,,119,2026Q1,false
,FISCAL YEAR 2026 CHIEF ADMIN OFCR OF THE HOUSE,CARPET SERVICES,EQUIPMENT,3544.75,3544.75,,,,,119,2026Q1,false
,FISCAL YEAR 2026 CHIEF ADMIN OFCR OF THE HOUSE,DRAPERY & UPHOLSTERY SERVICES,SUPPLIES AND MATERIALS,63946.17,59103.85,,,,,119,2026Q1,false
,FISCAL YEAR 2026 CHIEF ADMIN OFCR OF THE HOUSE,DRAPERY & UPHOLSTERY SERVICES,EQUIPMENT,41300.68,32549.75,,,,,119,2026Q1,false
,FISCAL YEAR 2026 CHIEF ADMIN OFCR OF THE HOUSE,FINISH SCHEDULE,SUPPLIES AND MATERIALS,1514.1,1514.1,,,,,119,2026Q1,false
,FISCAL YEAR 2026 CHIEF ADMIN OFCR OF THE HOUSE,BENEFITS AND COMPENSATION,EQUIPMENT,539440.46,11595,,,,,119,2026Q1,false
,FISCAL YEAR 2026 CHIEF ADMIN OFCR OF THE HOUSE,ACCESS INFO SYST TECH SERVICES,EQUIPMENT,205457.73,205457.73,,,,,119,2026Q1,false
,FISCAL YEAR 2026 WHISTLEBLOWER OMBUDS,SALARIES OFFICERS & EMPLOYEES,PERSONNEL COMPENSATION,401233.77,203911.53,,,,,119,2026Q1,false
,FISCAL YEAR 2026 WHISTLEBLOWER OMBUDS,ADMIN AND OPS,TRAVEL,2688.9,2688.9,,,,,119,2026Q1,false
,FISCAL YEAR 2026 WHISTLEBLOWER OMBUDS,ADMIN AND OPS,RENT COMMUNICATION UTILITIES,5093.54,3002.59,,,,,119,2026Q1,false
,FISCAL YEAR 2026 WHISTLEBLOWER OMBUDS,ADMIN AND OPS,PRINTING AND REPRODUCTION,26778.57,21489.22,,,,,119,2026Q1,false
,FISCAL YEAR 2026 WHISTLEBLOWER OMBUDS,ADMIN AND OPS,OTHER SERVICES,16339.43,10354.43,,,,,119,2026Q1,false
,FISCAL YEAR 2026 WHISTLEBLOWER OMBUDS,ADMIN AND OPS,SUPPLIES AND MATERIALS,9019.68,5785.73,,,,,119,2026Q1,false
,FISCAL YEAR 2026 WHISTLEBLOWER OMBUDS,ADMIN AND OPS,EQUIPMENT,7629.88,7629.88,,,,,119,2026Q1,false
,FISCAL YEAR 2026 CLERK OF THE HOUSE,SALARIES OFFICERS & EMPLOYEES,PERSONNEL COMPENSATION,15043492.21,7563528.41,,,,,119,2026Q1,false
,FISCAL YEAR 2026 CLERK OF THE HOUSE,SALARIES OFFICERS & EMPLOYEES,TRAVEL,10925.81,10925.81,,,,,119,2026Q1,false
,FISCAL YEAR 2026 CLERK OF THE HOUSE,SALARIES OFFICERS & EMPLOYEES,RENT COMMUNICATION UTILITIES,89080.96,54003.5,,,,,119,2026Q1,false
,FISCAL YEAR 2026 CLERK OF THE HOUSE,SALARIES OFFICERS & EMPLOYEES,PRINTING AND REPRODUCTION,162.52,162.52,,,,,119,2026Q1,false
,FISCAL YEAR 2026 CLERK OF THE HOUSE,SALARIES OFFICERS & EMPLOYEES,OTHER SERVICES,19960.92,19960.92,,,,,119,2026Q1,false
,FISCAL YEAR 2026 CLERK OF THE HOUSE,SALARIES OFFICERS & EMPLOYEES,SUPPLIES AND MATERIALS,96653.45,35145.11,,,,,119,2026Q1,false
,FISCAL YEAR 2026 CLERK OF THE HOUSE,SALARIES OFFICERS & EMPLOYEES,EQUIPMENT,26956.17,25663.17,,,,,119,2026Q1,false
,FISCAL YEAR 2026 CLERK OF THE HOUSE,FAMILY ROOM,SUPPLIES AND MATERIALS,6745.54,6745.54,,,,,119,2026Q1,false
,FISCAL YEAR 2026 OFFICE OF GENERAL COUNSEL,SALARIES OFFICERS & EMPLOYEES,PERSONNEL COMPENSATION,811582.31,417665.65,,,,,119,2026Q1,false
,FISCAL YEAR 2026 OFFICE OF GENERAL COUNSEL,SALARIES OFFICERS & EMPLOYEES,TRAVEL,901.38,901.38,,,,,119,2026Q1,false
,FISCAL YEAR 2026 OFFICE OF GENERAL COUNSEL,SALARIES OFFICERS & EMPLOYEES,RENT COMMUNICATION UTILITIES,4368.35,2656.01,,,,,119,2026Q1,false
,FISCAL YEAR 2026 OFFICE OF GENERAL COUNSEL,SALARIES OFFICERS & EMPLOYEES,PRINTING AND REPRODUCTION,2172.49,2172.49,,,,,119,2026Q1,false
,FISCAL YEAR 2026 OFFICE OF GENERAL COUNSEL,SALARIES OFFICERS & EMPLOYEES,OTHER SERVICES,13529.62,7229.62,,,,,119,2026Q1,false
,FISCAL YEAR 2026 OFFICE OF GENERAL COUNSEL,SALARIES OFFICERS & EMPLOYEES,SUPPLIES AND MATERIALS,1228.18,469.28,,,,,119,2026Q1,false
,FISCAL YEAR 2026 OFFICE OF GENERAL COUNSEL,SALARIES OFFICERS & EMPLOYEES,EQUIPMENT,3897.46,3488.26,,,,,119,2026Q1,false
,FISCAL YEAR 2026 SERGEANT AT ARMS,PERSONNEL,PERSONNEL COMPENSATION,9056810.92,4552757.85,,,,,119,2026Q1,false
,FISCAL YEAR 2026 SERGEANT AT ARMS,NON - PERSONNEL,TRAVEL,1906.53,1906.53,,,,,119,2026Q1,false
,FISCAL YEAR 2026 SERGEANT AT ARMS,RECEPTIONS,SUPPLIES AND MATERIALS,743.32,743.32,,,,,119,2026Q1,false
,FISCAL YEAR 2026 OFFICE OF THE PARLIAMENTARIAN,SALARIES OFFICERS & EMPLOYEES,PERSONNEL COMPENSATION,787155.54,407499.99,,,,,119,2026Q1,false
,FISCAL YEAR 2026 OFFICE OF THE PARLIAMENTARIAN,SALARIES OFFICERS & EMPLOYEES,RENT COMMUNICATION UTILITIES,13226.43,8066.13,,,,,119,2026Q1,false
,FISCAL YEAR 2026 OFFICE OF THE PARLIAMENTARIAN,SALARIES OFFICERS & EMPLOYEES,SUPPLIES AND MATERIALS,2893.83,2871.93,,,,,119,2026Q1,false
,FISCAL YEAR 2026 OFFICE OF THE PARLIAMENTARIAN,SALARIES OFFICERS & EMPLOYEES,EQUIPMENT,2352,1176,,,,,119,2026Q1,false
,FISCAL YEAR 2026 COMPILATION OF PRECEDENTS,SALARIES OFFICERS & EMPLOYEES,PERSONNEL COMPENSATION,122958.35,53652.78,,,,,119,2026Q1,false
,FISCAL YEAR 2026 TECHNICAL ASSISTANTS,SALARIES OFFICERS & EMPLOYEES,PERSONNEL COMPENSATION,446000.04,223000.02,,,,,119,2026Q1,false
,FISCAL YEAR 2026 OFFICE OF INSPECTOR GENERAL,TRAINING PERSONNEL & DEVELOP,OTHER SERVICES,6985.94,6985.94,,,,,119,2026Q1,false
,FISCAL YEAR 2026 OFFICE OF INSPECTOR GENERAL,TRAINING PERSONNEL & DEVELOP,SUPPLIES AND MATERIALS,574.75,574.75,,,,,119,2026Q1,false
,FISCAL YEAR 2026 OFFICE OF INSPECTOR GENERAL,ADMIN AND OPS,PERSONNEL COMPENSATION,252962.83,134164.76,,,,,119,2026Q1,false
,FISCAL YEAR 2026 OFFICE OF INSPECTOR GENERAL,ADMIN AND OPS,RENT COMMUNICATION UTILITIES,16390.63,13384.65,,,,,119,2026Q1,false
,FISCAL YEAR 2026 OFFICE OF INSPECTOR GENERAL,ADMIN AND OPS,OTHER SERVICES,42187.86,23737.86,,,,,119,2026Q1,false
,FISCAL YEAR 2026 OFFICE OF INSPECTOR GENERAL,ADMIN AND OPS,SUPPLIES AND MATERIALS,2538.21,1346.11,,,,,119,2026Q1,false
,FISCAL YEAR 2026 OFFICE OF INSPECTOR GENERAL,ADMIN AND OPS,EQUIPMENT,2232,1116,,,,,119,2026Q1,false
,FISCAL YEAR 2026 OFFICE OF INSPECTOR GENERAL,AUDIT ADVISORY INVESTIGATION,PERSONNEL COMPENSATION,1754108.57,915563.79,,,,,119,2026Q1,false
,FISCAL YEAR 2026 OFFICE OF INSPECTOR GENERAL,AUDIT ADVISORY INVESTIGATION,OTHER SERVICES,158803.75,158803.75,,,,,119,2026Q1,false
,FISCAL YEAR 2026 OFFICE OF INSPECTOR GENERAL,AUDIT ADVISORY INVESTIGATION,SUPPLIES AND MATERIALS,26907,20304.5,,,,,119,2026Q1,false
,FISCAL YEAR 2026 LAW REVISION COUNSEL,ADMIN AND OPS,RENT COMMUNICATION UTILITIES,2546.05,1527.63,,,,,119,2026Q1,false
,FISCAL YEAR 2026 LAW REVISION COUNSEL,ADMIN AND OPS,OTHER SERVICES,4075,0,,,,,119,2026Q1,false
,FISCAL YEAR 2026 LAW REVISION COUNSEL,ADMIN AND OPS,SUPPLIES AND MATERIALS,11796.96,7737.96,,,,,119,2026Q1,false
,FISCAL YEAR 2026 LAW REVISION COUNSEL,ADMIN AND OPS,EQUIPMENT,36567.93,36567.93,,,,,119,2026Q1,false
,FISCAL YEAR 2026 LAW REVISION COUNSEL,USC CODIFICATION & MAINTENANCE,PERSONNEL COMPENSATION,1028794.98,528270,,,,,119,2026Q1,false
,FISCAL YEAR 2026 LEGISLATIVE COUNSEL,ADMIN AND OPS,RENT COMMUNICATION UTILITIES,37036.35,22599.27,,,,,119,2026Q1,false
,FISCAL YEAR 2026 LEGISLATIVE COUNSEL,ADMIN AND OPS,PRINTING AND REPRODUCTION,233.9,156,,,,,119,2026Q1,false
,FISCAL YEAR 2026 LEGISLATIVE COUNSEL,ADMIN AND OPS,OTHER SERVICES,476,476,,,,,119,2026Q1,false
,FISCAL YEAR 2026 LEGISLATIVE COUNSEL,ADMIN AND OPS,SUPPLIES AND MATERIALS,51581.31,50986.88,,,,,119,2026Q1,false
,FISCAL YEAR 2026 LEGISLATIVE COUNSEL,ADMIN AND OPS,EQUIPMENT,6083.52,3041.76,,,,,119,2026Q1,false
,FISCAL YEAR 2026 LEGISLATIVE COUNSEL,DRAFTING LEGISLATION,PERSONNEL COMPENSATION,8142877.85,4059293.43,,,,,119,2026Q1,false
,FISCAL YEAR 2026 INTERPARLIAMENTARY AFFAIRS,SALARIES OFFICERS & EMPLOYEES,PERSONNEL COMPENSATION,272508.3,141083.31,,,,,119,2026Q1,false
,FISCAL YEAR 2026 INTERPARLIAMENTARY AFFAIRS,SALARIES OFFICERS & EMPLOYEES,TRAVEL,240.22,187.32,,,,,119,2026Q1,false
,FISCAL YEAR 2026 INTERPARLIAMENTARY AFFAIRS,SALARIES OFFICERS & EMPLOYEES,RENT COMMUNICATION UTILITIES,12892.54,11285.25,,,,,119,2026Q1,false
,FISCAL YEAR 2026 INTERPARLIAMENTARY AFFAIRS,SALARIES OFFICERS & EMPLOYEES,PRINTING AND REPRODUCTION,321,321,,,,,119,2026Q1,false
,FISCAL YEAR 2026 INTERPARLIAMENTARY AFFAIRS,SALARIES OFFICERS & EMPLOYEES,OTHER SERVICES,40000,40000,,,,,119,2026Q1,false
,FISCAL YEAR 2026 INTERPARLIAMENTARY AFFAIRS,SALARIES OFFICERS & EMPLOYEES,SUPPLIES AND MATERIALS,58227.46,39959.46,,,,,119,2026Q1,false
,FISCAL YEAR 2026 ENTERPRISE APPLICATIONS,TECHNICAL MANAGEMENT,EQUIPMENT,24906.71,24906.71,,,,,119,2026Q1,false
,FISCAL YEAR 2026 CYBERSECURITY,NETWORK SERVICES,EQUIPMENT,293286.8,293286.8,,,,,119,2026Q1,false
,FISCAL YEAR 2026 HOUSE HUMAN CAPITAL IO,OFFICE OF TALENT & DEVELOPMENT,OTHER SERVICES,4485,4485,,,,,119,2026Q1,false
,FISCAL YEAR 2026 HOUSE RECORDING STUDIO,HRS FIELD HEARING,TRAVEL,4444.56,4444.56,,,,,119,2026Q1,false
,FISCAL YEAR 2026 HOUSE RECORDING STUDIO,HRS FIELD HEARING,TRANSPORTATION OF THINGS,780.23,780.23,,,,,119,2026Q1,false
,FISCAL YEAR 2026 HOUSE RECORDING STUDIO,HRS COMMITTEE BROADCAST OPS,OTHER SERVICES,172800,172800,,,,,119,2026Q1,false
,FISCAL YEAR 2026 CLERK OF THE HOUSE,SALARIES OFFICERS & EMPLOYEES,PERSONNEL COMPENSATION,32053.73,13648.05,,,,,119,2026Q1,false
,FISCAL YEAR 2026 CLERK OF THE HOUSE,SALARIES OFFICERS & EMPLOYEES,TRAVEL,49.06,49.06,,,,,119,2026Q1,false
,FISCAL YEAR 2026 CLERK OF THE HOUSE,SALARIES OFFICERS & EMPLOYEES,RENT COMMUNICATION UTILITIES,16,6,,,,,119,2026Q1,false
,FISCAL YEAR 2026 CLERK OF THE HOUSE,SALARIES OFFICERS & EMPLOYEES,PRINTING AND REPRODUCTION,90.2,54.2,,,,,119,2026Q1,false
,FISCAL YEAR 2026 CLERK OF THE HOUSE,SALARIES OFFICERS & EMPLOYEES,OTHER SERVICES,900214.85,534968.52,,,,,119,2026Q1,false
,FISCAL YEAR 2026 CLERK OF THE HOUSE,SALARIES OFFICERS & EMPLOYEES,SUPPLIES AND MATERIALS,28550.2,2298.56,,,,,119,2026Q1,false
,FISCAL YEAR 2026 CLERK OF THE HOUSE,SALARIES OFFICERS & EMPLOYEES,EQUIPMENT,313344.6,256690.12,,,,,119,2026Q1,false
,FISCAL YEAR 2026 CLERK OF THE HOUSE,LIMS,OTHER SERVICES,307792.69,29024.85,,,,,119,2026Q1,false
,FISCAL YEAR 2026 CLERK OF THE HOUSE,ELECTRONIC VOTING SYSTEM,RENT COMMUNICATION UTILITIES,21167.1,0,,,,,119,2026Q1,false
,FISCAL YEAR 2026 CLERK OF THE HOUSE,ELECTRONIC VOTING SYSTEM,SUPPLIES AND MATERIALS,592.14,592.14,,,,,119,2026Q1,false
,FISCAL YEAR 2026 CLERK OF THE HOUSE,ELECTRONIC VOTING SYSTEM,EQUIPMENT,233913,104481.14,,,,,119,2026Q1,false
,FISCAL YEAR 2026 CLERK OF THE HOUSE,HOUSE MODERNIZATION INITIATIVE,OTHER SERVICES,979248.97,398172.23,,,,,119,2026Q1,false
,FISCAL YEAR 2026 CLERK OF THE HOUSE,EXERCISES ACTIVITY,TRAVEL,1324.83,662.91,,,,,119,2026Q1,false
,FISCAL YEAR 2026 CLERK OF THE HOUSE,EXERCISES ACTIVITY,OTHER SERVICES,6664,6664,,,,,119,2026Q1,false
,FISCAL YEAR 2026 CLERK OF THE HOUSE,EXERCISES ACTIVITY,SUPPLIES AND MATERIALS,3772.37,3772.37,,,,,119,2026Q1,false
,FISCAL YEAR 2026 CLERK OF THE HOUSE,EXERCISES ACTIVITY,EQUIPMENT,47780.59,47780.59,,,,,119,2026Q1,false
,FISCAL YEAR 2026 ACQUISITIONS,MAIL AND PACKAGE DELIVERY,RENT COMMUNICATION UTILITIES,66092.73,46123.57,,,,,119,2026Q1,false
,FISCAL YEAR 2026 ACQUISITIONS,MAIL AND PACKAGE DELIVERY,OTHER SERVICES,360685.92,360288.04,,,,,119,2026Q1,false
,FISCAL YEAR 2026 ACQUISITIONS,MAIL AND PACKAGE DELIVERY,EQUIPMENT,271421.63,135047.97,,,,,119,2026Q1,false
,FISCAL YEAR 2026 ACQUISITIONS,DIGITAL MAIL,OTHER SERVICES,313823.87,313823.87,,,,,119,2026Q1,false
,FISCAL YEAR 2026 SERGEANT AT ARMS,NON - PERSONNEL,TRAVEL,10752.14,0,,,,,119,2026Q1,false
,FISCAL YEAR 2026 SERGEANT AT ARMS,NON - PERSONNEL,RENT COMMUNICATION UTILITIES,1.34,1.34,,,,,119,2026Q1,false
,FISCAL YEAR 2026 SERGEANT AT ARMS,NON - PERSONNEL,OTHER SERVICES,456478.72,251810,,,,,119,2026Q1,false
,FISCAL YEAR 2026 SERGEANT AT ARMS,NON - PERSONNEL,SUPPLIES AND MATERIALS,4260.34,268.34,,,,,119,2026Q1,false
,FISCAL YEAR 2026 SERGEANT AT ARMS,NON - PERSONNEL,EQUIPMENT,58791.69,44911.69,,,,,119,2026Q1,false
,FISCAL YEAR 2026 SERGEANT AT ARMS,OVERSEAS TRVL CAP POLICE REIMB,TRAVEL,30262.02,30262.02,,,,,119,2026Q1,false
,FISCAL YEAR 2026 SERGEANT AT ARMS,OVERSEAS TRVL CAP POLICE REIMB,OTHER SERVICES,9268.1,9268.1,,,,,119,2026Q1,false
,FISCAL YEAR 2026 SERGEANT AT ARMS,MEMB DSTOFF SECUR ASSMNT,RENT COMMUNICATION UTILITIES,205,0,,,,,119,2026Q1,false
,FISCAL YEAR 2026 SERGEANT AT ARMS,MEMB DSTOFF SECUR ASSMNT,OTHER SERVICES,5590.95,700.84,,,,,119,2026Q1,false
,FISCAL YEAR 2026 SERGEANT AT ARMS,MEMB DSTOFF SECUR ASSMNT OTH,OTHER SERVICES,1053.54,0,,,,,119,2026Q1,false
,FISCAL YEAR 2026 SERGEANT AT ARMS,RESIDENTIAL SECURITY CYBER,OTHER SERVICES,608.63,135.98,,,,,119,2026Q1,false
,FISCAL YEAR 2026 SERGEANT AT ARMS,RESIDENTIAL SECURITY PROGRAM,OTHER SERVICES,458844.99,48762.85,,,,,119,2026Q1,false
,FISCAL YEAR 2026 SERGEANT AT ARMS,JOINT AUDIBLE WARNING SYSTEM,EQUIPMENT,306049.17,306049.17,,,,,119,2026Q1,false
,FISCAL YEAR 2026 SERGEANT AT ARMS,NON - PERSONNEL,TRAVEL,121315.58,89168.21,,,,,119,2026Q1,false
,FISCAL YEAR 2026 SERGEANT AT ARMS,NON - PERSONNEL,RENT COMMUNICATION UTILITIES,94321.33,57686.44,,,,,119,2026Q1,false
,FISCAL YEAR 2026 SERGEANT AT ARMS,NON - PERSONNEL,PRINTING AND REPRODUCTION,2473,2303.5,,,,,119,2026Q1,false
,FISCAL YEAR 2026 SERGEANT AT ARMS,NON - PERSONNEL,OTHER SERVICES,137894.01,81741.27,,,,,119,2026Q1,false
,FISCAL YEAR 2026 SERGEANT AT ARMS,NON - PERSONNEL,SUPPLIES AND MATERIALS,94434.26,78814.28,,,,,119,2026Q1,false
,FISCAL YEAR 2026 SERGEANT AT ARMS,NON - PERSONNEL,EQUIPMENT,426736.09,421369.09,,,,,119,2026Q1,false
,FISCAL YEAR 2026 SERGEANT AT ARMS,MEMB DSTOFF SECUR ASSMNT,RENT COMMUNICATION UTILITIES,826.16,615,,,,,119,2026Q1,false
,FISCAL YEAR 2026 SERGEANT AT ARMS,MEMB DSTOFF SECUR ASSMNT,OTHER SERVICES,252053.21,247764.07,,,,,119,2026Q1,false
,FISCAL YEAR 2026 SERGEANT AT ARMS,RESIDENTIAL SECURITY CYBER,OTHER SERVICES,218273.35,11231.89,,,,,119,2026Q1,false
,FISCAL YEAR 2026 SERGEANT AT ARMS,SEC. AWARENESS BRIEFING- TRVL,TRAVEL,24292.42,10004.66,,,,,119,2026Q1,false
,FISCAL YEAR 2026 SERGEANT AT ARMS,DIST. SEC. SRVC. CENTER- TRVL,TRAVEL,6767.2,6767.2,,,,,119,2026Q1,false
,FISCAL YEAR 2026 SERGEANT AT ARMS,RESIDENTIAL SECURITY PROGRAM,OTHER SERVICES,5110525.1,4400333,,,,,119,2026Q1,false
,FISCAL YEAR 2026 SERGEANT AT ARMS,RESIDENTIAL SECURITY PROGRAM,SUPPLIES AND MATERIALS,120,0,,,,,119,2026Q1,false
,FISCAL YEAR 2026 CAO MEMBER EQUIPMENT PROGRAM,CAO TV PROGRAM,EQUIPMENT,1286,1286,,,,,119,2026Q1,false
,FISCAL YEAR 2026 FURNITURE LIFECYCLE MANAGEMENT,CONGRESSIONAL TRANSITION,EQUIPMENT,9360,9360,,,,,119,2026Q1,false
,FISCAL YEAR 2026 NEW MEMBER ORIENTATION,NEW MEMBERS ORIENTATION,TRAVEL,26590.47,0,,,,,119,2026Q1,false
,FISCAL YEAR 2026 HOUSE RECORDING STUDIO,CANNON RENEWAL,SUPPLIES AND MATERIALS,96.65,96.65,,,,,119,2026Q1,false
,FISCAL YEAR 2026 HOUSE RECORDING STUDIO,CANNON RENEWAL,EQUIPMENT,41493.71,41493.71,,,,,119,2026Q1,false
,FISCAL YEAR 2026 LIFE CYCLE REPLACEMENT,TECHNOLOGY SERVICES,OTHER SERVICES,32000,32000,,,,,119,2026Q1,false
,FISCAL YEAR 2026 LIFE CYCLE REPLACEMENT,PROJECT MANAGEMENT,SUPPLIES AND MATERIALS,0,-5422.65,,,,,119,2026Q1,false
,FISCAL YEAR 2026 CHIEF ADMIN OFCR OF THE HOUSE,GREEN CAP EXPENSES,TRAVEL,975.89,975.89,,,,,119,2026Q1,false
,FISCAL YEAR 2026 COMMITTEE RENOVATION PROJECT,ADMIN (COMM ROOM),SUPPLIES AND MATERIALS,470,470,,,,,119,2026Q1,false
,FISCAL YEAR 2026 COMMITTEE RENOVATION PROJECT,ADMIN (COMM ROOM),EQUIPMENT,100584.31,100584.31,,,,,119,2026Q1,false
,2026 HON. 11TH DISTRICT OF NEW JERSEY,OFFICIAL EXPENSES OF MEMBERS,FRANKED MAIL,-46.5,-46.5,,,,,119,2026Q1,true
,2026 HON. 11TH DISTRICT OF NEW JERSEY,OFFICIAL EXPENSES OF MEMBERS,PERSONNEL COMPENSATION,210901.66,210901.66,,,,,119,2026Q1,true
,2026 HON. 11TH DISTRICT OF NEW JERSEY,OFFICIAL EXPENSES OF MEMBERS,TRAVEL,80.07,80.07,,,,,119,2026Q1,true
,2026 HON. 11TH DISTRICT OF NEW JERSEY,OFFICIAL EXPENSES OF MEMBERS,RENT COMMUNICATION UTILITIES,17603.53,17603.53,,,,,119,2026Q1,true
,2026 HON. 11TH DISTRICT OF NEW JERSEY,OFFICIAL EXPENSES OF MEMBERS,PRINTING AND REPRODUCTION,13.96,13.96,,,,,119,2026Q1,true
,2026 HON. 11TH DISTRICT OF NEW JERSEY,OFFICIAL EXPENSES OF MEMBERS,OTHER SERVICES,5781.62,5781.62,,,,,119,2026Q1,true
,2026 HON. 11TH DISTRICT OF NEW JERSEY,OFFICIAL EXPENSES OF MEMBERS,SUPPLIES AND MATERIALS,1049.33,1049.33,,,,,119,2026Q1,true
,2026 HON. 11TH DISTRICT OF NEW JERSEY,OFFICIAL EXPENSES OF MEMBERS,EQUIPMENT,297,297,,,,,119,2026Q1,true
,2026 HON. 18TH DISTRICT OF TEXAS,OFFICIAL EXPENSES OF MEMBERS,PERSONNEL COMPENSATION,46780.81,46780.81,,,,,119,2026Q1,true
,2026 HON. 18TH DISTRICT OF TEXAS,OFFICIAL EXPENSES OF MEMBERS,TRAVEL,160.56,160.56,,,,,119,2026Q1,true
,2026 HON. 18TH DISTRICT OF TEXAS,OFFICIAL EXPENSES OF MEMBERS,RENT COMMUNICATION UTILITIES,3809.04,3809.04,,,,,119,2026Q1,true
,2026 HON. 18TH DISTRICT OF TEXAS,OFFICIAL EXPENSES OF MEMBERS,OTHER SERVICES,4080,4080,,,,,119,2026Q1,true
,2026 HON. 18TH DISTRICT OF TEXAS,OFFICIAL EXPENSES OF MEMBERS,EQUIPMENT,548.75,548.75,,,,,119,2026Q1,true
A000370,2026 HON. ALMA S. ADAMS,OFFICIAL EXPENSES OF MEMBERS,FRANKED MAIL,51.34,51.34,Alma S. Adams,D,NC,12,119,2026Q1,true
A000370,2026 HON. ALMA S. ADAMS,OFFICIAL EXPENSES OF MEMBERS,PERSONNEL COMPENSATION,318330.59,318330.59,Alma S. Adams,D,NC,12,119,2026Q1,true
A000370,2026 HON. ALMA S. ADAMS,OFFICIAL EXPENSES OF MEMBERS,TRAVEL,24403.59,24403.59,Alma S. Adams,D,NC,12,119,2026Q1,true
A000370,2026 HON. ALMA S. ADAMS,OFFICIAL EXPENSES OF MEMBERS,RENT COMMUNICATION UTILITIES,33419.89,33419.89,Alma S. Adams,D,NC,12,119,2026Q1,true
A000370,2026 HON. ALMA S. ADAMS,OFFICIAL EXPENSES OF MEMBERS,PRINTING AND REPRODUCTION,369.87,369.87,Alma S. Adams,D,NC,12,119,2026Q1,true
A000370,2026 HON. ALMA S. ADAMS,OFFICIAL EXPENSES OF MEMBERS,OTHER SERVICES,6521,6521,Alma S. Adams,D,NC,12,119,2026Q1,true
A000370,2026 HON. ALMA S. ADAMS,OFFICIAL EXPENSES OF MEMBERS,SUPPLIES AND MATERIALS,1520.31,1520.31,Alma S. Adams,D,NC,12,119,2026Q1,true
A000370,2026 HON. ALMA S. ADAMS,OFFICIAL EXPENSES OF MEMBERS,EQUIPMENT,591,591,Alma S. Adams,D,NC,12,119,2026Q1,true
A000370,2026 HON. ALMA S. ADAMS,INTERN ALLOWANCES,PERSONNEL COMPENSATION,5373.34,5373.34,Alma S. Adams,D,NC,12,119,2026Q1,true
A000055,2026 HON. ROBERT B. ADERHOLT,OFFICIAL EXPENSES OF MEMBERS,FRANKED MAIL,1098.6,1098.6,Robert B. Aderholt,R,AL,4,119,2026Q1,true
A000055,2026 HON. ROBERT B. ADERHOLT,OFFICIAL EXPENSES OF MEMBERS,PERSONNEL COMPENSATION,329151.16,329151.16,Robert B. Aderholt,R,AL,4,119,2026Q1,true
A000055,2026 HON. ROBERT B. ADERHOLT,OFFICIAL EXPENSES OF MEMBERS,TRAVEL,42748.29,42748.29,Robert B. Aderholt,R,AL,4,119,2026Q1,true
A000055,2026 HON. ROBERT B. ADERHOLT,OFFICIAL EXPENSES OF MEMBERS,RENT COMMUNICATION UTILITIES,6890.58,6890.58,Robert B. Aderholt,R,AL,4,119,2026Q1,true
A000055,2026 HON. ROBERT B. ADERHOLT,OFFICIAL EXPENSES OF MEMBERS,PRINTING AND REPRODUCTION,12906.68,12906.68,Robert B. Aderholt,R,AL,4,119,2026Q1,true
A000055,2026 HON. ROBERT B. ADERHOLT,OFFICIAL EXPENSES OF MEMBERS,OTHER SERVICES,3774.46,3774.46,Robert B. Aderholt,R,AL,4,119,2026Q1,true
A000055,2026 HON. ROBERT B. ADERHOLT,OFFICIAL EXPENSES OF MEMBERS,SUPPLIES AND MATERIALS,12785.16,12785.16,Robert B. Aderholt,R,AL,4,119,2026Q1,true
A000055,2026 HON. ROBERT B. ADERHOLT,OFFICIAL EXPENSES OF MEMBERS,EQUIPMENT,1518,1518,Robert B. Aderholt,R,AL,4,119,2026Q1,true
A000371,2026 HON. PETE AGUILAR,OFFICIAL EXPENSES OF MEMBERS,FRANKED MAIL,122.24,122.24,Pete Aguilar,D,CA,31,119,2026Q1,true
A000371,2026 HON. PETE AGUILAR,OFFICIAL EXPENSES OF MEMBERS,PERSONNEL COMPENSATION,342276.08,342276.08,Pete Aguilar,D,CA,31,119,2026Q1,true
A000371,2026 HON. PETE AGUILAR,OFFICIAL EXPENSES OF MEMBERS,TRAVEL,13097.79,13097.79,Pete Aguilar,D,CA,31,119,2026Q1,true
A000371,2026 HON. PETE AGUILAR,OFFICIAL EXPENSES OF MEMBERS,RENT COMMUNICATION UTILITIES,3884.48,3884.48,Pete Aguilar,D,CA,31,119,2026Q1,true
A000371,2026 HON. PETE AGUILAR,OFFICIAL EXPENSES OF MEMBERS,PRINTING AND REPRODUCTION,652.51,652.51,Pete Aguilar,D,CA,31,119,2026Q1,true
A000371,2026 HON. PETE AGUILAR,OFFICIAL EXPENSES OF MEMBERS,OTHER SERVICES,4209.15,4209.15,Pete Aguilar,D,CA,31,119,2026Q1,true
A000371,2026 HON. PETE AGUILAR,OFFICIAL EXPENSES OF MEMBERS,SUPPLIES AND MATERIALS,1744.43,1744.43,Pete Aguilar,D,CA,31,119,2026Q1,true
A000371,2026 HON. PETE AGUILAR,OFFICIAL EXPENSES OF MEMBERS,EQUIPMENT,1140,1140,Pete Aguilar,D,CA,31,119,2026Q1,true
A000371,2026 HON. PETE AGUILAR,INTERN ALLOWANCES,PERSONNEL COMPENSATION,7073.28,7073.28,Pete Aguilar,D,CA,31,119,2026Q1,true
A000379,2026 HON. MARK ALFORD,OFFICIAL EXPENSES OF MEMBERS,FRANKED MAIL,-66.65,-66.65,Mark Alford,R,MO,4,119,2026Q1,true
A000379,2026 HON. MARK ALFORD,OFFICIAL EXPENSES OF MEMBERS,PERSONNEL COMPENSATION,312400,312400,Mark Alford,R,MO,4,119,2026Q1,true
A000379,2026 HON. MARK ALFORD,OFFICIAL EXPENSES OF MEMBERS,TRAVEL,18812.47,18812.47,Mark Alford,R,MO,4,119,2026Q1,true
A000379,2026 HON. MARK ALFORD,OFFICIAL EXPENSES OF MEMBERS,RENT COMMUNICATION UTILITIES,9239.93,9239.93,Mark Alford,R,MO,4,119,2026Q1,true
A000379,2026 HON. MARK ALFORD,OFFICIAL EXPENSES OF MEMBERS,PRINTING AND REPRODUCTION,2184.5,2184.5,Mark Alford,R,MO,4,119,2026Q1,true
A000379,2026 HON. MARK ALFORD,OFFICIAL EXPENSES OF MEMBERS,OTHER SERVICES,13524.93,13524.93,Mark Alford,R,MO,4,119,2026Q1,true
A000379,2026 HON. MARK ALFORD,OFFICIAL EXPENSES OF MEMBERS,SUPPLIES AND MATERIALS,4627.37,4627.37,Mark Alford,R,MO,4,119,2026Q1,true
A000379,2026 HON. MARK ALFORD,OFFICIAL EXPENSES OF MEMBERS,EQUIPMENT,565,565,Mark Alford,R,MO,4,119,2026Q1,true
A000379,2026 HON. MARK ALFORD,INTERN ALLOWANCES,PERSONNEL COMPENSATION,9140,9140,Mark Alford,R,MO,4,119,2026Q1,true
A000372,2026 HON. RICK W. ALLEN,OFFICIAL EXPENSES OF MEMBERS,FRANKED MAIL,13243.51,13243.51,Rick W. Allen,R,GA,12,119,2026Q1,true
A000372,2026 HON. RICK W. ALLEN,OFFICIAL EXPENSES OF MEMBERS,PERSONNEL COMPENSATION,335930.32,335930.32,Rick W. Allen,R,GA,12,119,2026Q1,true
A000372,2026 HON. RICK W. ALLEN,OFFICIAL EXPENSES OF MEMBERS,TRAVEL,11171.68,11171.68,Rick W. Allen,R,GA,12,119,2026Q1,true
A000372,2026 HON. RICK W. ALLEN,OFFICIAL EXPENSES OF MEMBERS,TRANSPORTATION OF THINGS,7.9,7.9,Rick W. Allen,R,GA,12,119,2026Q1,true
A000372,2026 HON. RICK W. ALLEN,OFFICIAL EXPENSES OF MEMBERS,RENT COMMUNICATION UTILITIES,10836.84,10836.84,Rick W. Allen,R,GA,12,119,2026Q1,true
A000372,2026 HON. RICK W. ALLEN,OFFICIAL EXPENSES OF MEMBERS,PRINTING AND REPRODUCTION,25651.5,25651.5,Rick W. Allen,R,GA,12,119,2026Q1,true
A000372,2026 HON. RICK W. ALLEN,OFFICIAL EXPENSES OF MEMBERS,OTHER SERVICES,318.15,318.15,Rick W. Allen,R,GA,12,119,2026Q1,true
A000372,2026 HON. RICK W. ALLEN,OFFICIAL EXPENSES OF MEMBERS,SUPPLIES AND MATERIALS,1595.09,1595.09,Rick W. Allen,R,GA,12,119,2026Q1,true
A000372,2026 HON. RICK W. ALLEN,OFFICIAL EXPENSES OF MEMBERS,EQUIPMENT,1238.79,1238.79,Rick W. Allen,R,GA,12,119,2026Q1,true
A000372,2026 HON. RICK W. ALLEN,INTERN ALLOWANCES,PERSONNEL COMPENSATION,9216.66,9216.66,Rick W. Allen,R,GA,12,119,2026Q1,true
A000380,2026 HON. GABE AMO,OFFICIAL EXPENSES OF MEMBERS,FRANKED MAIL,9.73,9.73,Gabe Amo,D,RI,1,119,2026Q1,true
A000380,2026 HON. GABE AMO,OFFICIAL EXPENSES OF MEMBERS,PERSONNEL COMPENSATION,281936.13,281936.13,Gabe Amo,D,RI,1,119,2026Q1,true
A000380,2026 HON. GABE AMO,OFFICIAL EXPENSES OF MEMBERS,TRAVEL,7898.11,7898.11,Gabe Amo,D,RI,1,119,2026Q1,true
A000380,2026 HON. GABE AMO,OFFICIAL EXPENSES OF MEMBERS,RENT COMMUNICATION UTILITIES,24096.23,24096.23,Gabe Amo,D,RI,1,119,2026Q1,true
A000380,2026 HON. GABE AMO,OFFICIAL EXPENSES OF MEMBERS,PRINTING AND REPRODUCTION,97.2,97.2,Gabe Amo,D,RI,1,119,2026Q1,true
A000380,2026 HON. GABE AMO,OFFICIAL EXPENSES OF MEMBERS,SUPPLIES AND MATERIALS,372.65,372.65,Gabe Amo,D,RI,1,119,2026Q1,true
A000380,2026 HON. GABE AMO,OFFICIAL EXPENSES OF MEMBERS,EQUIPMENT,1104.99,1104.99,Gabe Amo,D,RI,1,119,2026Q1,true
A000380,2026 HON. GABE AMO,INTERN ALLOWANCES,PERSONNEL COMPENSATION,12250,12250,Gabe Amo,D,RI,1,119,2026Q1,true
A000369,2026 HON. MARK E. AMODEI,OFFICIAL EXPENSES OF MEMBERS,FRANKED MAIL,-137.62,-137.62,Mark E. Amodei,R,NV,2,119,2026Q1,true
A000369,2026 HON. MARK E. AMODEI,OFFICIAL EXPENSES OF MEMBERS,PERSONNEL COMPENSATION,317159.41,317159.41,Mark E. Amodei,R,NV,2,119,2026Q1,true
A000369,2026 HON. MARK E. AMODEI,OFFICIAL EXPENSES OF MEMBERS,TRAVEL,24374.26,24374.26,Mark E. Amodei,R,NV,2,119,2026Q1,true
A000369,2026 HON. MARK E. AMODEI,OFFICIAL EXPENSES OF MEMBERS,RENT COMMUNICATION UTILITIES,2963.53,2963.53,Mark E. Amodei,R,NV,2,119,2026Q1,true
A000369,2026 HON. MARK E. AMODEI,OFFICIAL EXPENSES OF MEMBERS,PRINTING AND REPRODUCTION,173.5,173.5,Mark E. Amodei,R,NV,2,119,2026Q1,true
A000369,2026 HON. MARK E. AMODEI,OFFICIAL EXPENSES OF MEMBERS,OTHER SERVICES,20,20,Mark E. Amodei,R,NV,2,119,2026Q1,true
A000369,2026 HON. MARK E. AMODEI,OFFICIAL EXPENSES OF MEMBERS,SUPPLIES AND MATERIALS,2388.44,2388.44,Mark E. Amodei,R,NV,2,119,2026Q1,true
A000369,2026 HON. MARK E. AMODEI,OFFICIAL EXPENSES OF MEMBERS,EQUIPMENT,216,216,Mark E. Amodei,R,NV,2,119,2026Q1,true
A000369,2026 HON. MARK E. AMODEI,INTERN ALLOWANCES,PERSONNEL COMPENSATION,8100,8100,Mark E. Amodei,R,NV,2,119,2026Q1,true
A000381,2026 HON. YASSAMIN ANSARI,OFFICIAL EXPENSES OF MEMBERS,FRANKED MAIL,55.92,55.92,Yassamin Ansari,D,AZ,3,119,2026Q1,true
A000381,2026 HON. YASSAMIN ANSARI,OFFICIAL EXPENSES OF MEMBERS,PERSONNEL COMPENSATION,345763.94,345763.94,Yassamin Ansari,D,AZ,3,119,2026Q1,true
A000381,2026 HON. YASSAMIN ANSARI,OFFICIAL EXPENSES OF MEMBERS,TRAVEL,10372.86,10372.86,Yassamin Ansari,D,AZ,3,119,2026Q1,true
A000381,2026 HON. YASSAMIN ANSARI,OFFICIAL EXPENSES OF MEMBERS,RENT COMMUNICATION UTILITIES,37133.46,37133.46,Yassamin Ansari,D,AZ,3,119,2026Q1,true
A000381,2026 HON. YASSAMIN ANSARI,OFFICIAL EXPENSES OF MEMBERS,PRINTING AND REPRODUCTION,285.47,285.47,Yassamin Ansari,D,AZ,3,119,2026Q1,true
A000381,2026 HON. YASSAMIN ANSARI,OFFICIAL EXPENSES OF MEMBERS,OTHER SERVICES,10145.86,10145.86,Yassamin Ansari,D,AZ,3,119,2026Q1,true
A000381,2026 HON. YASSAMIN ANSARI,OFFICIAL EXPENSES OF MEMBERS,SUPPLIES AND MATERIALS,8181.95,8181.95,Yassamin Ansari,D,AZ,3,119,2026Q1,true
A000381,2026 HON. YASSAMIN ANSARI,OFFICIAL EXPENSES OF MEMBERS,EQUIPMENT,1002,1002,Yassamin Ansari,D,AZ,3,119,2026Q1,true
A000381,2026 HON. YASSAMIN ANSARI,INTERN ALLOWANCES,PERSONNEL COMPENSATION,17080,17080,Yassamin Ansari,D,AZ,3,119,2026Q1,true
A000375,2026 HON. JODEY C. ARRINGTON,OFFICIAL EXPENSES OF MEMBERS,FRANKED MAIL,-34.47,-34.47,Jodey C. Arrington,R,TX,19,119,2026Q1,true
A000375,2026 HON. JODEY C. ARRINGTON,OFFICIAL EXPENSES OF MEMBERS,PERSONNEL COMPENSATION,259424.71,259424.71,Jodey C. Arrington,R,TX,19,119,2026Q1,true
A000375,2026 HON. JODEY C. ARRINGTON,OFFICIAL EXPENSES OF MEMBERS,TRAVEL,16750.93,16750.93,Jodey C. Arrington,R,TX,19,119,2026Q1,true
A000375,2026 HON. JODEY C. ARRINGTON,OFFICIAL EXPENSES OF MEMBERS,RENT COMMUNICATION UTILITIES,3037.37,3037.37,Jodey C. Arrington,R,TX,19,119,2026Q1,true
A000375,2026 HON. JODEY C. ARRINGTON,OFFICIAL EXPENSES OF MEMBERS,PRINTING AND REPRODUCTION,865.5,865.5,Jodey C. Arrington,R,TX,19,119,2026Q1,true
A000375,2026 HON. JODEY C. ARRINGTON,OFFICIAL EXPENSES OF MEMBERS,OTHER SERVICES,1493.81,1493.81,Jodey C. Arrington,R,TX,19,119,2026Q1,true
A000375,2026 HON. JODEY C. ARRINGTON,OFFICIAL EXPENSES OF MEMBERS,SUPPLIES AND MATERIALS,5556.43,5556.43,Jodey C. Arrington,R,TX,19,119,2026Q1,true
A000375,2026 HON. JODEY C. ARRINGTON,OFFICIAL EXPENSES OF MEMBERS,EQUIPMENT,1053.24,1053.24,Jodey C. Arrington,R,TX,19,119,2026Q1,true
A000375,2026 HON. JODEY C. ARRINGTON,INTERN ALLOWANCES,PERSONNEL COMPENSATION,11420.82,11420.82,Jodey C. Arrington,R,TX,19,119,2026Q1,true
A000148,2026 HON. JAKE AUCHINCLOSS,OFFICIAL EXPENSES OF MEMBERS,FRANKED MAIL,109.57,109.57,Jake Auchincloss,D,MA,4,119,2026Q1,true
A000148,2026 HON. JAKE AUCHINCLOSS,OFFICIAL EXPENSES OF MEMBERS,PERSONNEL COMPENSATION,289936.89,289936.89,Jake Auchincloss,D,MA,4,119,2026Q1,true
A000148,2026 HON. JAKE AUCHINCLOSS,OFFICIAL EXPENSES OF MEMBERS,TRAVEL,4774.55,4774.55,Jake Auchincloss,D,MA,4,119,2026Q1,true
A000148,2026 HON. JAKE AUCHINCLOSS,OFFICIAL EXPENSES OF MEMBERS,RENT COMMUNICATION UTILITIES,34096.26,34096.26,Jake Auchincloss,D,MA,4,119,2026Q1,true
A000148,2026 HON. JAKE AUCHINCLOSS,OFFICIAL EXPENSES OF MEMBERS,PRINTING AND REPRODUCTION,851.5,851.5,Jake Auchincloss,D,MA,4,119,2026Q1,true
A000148,2026 HON. JAKE AUCHINCLOSS,OFFICIAL EXPENSES OF MEMBERS,OTHER SERVICES,17086.37,17086.37,Jake Auchincloss,D,MA,4,119,2026Q1,true
A000148,2026 HON. JAKE AUCHINCLOSS,OFFICIAL EXPENSES OF MEMBERS,SUPPLIES AND MATERIALS,3931.47,3931.47,Jake Auchincloss,D,MA,4,119,2026Q1,true
A000148,2026 HON. JAKE AUCHINCLOSS,OFFICIAL EXPENSES OF MEMBERS,EQUIPMENT,420,420,Jake Auchincloss,D,MA,4,119,2026Q1,true
A000148,2026 HON. JAKE AUCHINCLOSS,INTERN ALLOWANCES,PERSONNEL COMPENSATION,7610.65,7610.65,Jake Auchincloss,D,MA,4,119,2026Q1,true
B001291,2026 HON. BRIAN BABIN,OFFICIAL EXPENSES OF MEMBERS,FRANKED MAIL,30.09,30.09,Brian Babin,R,TX,36,119,2026Q1,true
B001291,2026 HON. BRIAN BABIN,OFFICIAL EXPENSES OF MEMBERS,PERSONNEL COMPENSATION,282312.21,282312.21,Brian Babin,R,TX,36,119,2026Q1,true
B001291,2026 HON. BRIAN BABIN,OFFICIAL EXPENSES OF MEMBERS,TRAVEL,12933.28,12933.28,Brian Babin,R,TX,36,119,2026Q1,true
B001291,2026 HON. BRIAN BABIN,OFFICIAL EXPENSES OF MEMBERS,RENT COMMUNICATION UTILITIES,4545.42,4545.42,Brian Babin,R,TX,36,119,2026Q1,true
B001291,2026 HON. BRIAN BABIN,OFFICIAL EXPENSES OF MEMBERS,PRINTING AND REPRODUCTION,473.5,473.5,Brian Babin,R,TX,36,119,2026Q1,true
B001291,2026 HON. BRIAN BABIN,OFFICIAL EXPENSES OF MEMBERS,OTHER SERVICES,712.19,712.19,Brian Babin,R,TX,36,119,2026Q1,true
B001291,2026 HON. BRIAN BABIN,OFFICIAL EXPENSES OF MEMBERS,SUPPLIES AND MATERIALS,22678.85,22678.85,Brian Babin,R,TX,36,119,2026Q1,true
B001291,2026 HON. BRIAN BABIN,OFFICIAL EXPENSES OF MEMBERS,EQUIPMENT,5439.99,5439.99,Brian Babin,R,TX,36,119,2026Q1,true
B001291,2026 HON. BRIAN BABIN,INTERN ALLOWANCES,PERSONNEL COMPENSATION,4333.33,4333.33,Brian Babin,R,TX,36,119,2026Q1,true
B001298,2026 HON. DON BACON,OFFICIAL EXPENSES OF MEMBERS,FRANKED MAIL,-93.76,-93.76,Don Bacon,R,NE,2,119,2026Q1,true
B001298,2026 HON. DON BACON,OFFICIAL EXPENSES OF MEMBERS,PERSONNEL COMPENSATION,347856.71,347856.71,Don Bacon,R,NE,2,119,2026Q1,true
B001298,2026 HON. DON BACON,OFFICIAL EXPENSES OF MEMBERS,TRAVEL,11473.8,11473.8,Don Bacon,R,NE,2,119,2026Q1,true
B001298,2026 HON. DON BACON,OFFICIAL EXPENSES OF MEMBERS,RENT COMMUNICATION UTILITIES,13670.18,13670.18,Don Bacon,R,NE,2,119,2026Q1,true
B001298,2026 HON. DON BACON,OFFICIAL EXPENSES OF MEMBERS,PRINTING AND REPRODUCTION,353.3,353.3,Don Bacon,R,NE,2,119,2026Q1,true
B001298,2026 HON. DON BACON,OFFICIAL EXPENSES OF MEMBERS,OTHER SERVICES,5783.38,5783.38,Don Bacon,R,NE,2,119,2026Q1,true
B001298,2026 HON. DON BACON,OFFICIAL EXPENSES OF MEMBERS,SUPPLIES AND MATERIALS,24097.94,24097.94,Don Bacon,R,NE,2,119,2026Q1,true
B001298,2026 HON. DON BACON,OFFICIAL EXPENSES OF MEMBERS,EQUIPMENT,390.27,390.27,Don Bacon,R,NE,2,119,2026Q1,true
B001298,2026 HON. DON BACON,INTERN ALLOWANCES,PERSONNEL COMPENSATION,2860,2860,Don Bacon,R,NE,2,119,2026Q1,true
B001307,2026 HON. JAMES R. BAIRD,OFFICIAL EXPENSES OF MEMBERS,FRANKED MAIL,125603.53,125603.53,James R. Baird,R,IN,4,119,2026Q1,true
B001307,2026 HON. JAMES R. BAIRD,OFFICIAL EXPENSES OF MEMBERS,PERSONNEL COMPENSATION,248879.51,248879.51,James R. Baird,R,IN,4,119,2026Q1,true
B001307,2026 HON. JAMES R. BAIRD,OFFICIAL EXPENSES OF MEMBERS,TRAVEL,20193.79,20193.79,James R. Baird,R,IN,4,119,2026Q1,true
B001307,2026 HON. JAMES R. BAIRD,OFFICIAL EXPENSES OF MEMBERS,RENT COMMUNICATION UTILITIES,38741.82,38741.82,James R. Baird,R,IN,4,119,2026Q1,true
B001307,2026 HON. JAMES R. BAIRD,OFFICIAL EXPENSES OF MEMBERS,PRINTING AND REPRODUCTION,354945.71,354945.71,James R. Baird,R,IN,4,119,2026Q1,true
B001307,2026 HON. JAMES R. BAIRD,OFFICIAL EXPENSES OF MEMBERS,OTHER SERVICES,12081.1,12081.1,James R. Baird,R,IN,4,119,2026Q1,true
B001307,2026 HON. JAMES R. BAIRD,OFFICIAL EXPENSES OF MEMBERS,SUPPLIES AND MATERIALS,2876.49,2876.49,James R. Baird,R,IN,4,119,2026Q1,true
B001307,2026 HON. JAMES R. BAIRD,OFFICIAL EXPENSES OF MEMBERS,EQUIPMENT,6241.53,6241.53,James R. Baird,R,IN,4,119,2026Q1,true
B001307,2026 HON. JAMES R. BAIRD,INTERN ALLOWANCES,PERSONNEL COMPENSATION,9183.34,9183.34,James R. Baird,R,IN,4,119,2026Q1,true
B001306,2026 HON. TROY BALDERSON,OFFICIAL EXPENSES OF MEMBERS,FRANKED MAIL,-31.98,-31.98,Troy Balderson,R,OH,12,119,2026Q1,true
B001306,2026 HON. TROY BALDERSON,OFFICIAL EXPENSES OF MEMBERS,PERSONNEL COMPENSATION,363234.46,363234.46,Troy Balderson,R,OH,12,119,2026Q1,true
B001306,2026 HON. TROY BALDERSON,OFFICIAL EXPENSES OF MEMBERS,TRAVEL,8388.73,8388.73,Troy Balderson,R,OH,12,119,2026Q1,true
B001306,2026 HON. TROY BALDERSON,OFFICIAL EXPENSES OF MEMBERS,RENT COMMUNICATION UTILITIES,5325.28,5325.28,Troy Balderson,R,OH,12,119,2026Q1,true
B001306,2026 HON. TROY BALDERSON,OFFICIAL EXPENSES OF MEMBERS,PRINTING AND REPRODUCTION,148.5,148.5,Troy Balderson,R,OH,12,119,2026Q1,true
B001306,2026 HON. TROY BALDERSON,OFFICIAL EXPENSES OF MEMBERS,OTHER SERVICES,7827.3,7827.3,Troy Balderson,R,OH,12,119,2026Q1,true
B001306,2026 HON. TROY BALDERSON,OFFICIAL EXPENSES OF MEMBERS,SUPPLIES AND MATERIALS,6815.7,6815.7,Troy Balderson,R,OH,12,119,2026Q1,true
B001306,2026 HON. TROY BALDERSON,OFFICIAL EXPENSES OF MEMBERS,EQUIPMENT,1002,1002,Troy Balderson,R,OH,12,119,2026Q1,true
B001306,2026 HON. TROY BALDERSON,INTERN ALLOWANCES,PERSONNEL COMPENSATION,4000,4000,Troy Balderson,R,OH,12,119,2026Q1,true
B001318,2026 HON. BECCA BALINT,OFFICIAL EXPENSES OF MEMBERS,FRANKED MAIL,21.24,21.24,Becca Balint,D,VT,0,119,2026Q1,true
B001318,2026 HON. BECCA BALINT,OFFICIAL EXPENSES OF MEMBERS,PERSONNEL COMPENSATION,314630.61,314630.61,Becca Balint,D,VT,0,119,2026Q1,true
B001318,2026 HON. BECCA BALINT,OFFICIAL EXPENSES OF MEMBERS,TRAVEL,13002.43,13002.43,Becca Balint,D,VT,0,119,2026Q1,true
B001318,2026 HON. BECCA BALINT,OFFICIAL EXPENSES OF MEMBERS,RENT COMMUNICATION UTILITIES,20015.37,20015.37,Becca Balint,D,VT,0,119,2026Q1,true
B001318,2026 HON. BECCA BALINT,OFFICIAL EXPENSES OF MEMBERS,PRINTING AND REPRODUCTION,453.5,453.5,Becca Balint,D,VT,0,119,2026Q1,true
B001318,2026 HON. BECCA BALINT,OFFICIAL EXPENSES OF MEMBERS,OTHER SERVICES,14888.5,14888.5,Becca Balint,D,VT,0,119,2026Q1,true
B001318,2026 HON. BECCA BALINT,OFFICIAL EXPENSES OF MEMBERS,SUPPLIES AND MATERIALS,2348.18,2348.18,Becca Balint,D,VT,0,119,2026Q1,true
B001318,2026 HON. BECCA BALINT,OFFICIAL EXPENSES OF MEMBERS,EQUIPMENT,645,645,Becca Balint,D,VT,0,119,2026Q1,true
B001318,2026 HON. BECCA BALINT,INTERN ALLOWANCES,PERSONNEL COMPENSATION,8907.57,8907.57,Becca Balint,D,VT,0,119,2026Q1,true
B001282,2026 HON. ANDY BARR,OFFICIAL EXPENSES OF MEMBERS,FRANKED MAIL,512.07,512.07,Andy Barr,R,KY,6,119,2026Q1,true
B001282,2026 HON. ANDY BARR,OFFICIAL EXPENSES OF MEMBERS,PERSONNEL COMPENSATION,309049.21,309049.21,Andy Barr,R,KY,6,119,2026Q1,true
B001282,2026 HON. ANDY BARR,OFFICIAL EXPENSES OF MEMBERS,TRAVEL,12504.72,12504.72,Andy Barr,R,KY,6,119,2026Q1,true
B001282,2026 HON. ANDY BARR,OFFICIAL EXPENSES OF MEMBERS,RENT COMMUNICATION UTILITIES,18914.81,18914.81,Andy Barr,R,KY,6,119,2026Q1,true
B001282,2026 HON. ANDY BARR,OFFICIAL EXPENSES OF MEMBERS,PRINTING AND REPRODUCTION,699.67,699.67,Andy Barr,R,KY,6,119,2026Q1,true
B001282,2026 HON. ANDY BARR,OFFICIAL EXPENSES OF MEMBERS,OTHER SERVICES,7968.9,7968.9,Andy Barr,R,KY,6,119,2026Q1,true
B001282,2026 HON. ANDY BARR,OFFICIAL EXPENSES OF MEMBERS,SUPPLIES AND MATERIALS,3967.36,3967.36,Andy Barr,R,KY,6,119,2026Q1,true
B001282,2026 HON. ANDY BARR,INTERN ALLOWANCES,PERSONNEL COMPENSATION,8666.01,8666.01,Andy Barr,R,KY,6,119,2026Q1,true
B001300,2026 HON. NANETTE DIAZ BARRAGAN,OFFICIAL EXPENSES OF MEMBERS,FRANKED MAIL,-62.48,-62.48,Nanette Diaz Barragán,D,CA,44,119,2026Q1,true
B001300,2026 HON. NANETTE DIAZ BARRAGAN,OFFICIAL EXPENSES OF MEMBERS,PERSONNEL COMPENSATION,276897.68,276897.68,Nanette Diaz Barragán,D,CA,44,119,2026Q1,true
B001300,2026 HON. NANETTE DIAZ BARRAGAN,OFFICIAL EXPENSES OF MEMBERS,TRAVEL,9013.45,9013.45,Nanette Diaz Barragán,D,CA,44,119,2026Q1,true
B001300,2026 HON. NANETTE DIAZ BARRAGAN,OFFICIAL EXPENSES OF MEMBERS,RENT COMMUNICATION UTILITIES,6276.94,6276.94,Nanette Diaz Barragán,D,CA,44,119,2026Q1,true
B001300,2026 HON. NANETTE DIAZ BARRAGAN,OFFICIAL EXPENSES OF MEMBERS,PRINTING AND REPRODUCTION,2267.93,2267.93,Nanette Diaz Barragán,D,CA,44,119,2026Q1,true
B001300,2026 HON. NANETTE DIAZ BARRAGAN,OFFICIAL EXPENSES OF MEMBERS,OTHER SERVICES,3009.51,3009.51,Nanette Diaz Barragán,D,CA,44,119,2026Q1,true
B001300,2026 HON. NANETTE DIAZ BARRAGAN,OFFICIAL EXPENSES OF MEMBERS,SUPPLIES AND MATERIALS,2314.34,2314.34,Nanette Diaz Barragán,D,CA,44,119,2026Q1,true
B001300,2026 HON. NANETTE DIAZ BARRAGAN,OFFICIAL EXPENSES OF MEMBERS,EQUIPMENT,696,696,Nanette Diaz Barragán,D,CA,44,119,2026Q1,true
B001300,2026 HON. NANETTE DIAZ BARRAGAN,INTERN ALLOWANCES,PERSONNEL COMPENSATION,15833.33,15833.33,Nanette Diaz Barragán,D,CA,44,119,2026Q1,true
B001321,2026 HON. TOM BARRETT,OFFICIAL EXPENSES OF MEMBERS,FRANKED MAIL,49.9,49.9,Tom Barrett,R,MI,7,119,2026Q1,true
B001321,2026 HON. TOM BARRETT,OFFICIAL EXPENSES OF MEMBERS,PERSONNEL COMPENSATION,269458.32,269458.32,Tom Barrett,R,MI,7,119,2026Q1,true
B001321,2026 HON. TOM BARRETT,OFFICIAL EXPENSES OF MEMBERS,TRAVEL,9962.48,9962.48,Tom Barrett,R,MI,7,119,2026Q1,true
B001321,2026 HON. TOM BARRETT,OFFICIAL EXPENSES OF MEMBERS,RENT COMMUNICATION UTILITIES,24515.02,24515.02,Tom Barrett,R,MI,7,119,2026Q1,true
B001321,2026 HON. TOM BARRETT,OFFICIAL EXPENSES OF MEMBERS,PRINTING AND REPRODUCTION,10052.65,10052.65,Tom Barrett,R,MI,7,119,2026Q1,true
B001321,2026 HON. TOM BARRETT,OFFICIAL EXPENSES OF MEMBERS,OTHER SERVICES,100,100,Tom Barrett,R,MI,7,119,2026Q1,true
B001321,2026 HON. TOM BARRETT,OFFICIAL EXPENSES OF MEMBERS,SUPPLIES AND MATERIALS,1973.56,1973.56,Tom Barrett,R,MI,7,119,2026Q1,true
B001321,2026 HON. TOM BARRETT,OFFICIAL EXPENSES OF MEMBERS,EQUIPMENT,1248,1248,Tom Barrett,R,MI,7,119,2026Q1,true
B001321,2026 HON. TOM BARRETT,INTERN ALLOWANCES,PERSONNEL COMPENSATION,7483.35,7483.35,Tom Barrett,R,MI,7,119,2026Q1,true
B001322,2026 HON. MICHAEL BAUMGARTNER,OFFICIAL EXPENSES OF MEMBERS,FRANKED MAIL,-125.68,-125.68,Michael Baumgartner,R,WA,5,119,2026Q1,true
B001322,2026 HON. MICHAEL BAUMGARTNER,OFFICIAL EXPENSES OF MEMBERS,PERSONNEL COMPENSATION,304761.11,304761.11,Michael Baumgartner,R,WA,5,119,2026Q1,true
B001322,2026 HON. MICHAEL BAUMGARTNER,OFFICIAL EXPENSES OF MEMBERS,TRAVEL,6600.13,6600.13,Michael Baumgartner,R,WA,5,119,2026Q1,true
B001322,2026 HON. MICHAEL BAUMGARTNER,OFFICIAL EXPENSES OF MEMBERS,RENT COMMUNICATION UTILITIES,14140.8,14140.8,Michael Baumgartner,R,WA,5,119,2026Q1,true
B001322,2026 HON. MICHAEL BAUMGARTNER,OFFICIAL EXPENSES OF MEMBERS,PRINTING AND REPRODUCTION,131694.2,131694.2,Michael Baumgartner,R,WA,5,119,2026Q1,true
B001322,2026 HON. MICHAEL BAUMGARTNER,OFFICIAL EXPENSES OF MEMBERS,OTHER SERVICES,740.36,740.36,Michael Baumgartner,R,WA,5,119,2026Q1,true
B001322,2026 HON. MICHAEL BAUMGARTNER,OFFICIAL EXPENSES OF MEMBERS,SUPPLIES AND MATERIALS,12903.29,12903.29,Michael Baumgartner,R,WA,5,119,2026Q1,true
B001322,2026 HON. MICHAEL BAUMGARTNER,OFFICIAL EXPENSES OF MEMBERS,EQUIPMENT,888.3,888.3,Michael Baumgartner,R,WA,5,119,2026Q1,true
B001322,2026 HON. MICHAEL BAUMGARTNER,INTERN ALLOWANCES,PERSONNEL COMPENSATION,11100,11100,Michael Baumgartner,R,WA,5,119,2026Q1,true
B001314,2026 HON. AARON BEAN,OFFICIAL EXPENSES OF MEMBERS,FRANKED MAIL,-6.39,-6.39,Aaron Bean,R,FL,4,119,2026Q1,true
B001314,2026 HON. AARON BEAN,OFFICIAL EXPENSES OF MEMBERS,PERSONNEL COMPENSATION,264305.26,264305.26,Aaron Bean,R,FL,4,119,2026Q1,true
B001314,2026 HON. AARON BEAN,OFFICIAL EXPENSES OF MEMBERS,TRAVEL,14317.59,14317.59,Aaron Bean,R,FL,4,119,2026Q1,true
B001314,2026 HON. AARON BEAN,OFFICIAL EXPENSES OF MEMBERS,RENT COMMUNICATION UTILITIES,19091.95,19091.95,Aaron Bean,R,FL,4,119,2026Q1,true
B001314,2026 HON. AARON BEAN,OFFICIAL EXPENSES OF MEMBERS,PRINTING AND REPRODUCTION,14956.13,14956.13,Aaron Bean,R,FL,4,119,2026Q1,true
B001314,2026 HON. AARON BEAN,OFFICIAL EXPENSES OF MEMBERS,SUPPLIES AND MATERIALS,5068.4,5068.4,Aaron Bean,R,FL,4,119,2026Q1,true
B001314,2026 HON. AARON BEAN,OFFICIAL EXPENSES OF MEMBERS,EQUIPMENT,920.4,920.4,Aaron Bean,R,FL,4,119,2026Q1,true
B001314,2026 HON. AARON BEAN,INTERN ALLOWANCES,PERSONNEL COMPENSATION,5700,5700,Aaron Bean,R,FL,4,119,2026Q1,true
B001281,2026 HON. JOYCE BEATTY,OFFICIAL EXPENSES OF MEMBERS,FRANKED MAIL,88.88,88.88,Joyce Beatty,D,OH,3,119,2026Q1,true
B001281,2026 HON. JOYCE BEATTY,OFFICIAL EXPENSES OF MEMBERS,PERSONNEL COMPENSATION,308381,308381,Joyce Beatty,D,OH,3,119,2026Q1,true
B001281,2026 HON. JOYCE BEATTY,OFFICIAL EXPENSES OF MEMBERS,TRAVEL,6137,6137,Joyce Beatty,D,OH,3,119,2026Q1,true
B001281,2026 HON. JOYCE BEATTY,OFFICIAL EXPENSES OF MEMBERS,RENT COMMUNICATION UTILITIES,27425.25,27425.25,Joyce Beatty,D,OH,3,119,2026Q1,true
B001281,2026 HON. JOYCE BEATTY,OFFICIAL EXPENSES OF MEMBERS,PRINTING AND REPRODUCTION,1338.4,1338.4,Joyce Beatty,D,OH,3,119,2026Q1,true
B001281,2026 HON. JOYCE BEATTY,OFFICIAL EXPENSES OF MEMBERS,OTHER SERVICES,12504.09,12504.09,Joyce Beatty,D,OH,3,119,2026Q1,true
B001281,2026 HON. JOYCE BEATTY,OFFICIAL EXPENSES OF MEMBERS,SUPPLIES AND MATERIALS,8859.13,8859.13,Joyce Beatty,D,OH,3,119,2026Q1,true
B001281,2026 HON. JOYCE BEATTY,OFFICIAL EXPENSES OF MEMBERS,EQUIPMENT,669,669,Joyce Beatty,D,OH,3,119,2026Q1,true
B001281,2026 HON. JOYCE BEATTY,INTERN ALLOWANCES,PERSONNEL COMPENSATION,5100,5100,Joyce Beatty,D,OH,3,119,2026Q1,true
B001323,2026 HON. NICHOLAS J. BEGICH III,OFFICIAL EXPENSES OF MEMBERS,FRANKED MAIL,-2.65,-2.65,Nicholas J. Begich III,R,AK,0,119,2026Q1,true
B001323,2026 HON. NICHOLAS J. BEGICH III,OFFICIAL EXPENSES OF MEMBERS,PERSONNEL COMPENSATION,291188.93,291188.93,Nicholas J. Begich III,R,AK,0,119,2026Q1,true
B001323,2026 HON. NICHOLAS J. BEGICH III,OFFICIAL EXPENSES OF MEMBERS,TRAVEL,19437.34,19437.34,Nicholas J. Begich III,R,AK,0,119,2026Q1,true
B001323,2026 HON. NICHOLAS J. BEGICH III,OFFICIAL EXPENSES OF MEMBERS,RENT COMMUNICATION UTILITIES,3343.29,3343.29,Nicholas J. Begich III,R,AK,0,119,2026Q1,true
B001323,2026 HON. NICHOLAS J. BEGICH III,OFFICIAL EXPENSES OF MEMBERS,PRINTING AND REPRODUCTION,14627,14627,Nicholas J. Begich III,R,AK,0,119,2026Q1,true
B001323,2026 HON. NICHOLAS J. BEGICH III,OFFICIAL EXPENSES OF MEMBERS,OTHER SERVICES,6936.34,6936.34,Nicholas J. Begich III,R,AK,0,119,2026Q1,true
B001323,2026 HON. NICHOLAS J. BEGICH III,OFFICIAL EXPENSES OF MEMBERS,SUPPLIES AND MATERIALS,1543.69,1543.69,Nicholas J. Begich III,R,AK,0,119,2026Q1,true
B001323,2026 HON. NICHOLAS J. BEGICH III,OFFICIAL EXPENSES OF MEMBERS,EQUIPMENT,501,501,Nicholas J. Begich III,R,AK,0,119,2026Q1,true
B001323,2026 HON. NICHOLAS J. BEGICH III,INTERN ALLOWANCES,PERSONNEL COMPENSATION,7466.67,7466.67,Nicholas J. Begich III,R,AK,0,119,2026Q1,true
B001324,2026 HON. WESLEY BELL,OFFICIAL EXPENSES OF MEMBERS,FRANKED MAIL,-4.06,-4.06,Wesley Bell,D,MO,1,119,2026Q1,true
B001324,2026 HON. WESLEY BELL,OFFICIAL EXPENSES OF MEMBERS,PERSONNEL COMPENSATION,333105.54,333105.54,Wesley Bell,D,MO,1,119,2026Q1,true
B001324,2026 HON. WESLEY BELL,OFFICIAL EXPENSES OF MEMBERS,TRAVEL,10729.11,10729.11,Wesley Bell,D,MO,1,119,2026Q1,true
B001324,2026 HON. WESLEY BELL,OFFICIAL EXPENSES OF MEMBERS,RENT COMMUNICATION UTILITIES,4720.13,4720.13,Wesley Bell,D,MO,1,119,2026Q1,true
B001324,2026 HON. WESLEY BELL,OFFICIAL EXPENSES OF MEMBERS,PRINTING AND REPRODUCTION,269.5,269.5,Wesley Bell,D,MO,1,119,2026Q1,true
B001324,2026 HON. WESLEY BELL,OFFICIAL EXPENSES OF MEMBERS,OTHER SERVICES,1396,1396,Wesley Bell,D,MO,1,119,2026Q1,true
B001324,2026 HON. WESLEY BELL,OFFICIAL EXPENSES OF MEMBERS,SUPPLIES AND MATERIALS,2443.85,2443.85,Wesley Bell,D,MO,1,119,2026Q1,true
B001324,2026 HON. WESLEY BELL,OFFICIAL EXPENSES OF MEMBERS,EQUIPMENT,873,873,Wesley Bell,D,MO,1,119,2026Q1,true
B001324,2026 HON. WESLEY BELL,INTERN ALLOWANCES,PERSONNEL COMPENSATION,10444.43,10444.43,Wesley Bell,D,MO,1,119,2026Q1,true
B000668,2026 HON. CLIFF BENTZ,OFFICIAL EXPENSES OF MEMBERS,FRANKED MAIL,252.04,252.04,Cliff Bentz,R,OR,2,119,2026Q1,true
B000668,2026 HON. CLIFF BENTZ,OFFICIAL EXPENSES OF MEMBERS,PERSONNEL COMPENSATION,284008.88,284008.88,Cliff Bentz,R,OR,2,119,2026Q1,true
B000668,2026 HON. CLIFF BENTZ,OFFICIAL EXPENSES OF MEMBERS,TRAVEL,13400.11,13400.11,Cliff Bentz,R,OR,2,119,2026Q1,true
B000668,2026 HON. CLIFF BENTZ,OFFICIAL EXPENSES OF MEMBERS,RENT COMMUNICATION UTILITIES,4835.32,4835.32,Cliff Bentz,R,OR,2,119,2026Q1,true
B000668,2026 HON. CLIFF BENTZ,OFFICIAL EXPENSES OF MEMBERS,OTHER SERVICES,485.4,485.4,Cliff Bentz,R,OR,2,119,2026Q1,true
B000668,2026 HON. CLIFF BENTZ,OFFICIAL EXPENSES OF MEMBERS,SUPPLIES AND MATERIALS,6717.8,6717.8,Cliff Bentz,R,OR,2,119,2026Q1,true
B000668,2026 HON. CLIFF BENTZ,OFFICIAL EXPENSES OF MEMBERS,EQUIPMENT,1637.55,1637.55,Cliff Bentz,R,OR,2,119,2026Q1,true
B000668,2026 HON. CLIFF BENTZ,INTERN ALLOWANCES,PERSONNEL COMPENSATION,12432.23,12432.23,Cliff Bentz,R,OR,2,119,2026Q1,true
B001287,2026 HON. AMI BERA,OFFICIAL EXPENSES OF MEMBERS,FRANKED MAIL,-45.29,-45.29,Ami Bera,D,CA,7,119,2026Q1,true
B001287,2026 HON. AMI BERA,OFFICIAL EXPENSES OF MEMBERS,PERSONNEL COMPENSATION,341561,341561,Ami Bera,D,CA,7,119,2026Q1,true
B001287,2026 HON. AMI BERA,OFFICIAL EXPENSES OF MEMBERS,TRAVEL,14319.9,14319.9,Ami Bera,D,CA,7,119,2026Q1,true
B001287,2026 HON. AMI BERA,OFFICIAL EXPENSES OF MEMBERS,RENT COMMUNICATION UTILITIES,6264.38,6264.38,Ami Bera,D,CA,7,119,2026Q1,true
B001287,2026 HON. AMI BERA,OFFICIAL EXPENSES OF MEMBERS,PRINTING AND REPRODUCTION,13115.77,13115.77,Ami Bera,D,CA,7,119,2026Q1,true
B001287,2026 HON. AMI BERA,OFFICIAL EXPENSES OF MEMBERS,SUPPLIES AND MATERIALS,1381.43,1381.43,Ami Bera,D,CA,7,119,2026Q1,true
B001287,2026 HON. AMI BERA,OFFICIAL EXPENSES OF MEMBERS,EQUIPMENT,1486.02,1486.02,Ami Bera,D,CA,7,119,2026Q1,true
B001287,2026 HON. AMI BERA,INTERN ALLOWANCES,PERSONNEL COMPENSATION,8196.66,8196.66,Ami Bera,D,CA,7,119,2026Q1,true
B001301,2026 HON. JACK BERGMAN,OFFICIAL EXPENSES OF MEMBERS,FRANKED MAIL,565.44,565.44,Jack Bergman,R,MI,1,119,2026Q1,true
B001301,2026 HON. JACK BERGMAN,OFFICIAL EXPENSES OF MEMBERS,PERSONNEL COMPENSATION,321209.93,321209.93,Jack Bergman,R,MI,1,119,2026Q1,true
B001301,2026 HON. JACK BERGMAN,OFFICIAL EXPENSES OF MEMBERS,TRAVEL,7910.12,7910.12,Jack Bergman,R,MI,1,119,2026Q1,true
B001301,2026 HON. JACK BERGMAN,OFFICIAL EXPENSES OF MEMBERS,RENT COMMUNICATION UTILITIES,6247.21,6247.21,Jack Bergman,R,MI,1,119,2026Q1,true
B001301,2026 HON. JACK BERGMAN,OFFICIAL EXPENSES OF MEMBERS,PRINTING AND REPRODUCTION,373,373,Jack Bergman,R,MI,1,119,2026Q1,true
B001301,2026 HON. JACK BERGMAN,OFFICIAL EXPENSES OF MEMBERS,OTHER SERVICES,510.06,510.06,Jack Bergman,R,MI,1,119,2026Q1,true
B001301,2026 HON. JACK BERGMAN,OFFICIAL EXPENSES OF MEMBERS,SUPPLIES AND MATERIALS,1703.67,1703.67,Jack Bergman,R,MI,1,119,2026Q1,true
B001301,2026 HON. JACK BERGMAN,OFFICIAL EXPENSES OF MEMBERS,EQUIPMENT,2953.31,2953.31,Jack Bergman,R,MI,1,119,2026Q1,true
B001301,2026 HON. JACK BERGMAN,INTERN ALLOWANCES,PERSONNEL COMPENSATION,15183.33,15183.33,Jack Bergman,R,MI,1,119,2026Q1,true
B001292,2026 HON. DONALD S. BEYER JR.,OFFICIAL EXPENSES OF MEMBERS,FRANKED MAIL,-57.87,-57.87,"Donald S. Beyer, Jr.",D,VA,8,119,2026Q1,true
B001292,2026 HON. DONALD S. BEYER JR.,OFFICIAL EXPENSES OF MEMBERS,PERSONNEL COMPENSATION,396664.41,396664.41,"Donald S. Beyer, Jr.",D,VA,8,119,2026Q1,true
B001292,2026 HON. DONALD S. BEYER JR.,OFFICIAL EXPENSES OF MEMBERS,TRAVEL,111.72,111.72,"Donald S. Beyer, Jr.",D,VA,8,119,2026Q1,true
B001292,2026 HON. DONALD S. BEYER JR.,OFFICIAL EXPENSES OF MEMBERS,RENT COMMUNICATION UTILITIES,11190.6,11190.6,"Donald S. Beyer, Jr.",D,VA,8,119,2026Q1,true
B001292,2026 HON. DONALD S. BEYER JR.,OFFICIAL EXPENSES OF MEMBERS,PRINTING AND REPRODUCTION,272,272,"Donald S. Beyer, Jr.",D,VA,8,119,2026Q1,true
B001292,2026 HON. DONALD S. BEYER JR.,OFFICIAL EXPENSES OF MEMBERS,OTHER SERVICES,9926.13,9926.13,"Donald S. Beyer, Jr.",D,VA,8,119,2026Q1,true
B001292,2026 HON. DONALD S. BEYER JR.,OFFICIAL EXPENSES OF MEMBERS,SUPPLIES AND MATERIALS,3135.08,3135.08,"Donald S. Beyer, Jr.",D,VA,8,119,2026Q1,true
B001292,2026 HON. DONALD S. BEYER JR.,OFFICIAL EXPENSES OF MEMBERS,EQUIPMENT,249,249,"Donald S. Beyer, Jr.",D,VA,8,119,2026Q1,true
B001292,2026 HON. DONALD S. BEYER JR.,INTERN ALLOWANCES,PERSONNEL COMPENSATION,11366.68,11366.68,"Donald S. Beyer, Jr.",D,VA,8,119,2026Q1,true
B000740,2026 HON. STEPHANIE I. BICE,OFFICIAL EXPENSES OF MEMBERS,FRANKED MAIL,13707.23,13707.23,Stephanie I. Bice,R,OK,5,119,2026Q1,true
B000740,2026 HON. STEPHANIE I. BICE,OFFICIAL EXPENSES OF MEMBERS,PERSONNEL COMPENSATION,284939.69,284939.69,Stephanie I. Bice,R,OK,5,119,2026Q1,true
B000740,2026 HON. STEPHANIE I. BICE,OFFICIAL EXPENSES OF MEMBERS,TRAVEL,25147.79,25147.79,Stephanie I. Bice,R,OK,5,119,2026Q1,true
B000740,2026 HON. STEPHANIE I. BICE,OFFICIAL EXPENSES OF MEMBERS,RENT COMMUNICATION UTILITIES,19868.04,19868.04,Stephanie I. Bice,R,OK,5,119,2026Q1,true
B000740,2026 HON. STEPHANIE I. BICE,OFFICIAL EXPENSES OF MEMBERS,PRINTING AND REPRODUCTION,30794.47,30794.47,Stephanie I. Bice,R,OK,5,119,2026Q1,true
B000740,2026 HON. STEPHANIE I. BICE,OFFICIAL EXPENSES OF MEMBERS,OTHER SERVICES,7137.61,7137.61,Stephanie I. Bice,R,OK,5,119,2026Q1,true
B000740,2026 HON. STEPHANIE I. BICE,OFFICIAL EXPENSES OF MEMBERS,SUPPLIES AND MATERIALS,5795.8,5795.8,Stephanie I. Bice,R,OK,5,119,2026Q1,true
B000740,2026 HON. STEPHANIE I. BICE,OFFICIAL EXPENSES OF MEMBERS,EQUIPMENT,750,750,Stephanie I. Bice,R,OK,5,119,2026Q1,true
B000740,2026 HON. STEPHANIE I. BICE,INTERN ALLOWANCES,PERSONNEL COMPENSATION,3160,3160,Stephanie I. Bice,R,OK,5,119,2026Q1,true
B001302,2026 HON. ANDY BIGGS,OFFICIAL EXPENSES OF MEMBERS,FRANKED MAIL,149.2,149.2,Andy Biggs,R,AZ,5,119,2026Q1,true
B001302,2026 HON. ANDY BIGGS,OFFICIAL EXPENSES OF MEMBERS,PERSONNEL COMPENSATION,287199.98,287199.98,Andy Biggs,R,AZ,5,119,2026Q1,true
B001302,2026 HON. ANDY BIGGS,OFFICIAL EXPENSES OF MEMBERS,TRAVEL,16490.47,16490.47,Andy Biggs,R,AZ,5,119,2026Q1,true
B001302,2026 HON. ANDY BIGGS,OFFICIAL EXPENSES OF MEMBERS,RENT COMMUNICATION UTILITIES,27646.08,27646.08,Andy Biggs,R,AZ,5,119,2026Q1,true
B001302,2026 HON. ANDY BIGGS,OFFICIAL EXPENSES OF MEMBERS,PRINTING AND REPRODUCTION,472,472,Andy Biggs,R,AZ,5,119,2026Q1,true
B001302,2026 HON. ANDY BIGGS,OFFICIAL EXPENSES OF MEMBERS,SUPPLIES AND MATERIALS,734.65,734.65,Andy Biggs,R,AZ,5,119,2026Q1,true
B001302,2026 HON. ANDY BIGGS,OFFICIAL EXPENSES OF MEMBERS,EQUIPMENT,999,999,Andy Biggs,R,AZ,5,119,2026Q1,true
B001302,2026 HON. ANDY BIGGS,INTERN ALLOWANCES,PERSONNEL COMPENSATION,8280,8280,Andy Biggs,R,AZ,5,119,2026Q1,true
B001325,2026 HON. SHERI BIGGS,OFFICIAL EXPENSES OF MEMBERS,FRANKED MAIL,-67.4,-67.4,Sheri Biggs,R,SC,3,119,2026Q1,true
B001325,2026 HON. SHERI BIGGS,OFFICIAL EXPENSES OF MEMBERS,PERSONNEL COMPENSATION,316200.38,316200.38,Sheri Biggs,R,SC,3,119,2026Q1,true
B001325,2026 HON. SHERI BIGGS,OFFICIAL EXPENSES OF MEMBERS,TRAVEL,19126.12,19126.12,Sheri Biggs,R,SC,3,119,2026Q1,true
B001325,2026 HON. SHERI BIGGS,OFFICIAL EXPENSES OF MEMBERS,RENT COMMUNICATION UTILITIES,3371.82,3371.82,Sheri Biggs,R,SC,3,119,2026Q1,true
B001325,2026 HON. SHERI BIGGS,OFFICIAL EXPENSES OF MEMBERS,PRINTING AND REPRODUCTION,2574.85,2574.85,Sheri Biggs,R,SC,3,119,2026Q1,true
B001325,2026 HON. SHERI BIGGS,OFFICIAL EXPENSES OF MEMBERS,OTHER SERVICES,2775,2775,Sheri Biggs,R,SC,3,119,2026Q1,true
B001325,2026 HON. SHERI BIGGS,OFFICIAL EXPENSES OF MEMBERS,SUPPLIES AND MATERIALS,1224.06,1224.06,Sheri Biggs,R,SC,3,119,2026Q1,true
B001325,2026 HON. SHERI BIGGS,OFFICIAL EXPENSES OF MEMBERS,EQUIPMENT,1152.22,1152.22,Sheri Biggs,R,SC,3,119,2026Q1,true
B001325,2026 HON. SHERI BIGGS,INTERN ALLOWANCES,PERSONNEL COMPENSATION,4793.33,4793.33,Sheri Biggs,R,SC,3,119,2026Q1,true
B001257,2026 HON. GUS M. BILIRAKIS,OFFICIAL EXPENSES OF MEMBERS,FRANKED MAIL,33664.79,33664.79,Gus M. Bilirakis,R,FL,12,119,2026Q1,true
B001257,2026 HON. GUS M. BILIRAKIS,OFFICIAL EXPENSES OF MEMBERS,PERSONNEL COMPENSATION,316702.23,316702.23,Gus M. Bilirakis,R,FL,12,119,2026Q1,true
B001257,2026 HON. GUS M. BILIRAKIS,OFFICIAL EXPENSES OF MEMBERS,TRAVEL,16227.98,16227.98,Gus M. Bilirakis,R,FL,12,119,2026Q1,true
B001257,2026 HON. GUS M. BILIRAKIS,OFFICIAL EXPENSES OF MEMBERS,RENT COMMUNICATION UTILITIES,38291.6,38291.6,Gus M. Bilirakis,R,FL,12,119,2026Q1,true
B001257,2026 HON. GUS M. BILIRAKIS,OFFICIAL EXPENSES OF MEMBERS,PRINTING AND REPRODUCTION,19299.95,19299.95,Gus M. Bilirakis,R,FL,12,119,2026Q1,true
B001257,2026 HON. GUS M. BILIRAKIS,OFFICIAL EXPENSES OF MEMBERS,OTHER SERVICES,12289.99,12289.99,Gus M. Bilirakis,R,FL,12,119,2026Q1,true
B001257,2026 HON. GUS M. BILIRAKIS,OFFICIAL EXPENSES OF MEMBERS,SUPPLIES AND MATERIALS,3222.55,3222.55,Gus M. Bilirakis,R,FL,12,119,2026Q1,true
B001257,2026 HON. GUS M. BILIRAKIS,OFFICIAL EXPENSES OF MEMBERS,EQUIPMENT,1503,1503,Gus M. Bilirakis,R,FL,12,119,2026Q1,true
B001257,2026 HON. GUS M. BILIRAKIS,INTERN ALLOWANCES,PERSONNEL COMPENSATION,4350,4350,Gus M. Bilirakis,R,FL,12,119,2026Q1,true
B000490,2026 HON. SANFORD D. BISHOP JR.,OFFICIAL EXPENSES OF MEMBERS,FRANKED MAIL,-23.68,-23.68,"Sanford D. Bishop, Jr.",D,GA,2,119,2026Q1,true
B000490,2026 HON. SANFORD D. BISHOP JR.,OFFICIAL EXPENSES OF MEMBERS,PERSONNEL COMPENSATION,347355.57,347355.57,"Sanford D. Bishop, Jr.",D,GA,2,119,2026Q1,true
B000490,2026 HON. SANFORD D. BISHOP JR.,OFFICIAL EXPENSES OF MEMBERS,TRAVEL,13104.53,13104.53,"Sanford D. Bishop, Jr.",D,GA,2,119,2026Q1,true
B000490,2026 HON. SANFORD D. BISHOP JR.,OFFICIAL EXPENSES OF MEMBERS,RENT COMMUNICATION UTILITIES,32367.92,32367.92,"Sanford D. Bishop, Jr.",D,GA,2,119,2026Q1,true
B000490,2026 HON. SANFORD D. BISHOP JR.,OFFICIAL EXPENSES OF MEMBERS,PRINTING AND REPRODUCTION,264.5,264.5,"Sanford D. Bishop, Jr.",D,GA,2,119,2026Q1,true
B000490,2026 HON. SANFORD D. BISHOP JR.,OFFICIAL EXPENSES OF MEMBERS,OTHER SERVICES,12005.15,12005.15,"Sanford D. Bishop, Jr.",D,GA,2,119,2026Q1,true
B000490,2026 HON. SANFORD D. BISHOP JR.,OFFICIAL EXPENSES OF MEMBERS,SUPPLIES AND MATERIALS,744.19,744.19,"Sanford D. Bishop, Jr.",D,GA,2,119,2026Q1,true
B000490,2026 HON. SANFORD D. BISHOP JR.,OFFICIAL EXPENSES OF MEMBERS,EQUIPMENT,1172.85,1172.85,"Sanford D. Bishop, Jr.",D,GA,2,119,2026Q1,true
B000490,2026 HON. SANFORD D. BISHOP JR.,INTERN ALLOWANCES,PERSONNEL COMPENSATION,11000,11000,"Sanford D. Bishop, Jr.",D,GA,2,119,2026Q1,true
B000825,2026 HON. LAUREN BOEBERT,OFFICIAL EXPENSES OF MEMBERS,FRANKED MAIL,-241.38,-241.38,Lauren Boebert,R,CO,3,119,2026Q1,true
B000825,2026 HON. LAUREN BOEBERT,OFFICIAL EXPENSES OF MEMBERS,PERSONNEL COMPENSATION,226027.79,226027.79,Lauren Boebert,R,CO,3,119,2026Q1,true
B000825,2026 HON. LAUREN BOEBERT,OFFICIAL EXPENSES OF MEMBERS,TRAVEL,20247.42,20247.42,Lauren Boebert,R,CO,3,119,2026Q1,true
B000825,2026 HON. LAUREN BOEBERT,OFFICIAL EXPENSES OF MEMBERS,RENT COMMUNICATION UTILITIES,4785.49,4785.49,Lauren Boebert,R,CO,3,119,2026Q1,true
B000825,2026 HON. LAUREN BOEBERT,OFFICIAL EXPENSES OF MEMBERS,PRINTING AND REPRODUCTION,450,450,Lauren Boebert,R,CO,3,119,2026Q1,true
B000825,2026 HON. LAUREN BOEBERT,OFFICIAL EXPENSES OF MEMBERS,OTHER SERVICES,13629.87,13629.87,Lauren Boebert,R,CO,3,119,2026Q1,true
B000825,2026 HON. LAUREN BOEBERT,OFFICIAL EXPENSES OF MEMBERS,SUPPLIES AND MATERIALS,7770.26,7770.26,Lauren Boebert,R,CO,3,119,2026Q1,true
B000825,2026 HON. LAUREN BOEBERT,OFFICIAL EXPENSES OF MEMBERS,EQUIPMENT,930,930,Lauren Boebert,R,CO,3,119,2026Q1,true
B000825,2026 HON. LAUREN BOEBERT,INTERN ALLOWANCES,PERSONNEL COMPENSATION,3200,3200,Lauren Boebert,R,CO,3,119,2026Q1,true
B001278,2026 HON. SUZANNE BONAMICI,OFFICIAL EXPENSES OF MEMBERS,FRANKED MAIL,223.3,223.3,Suzanne Bonamici,D,OR,1,119,2026Q1,true
B001278,2026 HON. SUZANNE BONAMICI,OFFICIAL EXPENSES OF MEMBERS,PERSONNEL COMPENSATION,351822.24,351822.24,Suzanne Bonamici,D,OR,1,119,2026Q1,true
B001278,2026 HON. SUZANNE BONAMICI,OFFICIAL EXPENSES OF MEMBERS,TRAVEL,5946.61,5946.61,Suzanne Bonamici,D,OR,1,119,2026Q1,true
B001278,2026 HON. SUZANNE BONAMICI,OFFICIAL EXPENSES OF MEMBERS,RENT COMMUNICATION UTILITIES,28162.82,28162.82,Suzanne Bonamici,D,OR,1,119,2026Q1,true
B001278,2026 HON. SUZANNE BONAMICI,OFFICIAL EXPENSES OF MEMBERS,PRINTING AND REPRODUCTION,99,99,Suzanne Bonamici,D,OR,1,119,2026Q1,true
B001278,2026 HON. SUZANNE BONAMICI,OFFICIAL EXPENSES OF MEMBERS,OTHER SERVICES,6251.12,6251.12,Suzanne Bonamici,D,OR,1,119,2026Q1,true
B001278,2026 HON. SUZANNE BONAMICI,OFFICIAL EXPENSES OF MEMBERS,SUPPLIES AND MATERIALS,3720.1,3720.1,Suzanne Bonamici,D,OR,1,119,2026Q1,true
B001278,2026 HON. SUZANNE BONAMICI,OFFICIAL EXPENSES OF MEMBERS,EQUIPMENT,1922,1922,Suzanne Bonamici,D,OR,1,119,2026Q1,true
B001278,2026 HON. SUZANNE BONAMICI,INTERN ALLOWANCES,PERSONNEL COMPENSATION,20244.33,20244.33,Suzanne Bonamici,D,OR,1,119,2026Q1,true
B001295,2026 HON. MIKE BOST,OFFICIAL EXPENSES OF MEMBERS,FRANKED MAIL,123.64,123.64,Mike Bost,R,IL,12,119,2026Q1,true
B001295,2026 HON. MIKE BOST,OFFICIAL EXPENSES OF MEMBERS,PERSONNEL COMPENSATION,288859.99,288859.99,Mike Bost,R,IL,12,119,2026Q1,true
B001295,2026 HON. MIKE BOST,OFFICIAL EXPENSES OF MEMBERS,TRAVEL,9190.27,9190.27,Mike Bost,R,IL,12,119,2026Q1,true
B001295,2026 HON. MIKE BOST,OFFICIAL EXPENSES OF MEMBERS,RENT COMMUNICATION UTILITIES,11763.69,11763.69,Mike Bost,R,IL,12,119,2026Q1,true
B001295,2026 HON. MIKE BOST,OFFICIAL EXPENSES OF MEMBERS,PRINTING AND REPRODUCTION,17753.33,17753.33,Mike Bost,R,IL,12,119,2026Q1,true
B001295,2026 HON. MIKE BOST,OFFICIAL EXPENSES OF MEMBERS,OTHER SERVICES,2080,2080,Mike Bost,R,IL,12,119,2026Q1,true
B001295,2026 HON. MIKE BOST,OFFICIAL EXPENSES OF MEMBERS,SUPPLIES AND MATERIALS,5265.88,5265.88,Mike Bost,R,IL,12,119,2026Q1,true
B001295,2026 HON. MIKE BOST,OFFICIAL EXPENSES OF MEMBERS,EQUIPMENT,1780.99,1780.99,Mike Bost,R,IL,12,119,2026Q1,true
B001295,2026 HON. MIKE BOST,INTERN ALLOWANCES,PERSONNEL COMPENSATION,5266.67,5266.67,Mike Bost,R,IL,12,119,2026Q1,true
B001296,2026 HON. BRENDAN F. BOYLE,OFFICIAL EXPENSES OF MEMBERS,FRANKED MAIL,-29.46,-29.46,Brendan F. Boyle,D,PA,2,119,2026Q1,true
B001296,2026 HON. BRENDAN F. BOYLE,OFFICIAL EXPENSES OF MEMBERS,PERSONNEL COMPENSATION,269672.18,269672.18,Brendan F. Boyle,D,PA,2,119,2026Q1,true
B001296,2026 HON. BRENDAN F. BOYLE,OFFICIAL EXPENSES OF MEMBERS,TRAVEL,24631.29,24631.29,Brendan F. Boyle,D,PA,2,119,2026Q1,true
B001296,2026 HON. BRENDAN F. BOYLE,OFFICIAL EXPENSES OF MEMBERS,RENT COMMUNICATION UTILITIES,23236.6,23236.6,Brendan F. Boyle,D,PA,2,119,2026Q1,true
B001296,2026 HON. BRENDAN F. BOYLE,OFFICIAL EXPENSES OF MEMBERS,PRINTING AND REPRODUCTION,143943.39,143943.39,Brendan F. Boyle,D,PA,2,119,2026Q1,true
B001296,2026 HON. BRENDAN F. BOYLE,OFFICIAL EXPENSES OF MEMBERS,OTHER SERVICES,12204.78,12204.78,Brendan F. Boyle,D,PA,2,119,2026Q1,true
B001296,2026 HON. BRENDAN F. BOYLE,OFFICIAL EXPENSES OF MEMBERS,SUPPLIES AND MATERIALS,17828.14,17828.14,Brendan F. Boyle,D,PA,2,119,2026Q1,true
B001296,2026 HON. BRENDAN F. BOYLE,OFFICIAL EXPENSES OF MEMBERS,EQUIPMENT,588,588,Brendan F. Boyle,D,PA,2,119,2026Q1,true
B001296,2026 HON. BRENDAN F. BOYLE,INTERN ALLOWANCES,PERSONNEL COMPENSATION,5572.21,5572.21,Brendan F. Boyle,D,PA,2,119,2026Q1,true
B001317,2026 HON. JOSH BRECHEEN,OFFICIAL EXPENSES OF MEMBERS,FRANKED MAIL,648.05,648.05,Josh Brecheen,R,OK,2,119,2026Q1,true
B001317,2026 HON. JOSH BRECHEEN,OFFICIAL EXPENSES OF MEMBERS,PERSONNEL COMPENSATION,339602.4,339602.4,Josh Brecheen,R,OK,2,119,2026Q1,true
B001317,2026 HON. JOSH BRECHEEN,OFFICIAL EXPENSES OF MEMBERS,TRAVEL,33197.81,33197.81,Josh Brecheen,R,OK,2,119,2026Q1,true
B001317,2026 HON. JOSH BRECHEEN,OFFICIAL EXPENSES OF MEMBERS,RENT COMMUNICATION UTILITIES,2873.24,2873.24,Josh Brecheen,R,OK,2,119,2026Q1,true
B001317,2026 HON. JOSH BRECHEEN,OFFICIAL EXPENSES OF MEMBERS,PRINTING AND REPRODUCTION,292.5,292.5,Josh Brecheen,R,OK,2,119,2026Q1,true
B001317,2026 HON. JOSH BRECHEEN,OFFICIAL EXPENSES OF MEMBERS,OTHER SERVICES,898.09,898.09,Josh Brecheen,R,OK,2,119,2026Q1,true
B001317,2026 HON. JOSH BRECHEEN,OFFICIAL EXPENSES OF MEMBERS,SUPPLIES AND MATERIALS,7147.59,7147.59,Josh Brecheen,R,OK,2,119,2026Q1,true
B001317,2026 HON. JOSH BRECHEEN,INTERN ALLOWANCES,PERSONNEL COMPENSATION,7680,7680,Josh Brecheen,R,OK,2,119,2026Q1,true
B001327,2026 HON. ROBERT P. BRESNAHAN JR.,OFFICIAL EXPENSES OF MEMBERS,FRANKED MAIL,61.05,61.05,"Robert P. Bresnahan, Jr.",R,PA,8,119,2026Q1,true
B001327,2026 HON. ROBERT P. BRESNAHAN JR.,OFFICIAL EXPENSES OF MEMBERS,PERSONNEL COMPENSATION,292772.15,292772.15,"Robert P. Bresnahan, Jr.",R,PA,8,119,2026Q1,true
B001327,2026 HON. ROBERT P. BRESNAHAN JR.,OFFICIAL EXPENSES OF MEMBERS,TRAVEL,8714.58,8714.58,"Robert P. Bresnahan, Jr.",R,PA,8,119,2026Q1,true
B001327,2026 HON. ROBERT P. BRESNAHAN JR.,OFFICIAL EXPENSES OF MEMBERS,RENT COMMUNICATION UTILITIES,30144.15,30144.15,"Robert P. Bresnahan, Jr.",R,PA,8,119,2026Q1,true
B001327,2026 HON. ROBERT P. BRESNAHAN JR.,OFFICIAL EXPENSES OF MEMBERS,PRINTING AND REPRODUCTION,99,99,"Robert P. Bresnahan, Jr.",R,PA,8,119,2026Q1,true
B001327,2026 HON. ROBERT P. BRESNAHAN JR.,OFFICIAL EXPENSES OF MEMBERS,OTHER SERVICES,11928.75,11928.75,"Robert P. Bresnahan, Jr.",R,PA,8,119,2026Q1,true
B001327,2026 HON. ROBERT P. BRESNAHAN JR.,OFFICIAL EXPENSES OF MEMBERS,SUPPLIES AND MATERIALS,4064.66,4064.66,"Robert P. Bresnahan, Jr.",R,PA,8,119,2026Q1,true
B001327,2026 HON. ROBERT P. BRESNAHAN JR.,OFFICIAL EXPENSES OF MEMBERS,EQUIPMENT,2811,2811,"Robert P. Bresnahan, Jr.",R,PA,8,119,2026Q1,true
B001327,2026 HON. ROBERT P. BRESNAHAN JR.,INTERN ALLOWANCES,PERSONNEL COMPENSATION,10346.66,10346.66,"Robert P. Bresnahan, Jr.",R,PA,8,119,2026Q1,true
B001313,2026 HON. SHONTEL M. BROWN,OFFICIAL EXPENSES OF MEMBERS,FRANKED MAIL,-17.44,-17.44,Shontel M. Brown,D,OH,11,119,2026Q1,true
B001313,2026 HON. SHONTEL M. BROWN,OFFICIAL EXPENSES OF MEMBERS,PERSONNEL COMPENSATION,328602.74,328602.74,Shontel M. Brown,D,OH,11,119,2026Q1,true
B001313,2026 HON. SHONTEL M. BROWN,OFFICIAL EXPENSES OF MEMBERS,TRAVEL,18163.11,18163.11,Shontel M. Brown,D,OH,11,119,2026Q1,true
B001313,2026 HON. SHONTEL M. BROWN,OFFICIAL EXPENSES OF MEMBERS,RENT COMMUNICATION UTILITIES,24073.41,24073.41,Shontel M. Brown,D,OH,11,119,2026Q1,true
B001313,2026 HON. SHONTEL M. BROWN,OFFICIAL EXPENSES OF MEMBERS,PRINTING AND REPRODUCTION,5728.38,5728.38,Shontel M. Brown,D,OH,11,119,2026Q1,true
B001313,2026 HON. SHONTEL M. BROWN,OFFICIAL EXPENSES OF MEMBERS,OTHER SERVICES,1131.25,1131.25,Shontel M. Brown,D,OH,11,119,2026Q1,true
B001313,2026 HON. SHONTEL M. BROWN,OFFICIAL EXPENSES OF MEMBERS,SUPPLIES AND MATERIALS,3801.32,3801.32,Shontel M. Brown,D,OH,11,119,2026Q1,true
B001313,2026 HON. SHONTEL M. BROWN,OFFICIAL EXPENSES OF MEMBERS,EQUIPMENT,744,744,Shontel M. Brown,D,OH,11,119,2026Q1,true
B001313,2026 HON. SHONTEL M. BROWN,INTERN ALLOWANCES,PERSONNEL COMPENSATION,8261.5,8261.5,Shontel M. Brown,D,OH,11,119,2026Q1,true
B001285,2026 HON. JULIA BROWNLEY,OFFICIAL EXPENSES OF MEMBERS,FRANKED MAIL,152.38,152.38,Julia Brownley,D,CA,26,119,2026Q1,true
B001285,2026 HON. JULIA BROWNLEY,OFFICIAL EXPENSES OF MEMBERS,PERSONNEL COMPENSATION,311721.77,311721.77,Julia Brownley,D,CA,26,119,2026Q1,true
B001285,2026 HON. JULIA BROWNLEY,OFFICIAL EXPENSES OF MEMBERS,TRAVEL,11548.17,11548.17,Julia Brownley,D,CA,26,119,2026Q1,true
B001285,2026 HON. JULIA BROWNLEY,OFFICIAL EXPENSES OF MEMBERS,RENT COMMUNICATION UTILITIES,4896.43,4896.43,Julia Brownley,D,CA,26,119,2026Q1,true
B001285,2026 HON. JULIA BROWNLEY,OFFICIAL EXPENSES OF MEMBERS,PRINTING AND REPRODUCTION,389.39,389.39,Julia Brownley,D,CA,26,119,2026Q1,true
B001285,2026 HON. JULIA BROWNLEY,OFFICIAL EXPENSES OF MEMBERS,OTHER SERVICES,6080,6080,Julia Brownley,D,CA,26,119,2026Q1,true
B001285,2026 HON. JULIA BROWNLEY,OFFICIAL EXPENSES OF MEMBERS,SUPPLIES AND MATERIALS,3143.16,3143.16,Julia Brownley,D,CA,26,119,2026Q1,true
B001285,2026 HON. JULIA BROWNLEY,OFFICIAL EXPENSES OF MEMBERS,EQUIPMENT,1049.24,1049.24,Julia Brownley,D,CA,26,119,2026Q1,true
B001285,2026 HON. JULIA BROWNLEY,INTERN ALLOWANCES,PERSONNEL COMPENSATION,11383.33,11383.33,Julia Brownley,D,CA,26,119,2026Q1,true
B001260,2026 HON. VERN BUCHANAN,OFFICIAL EXPENSES OF MEMBERS,FRANKED MAIL,-236.2,-236.2,Vern Buchanan,R,FL,16,119,2026Q1,true
B001260,2026 HON. VERN BUCHANAN,OFFICIAL EXPENSES OF MEMBERS,PERSONNEL COMPENSATION,309075.36,309075.36,Vern Buchanan,R,FL,16,119,2026Q1,true
B001260,2026 HON. VERN BUCHANAN,OFFICIAL EXPENSES OF MEMBERS,TRAVEL,1571.42,1571.42,Vern Buchanan,R,FL,16,119,2026Q1,true
B001260,2026 HON. VERN BUCHANAN,OFFICIAL EXPENSES OF MEMBERS,RENT COMMUNICATION UTILITIES,13354.08,13354.08,Vern Buchanan,R,FL,16,119,2026Q1,true
B001260,2026 HON. VERN BUCHANAN,OFFICIAL EXPENSES OF MEMBERS,PRINTING AND REPRODUCTION,4348.37,4348.37,Vern Buchanan,R,FL,16,119,2026Q1,true
B001260,2026 HON. VERN BUCHANAN,OFFICIAL EXPENSES OF MEMBERS,OTHER SERVICES,7298.09,7298.09,Vern Buchanan,R,FL,16,119,2026Q1,true
B001260,2026 HON. VERN BUCHANAN,OFFICIAL EXPENSES OF MEMBERS,SUPPLIES AND MATERIALS,890.83,890.83,Vern Buchanan,R,FL,16,119,2026Q1,true
B001260,2026 HON. VERN BUCHANAN,INTERN ALLOWANCES,PERSONNEL COMPENSATION,15750,15750,Vern Buchanan,R,FL,16,119,2026Q1,true
B001315,2026 HON. NIKKI BUDZINSKI,OFFICIAL EXPENSES OF MEMBERS,FRANKED MAIL,-49.16,-49.16,Nikki Budzinski,D,IL,13,119,2026Q1,true
B001315,2026 HON. NIKKI BUDZINSKI,OFFICIAL EXPENSES OF MEMBERS,PERSONNEL COMPENSATION,333074.27,333074.27,Nikki Budzinski,D,IL,13,119,2026Q1,true
B001315,2026 HON. NIKKI BUDZINSKI,OFFICIAL EXPENSES OF MEMBERS,TRAVEL,8085.15,8085.15,Nikki Budzinski,D,IL,13,119,2026Q1,true
B001315,2026 HON. NIKKI BUDZINSKI,OFFICIAL EXPENSES OF MEMBERS,RENT COMMUNICATION UTILITIES,25412.23,25412.23,Nikki Budzinski,D,IL,13,119,2026Q1,true
B001315,2026 HON. NIKKI BUDZINSKI,OFFICIAL EXPENSES OF MEMBERS,PRINTING AND REPRODUCTION,87040,87040,Nikki Budzinski,D,IL,13,119,2026Q1,true
B001315,2026 HON. NIKKI BUDZINSKI,OFFICIAL EXPENSES OF MEMBERS,OTHER SERVICES,12435,12435,Nikki Budzinski,D,IL,13,119,2026Q1,true
B001315,2026 HON. NIKKI BUDZINSKI,OFFICIAL EXPENSES OF MEMBERS,SUPPLIES AND MATERIALS,9293.51,9293.51,Nikki Budzinski,D,IL,13,119,2026Q1,true
B001315,2026 HON. NIKKI BUDZINSKI,OFFICIAL EXPENSES OF MEMBERS,EQUIPMENT,478.32,478.32,Nikki Budzinski,D,IL,13,119,2026Q1,true
B001315,2026 HON. NIKKI BUDZINSKI,INTERN ALLOWANCES,PERSONNEL COMPENSATION,7740,7740,Nikki Budzinski,D,IL,13,119,2026Q1,true
B001309,2026 HON. TIM BURCHETT,OFFICIAL EXPENSES OF MEMBERS,FRANKED MAIL,5051.64,5051.64,Tim Burchett,R,TN,2,119,2026Q1,true
B001309,2026 HON. TIM BURCHETT,OFFICIAL EXPENSES OF MEMBERS,PERSONNEL COMPENSATION,328827.63,328827.63,Tim Burchett,R,TN,2,119,2026Q1,true
B001309,2026 HON. TIM BURCHETT,OFFICIAL EXPENSES OF MEMBERS,TRAVEL,14493.47,14493.47,Tim Burchett,R,TN,2,119,2026Q1,true
B001309,2026 HON. TIM BURCHETT,OFFICIAL EXPENSES OF MEMBERS,RENT COMMUNICATION UTILITIES,4685.33,4685.33,Tim Burchett,R,TN,2,119,2026Q1,true
B001309,2026 HON. TIM BURCHETT,OFFICIAL EXPENSES OF MEMBERS,PRINTING AND REPRODUCTION,335,335,Tim Burchett,R,TN,2,119,2026Q1,true
B001309,2026 HON. TIM BURCHETT,OFFICIAL EXPENSES OF MEMBERS,OTHER SERVICES,2266.62,2266.62,Tim Burchett,R,TN,2,119,2026Q1,true
B001309,2026 HON. TIM BURCHETT,OFFICIAL EXPENSES OF MEMBERS,SUPPLIES AND MATERIALS,2916.63,2916.63,Tim Burchett,R,TN,2,119,2026Q1,true
B001309,2026 HON. TIM BURCHETT,OFFICIAL EXPENSES OF MEMBERS,EQUIPMENT,1161,1161,Tim Burchett,R,TN,2,119,2026Q1,true
B001309,2026 HON. TIM BURCHETT,INTERN ALLOWANCES,PERSONNEL COMPENSATION,9516.67,9516.67,Tim Burchett,R,TN,2,119,2026Q1,true
B001316,2026 HON. ERIC BURLISON,OFFICIAL EXPENSES OF MEMBERS,FRANKED MAIL,13.33,13.33,Eric Burlison,R,MO,7,119,2026Q1,true
B001316,2026 HON. ERIC BURLISON,OFFICIAL EXPENSES OF MEMBERS,PERSONNEL COMPENSATION,358974.98,358974.98,Eric Burlison,R,MO,7,119,2026Q1,true
B001316,2026 HON. ERIC BURLISON,OFFICIAL EXPENSES OF MEMBERS,TRAVEL,9348.54,9348.54,Eric Burlison,R,MO,7,119,2026Q1,true
B001316,2026 HON. ERIC BURLISON,OFFICIAL EXPENSES OF MEMBERS,RENT COMMUNICATION UTILITIES,10398.08,10398.08,Eric Burlison,R,MO,7,119,2026Q1,true
B001316,2026 HON. ERIC BURLISON,OFFICIAL EXPENSES OF MEMBERS,PRINTING AND REPRODUCTION,181,181,Eric Burlison,R,MO,7,119,2026Q1,true
B001316,2026 HON. ERIC BURLISON,OFFICIAL EXPENSES OF MEMBERS,OTHER SERVICES,704,704,Eric Burlison,R,MO,7,119,2026Q1,true
B001316,2026 HON. ERIC BURLISON,OFFICIAL EXPENSES OF MEMBERS,SUPPLIES AND MATERIALS,968.16,968.16,Eric Burlison,R,MO,7,119,2026Q1,true
B001316,2026 HON. ERIC BURLISON,OFFICIAL EXPENSES OF MEMBERS,EQUIPMENT,210,210,Eric Burlison,R,MO,7,119,2026Q1,true
B001316,2026 HON. ERIC BURLISON,INTERN ALLOWANCES,PERSONNEL COMPENSATION,11733.34,11733.34,Eric Burlison,R,MO,7,119,2026Q1,true
B001326,2026 HON. JANELLE S. BYNUM,OFFICIAL EXPENSES OF MEMBERS,FRANKED MAIL,56.99,56.99,Janelle S. Bynum,D,OR,5,119,2026Q1,true
B001326,2026 HON. JANELLE S. BYNUM,OFFICIAL EXPENSES OF MEMBERS,PERSONNEL COMPENSATION,314311.13,314311.13,Janelle S. Bynum,D,OR,5,119,2026Q1,true
B001326,2026 HON. JANELLE S. BYNUM,OFFICIAL EXPENSES OF MEMBERS,TRAVEL,14027.29,14027.29,Janelle S. Bynum,D,OR,5,119,2026Q1,true
B001326,2026 HON. JANELLE S. BYNUM,OFFICIAL EXPENSES OF MEMBERS,RENT COMMUNICATION UTILITIES,2982.32,2982.32,Janelle S. Bynum,D,OR,5,119,2026Q1,true
B001326,2026 HON. JANELLE S. BYNUM,OFFICIAL EXPENSES OF MEMBERS,PRINTING AND REPRODUCTION,2144.22,2144.22,Janelle S. Bynum,D,OR,5,119,2026Q1,true
B001326,2026 HON. JANELLE S. BYNUM,OFFICIAL EXPENSES OF MEMBERS,OTHER SERVICES,4690,4690,Janelle S. Bynum,D,OR,5,119,2026Q1,true
B001326,2026 HON. JANELLE S. BYNUM,OFFICIAL EXPENSES OF MEMBERS,SUPPLIES AND MATERIALS,1581.65,1581.65,Janelle S. Bynum,D,OR,5,119,2026Q1,true
B001326,2026 HON. JANELLE S. BYNUM,OFFICIAL EXPENSES OF MEMBERS,EQUIPMENT,228,228,Janelle S. Bynum,D,OR,5,119,2026Q1,true
B001326,2026 HON. JANELLE S. BYNUM,INTERN ALLOWANCES,PERSONNEL COMPENSATION,13793.54,13793.54,Janelle S. Bynum,D,OR,5,119,2026Q1,true
C000059,2026 HON. KEN CALVERT,OFFICIAL EXPENSES OF MEMBERS,FRANKED MAIL,497.59,497.59,Ken Calvert,R,CA,42,119,2026Q1,true
C000059,2026 HON. KEN CALVERT,OFFICIAL EXPENSES OF MEMBERS,PERSONNEL COMPENSATION,265263.05,265263.05,Ken Calvert,R,CA,42,119,2026Q1,true
C000059,2026 HON. KEN CALVERT,OFFICIAL EXPENSES OF MEMBERS,TRAVEL,35797.63,35797.63,Ken Calvert,R,CA,42,119,2026Q1,true
C000059,2026 HON. KEN CALVERT,OFFICIAL EXPENSES OF MEMBERS,RENT COMMUNICATION UTILITIES,16924.34,16924.34,Ken Calvert,R,CA,42,119,2026Q1,true
C000059,2026 HON. KEN CALVERT,OFFICIAL EXPENSES OF MEMBERS,PRINTING AND REPRODUCTION,39952.53,39952.53,Ken Calvert,R,CA,42,119,2026Q1,true
C000059,2026 HON. KEN CALVERT,OFFICIAL EXPENSES OF MEMBERS,OTHER SERVICES,12617.09,12617.09,Ken Calvert,R,CA,42,119,2026Q1,true
C000059,2026 HON. KEN CALVERT,OFFICIAL EXPENSES OF MEMBERS,SUPPLIES AND MATERIALS,7057.57,7057.57,Ken Calvert,R,CA,42,119,2026Q1,true
C000059,2026 HON. KEN CALVERT,OFFICIAL EXPENSES OF MEMBERS,EQUIPMENT,23171.81,23171.81,Ken Calvert,R,CA,42,119,2026Q1,true
C000059,2026 HON. KEN CALVERT,INTERN ALLOWANCES,PERSONNEL COMPENSATION,7100.01,7100.01,Ken Calvert,R,CA,42,119,2026Q1,true
C001039,2026 HON. KAT CAMMACK,OFFICIAL EXPENSES OF MEMBERS,FRANKED MAIL,89.91,89.91,Kat Cammack,R,FL,3,119,2026Q1,true
C001039,2026 HON. KAT CAMMACK,OFFICIAL EXPENSES OF MEMBERS,PERSONNEL COMPENSATION,307052.75,307052.75,Kat Cammack,R,FL,3,119,2026Q1,true
C001039,2026 HON. KAT CAMMACK,OFFICIAL EXPENSES OF MEMBERS,TRAVEL,31571.41,31571.41,Kat Cammack,R,FL,3,119,2026Q1,true
C001039,2026 HON. KAT CAMMACK,OFFICIAL EXPENSES OF MEMBERS,RENT COMMUNICATION UTILITIES,5817.47,5817.47,Kat Cammack,R,FL,3,119,2026Q1,true
C001039,2026 HON. KAT CAMMACK,OFFICIAL EXPENSES OF MEMBERS,PRINTING AND REPRODUCTION,641.5,641.5,Kat Cammack,R,FL,3,119,2026Q1,true
C001039,2026 HON. KAT CAMMACK,OFFICIAL EXPENSES OF MEMBERS,OTHER SERVICES,7887.07,7887.07,Kat Cammack,R,FL,3,119,2026Q1,true
C001039,2026 HON. KAT CAMMACK,OFFICIAL EXPENSES OF MEMBERS,SUPPLIES AND MATERIALS,5351.17,5351.17,Kat Cammack,R,FL,3,119,2026Q1,true
C001039,2026 HON. KAT CAMMACK,OFFICIAL EXPENSES OF MEMBERS,EQUIPMENT,8655.47,8655.47,Kat Cammack,R,FL,3,119,2026Q1,true
C001039,2026 HON. KAT CAMMACK,INTERN ALLOWANCES,PERSONNEL COMPENSATION,13433.33,13433.33,Kat Cammack,R,FL,3,119,2026Q1,true
C001112,2026 HON. SALUD O. CARBAJAL,OFFICIAL EXPENSES OF MEMBERS,FRANKED MAIL,454.21,454.21,Salud O. Carbajal,D,CA,24,119,2026Q1,true
C001112,2026 HON. SALUD O. CARBAJAL,OFFICIAL EXPENSES OF MEMBERS,PERSONNEL COMPENSATION,363782.87,363782.87,Salud O. Carbajal,D,CA,24,119,2026Q1,true
C001112,2026 HON. SALUD O. CARBAJAL,OFFICIAL EXPENSES OF MEMBERS,TRAVEL,11033.18,11033.18,Salud O. Carbajal,D,CA,24,119,2026Q1,true
C001112,2026 HON. SALUD O. CARBAJAL,OFFICIAL EXPENSES OF MEMBERS,RENT COMMUNICATION UTILITIES,5279.96,5279.96,Salud O. Carbajal,D,CA,24,119,2026Q1,true
C001112,2026 HON. SALUD O. CARBAJAL,OFFICIAL EXPENSES OF MEMBERS,OTHER SERVICES,7707.75,7707.75,Salud O. Carbajal,D,CA,24,119,2026Q1,true
C001112,2026 HON. SALUD O. CARBAJAL,OFFICIAL EXPENSES OF MEMBERS,SUPPLIES AND MATERIALS,10306.95,10306.95,Salud O. Carbajal,D,CA,24,119,2026Q1,true
C001112,2026 HON. SALUD O. CARBAJAL,OFFICIAL EXPENSES OF MEMBERS,EQUIPMENT,1298.76,1298.76,Salud O. Carbajal,D,CA,24,119,2026Q1,true
C001112,2026 HON. SALUD O. CARBAJAL,INTERN ALLOWANCES,PERSONNEL COMPENSATION,13655.56,13655.56,Salud O. Carbajal,D,CA,24,119,2026Q1,true
C001126,2026 HON. MIKE CAREY,OFFICIAL EXPENSES OF MEMBERS,FRANKED MAIL,10696.99,10696.99,Mike Carey,R,OH,15,119,2026Q1,true
C001126,2026 HON. MIKE CAREY,OFFICIAL EXPENSES OF MEMBERS,PERSONNEL COMPENSATION,312468.16,312468.16,Mike Carey,R,OH,15,119,2026Q1,true
C001126,2026 HON. MIKE CAREY,OFFICIAL EXPENSES OF MEMBERS,TRAVEL,6248.62,6248.62,Mike Carey,R,OH,15,119,2026Q1,true
C001126,2026 HON. MIKE CAREY,OFFICIAL EXPENSES OF MEMBERS,RENT COMMUNICATION UTILITIES,3322.75,3322.75,Mike Carey,R,OH,15,119,2026Q1,true
C001126,2026 HON. MIKE CAREY,OFFICIAL EXPENSES OF MEMBERS,PRINTING AND REPRODUCTION,66780.93,66780.93,Mike Carey,R,OH,15,119,2026Q1,true
C001126,2026 HON. MIKE CAREY,OFFICIAL EXPENSES OF MEMBERS,OTHER SERVICES,550,550,Mike Carey,R,OH,15,119,2026Q1,true
C001126,2026 HON. MIKE CAREY,OFFICIAL EXPENSES OF MEMBERS,SUPPLIES AND MATERIALS,2632.78,2632.78,Mike Carey,R,OH,15,119,2026Q1,true
C001126,2026 HON. MIKE CAREY,OFFICIAL EXPENSES OF MEMBERS,EQUIPMENT,345,345,Mike Carey,R,OH,15,119,2026Q1,true
C001126,2026 HON. MIKE CAREY,INTERN ALLOWANCES,PERSONNEL COMPENSATION,3146.67,3146.67,Mike Carey,R,OH,15,119,2026Q1,true
C001072,2026 HON. ANDRE CARSON,OFFICIAL EXPENSES OF MEMBERS,FRANKED MAIL,977.85,977.85,André Carson,D,IN,7,119,2026Q1,true
C001072,2026 HON. ANDRE CARSON,OFFICIAL EXPENSES OF MEMBERS,PERSONNEL COMPENSATION,346842.14,346842.14,André Carson,D,IN,7,119,2026Q1,true
C001072,2026 HON. ANDRE CARSON,OFFICIAL EXPENSES OF MEMBERS,TRAVEL,18488.08,18488.08,André Carson,D,IN,7,119,2026Q1,true
C001072,2026 HON. ANDRE CARSON,OFFICIAL EXPENSES OF MEMBERS,RENT COMMUNICATION UTILITIES,21976.24,21976.24,André Carson,D,IN,7,119,2026Q1,true
C001072,2026 HON. ANDRE CARSON,OFFICIAL EXPENSES OF MEMBERS,PRINTING AND REPRODUCTION,72900.65,72900.65,André Carson,D,IN,7,119,2026Q1,true
C001072,2026 HON. ANDRE CARSON,OFFICIAL EXPENSES OF MEMBERS,OTHER SERVICES,8197.03,8197.03,André Carson,D,IN,7,119,2026Q1,true
C001072,2026 HON. ANDRE CARSON,OFFICIAL EXPENSES OF MEMBERS,SUPPLIES AND MATERIALS,3115.32,3115.32,André Carson,D,IN,7,119,2026Q1,true
C001072,2026 HON. ANDRE CARSON,OFFICIAL EXPENSES OF MEMBERS,EQUIPMENT,996,996,André Carson,D,IN,7,119,2026Q1,true
C001072,2026 HON. ANDRE CARSON,INTERN ALLOWANCES,PERSONNEL COMPENSATION,11713.33,11713.33,André Carson,D,IN,7,119,2026Q1,true
C001103,"2026 HON. EARL L. ""BUDDY"" CARTER",OFFICIAL EXPENSES OF MEMBERS,FRANKED MAIL,112.73,112.73,"Earl L. ""Buddy"" Carter",R,GA,1,119,2026Q1,true
C001103,"2026 HON. EARL L. ""BUDDY"" CARTER",OFFICIAL EXPENSES OF MEMBERS,PERSONNEL COMPENSATION,331943.31,331943.31,"Earl L. ""Buddy"" Carter",R,GA,1,119,2026Q1,true
C001103,"2026 HON. EARL L. ""BUDDY"" CARTER",OFFICIAL EXPENSES OF MEMBERS,TRAVEL,36422.49,36422.49,"Earl L. ""Buddy"" Carter",R,GA,1,119,2026Q1,true
C001103,"2026 HON. EARL L. ""BUDDY"" CARTER",OFFICIAL EXPENSES OF MEMBERS,RENT COMMUNICATION UTILITIES,7027.35,7027.35,"Earl L. ""Buddy"" Carter",R,GA,1,119,2026Q1,true
C001103,"2026 HON. EARL L. ""BUDDY"" CARTER",OFFICIAL EXPENSES OF MEMBERS,PRINTING AND REPRODUCTION,3809.24,3809.24,"Earl L. ""Buddy"" Carter",R,GA,1,119,2026Q1,true
C001103,"2026 HON. EARL L. ""BUDDY"" CARTER",OFFICIAL EXPENSES OF MEMBERS,OTHER SERVICES,6701.67,6701.67,"Earl L. ""Buddy"" Carter",R,GA,1,119,2026Q1,true
C001103,"2026 HON. EARL L. ""BUDDY"" CARTER",OFFICIAL EXPENSES OF MEMBERS,SUPPLIES AND MATERIALS,6686.13,6686.13,"Earl L. ""Buddy"" Carter",R,GA,1,119,2026Q1,true
C001103,"2026 HON. EARL L. ""BUDDY"" CARTER",OFFICIAL EXPENSES OF MEMBERS,EQUIPMENT,5496.66,5496.66,"Earl L. ""Buddy"" Carter",R,GA,1,119,2026Q1,true
C001103,"2026 HON. EARL L. ""BUDDY"" CARTER",INTERN ALLOWANCES,PERSONNEL COMPENSATION,11550,11550,"Earl L. ""Buddy"" Carter",R,GA,1,119,2026Q1,true
C001051,2026 HON. JOHN R. CARTER,OFFICIAL EXPENSES OF MEMBERS,FRANKED MAIL,67589.68,67589.68,John R. Carter,R,TX,31,119,2026Q1,true
C001051,2026 HON. JOHN R. CARTER,OFFICIAL EXPENSES OF MEMBERS,PERSONNEL COMPENSATION,302631.19,302631.19,John R. Carter,R,TX,31,119,2026Q1,true
C001051,2026 HON. JOHN R. CARTER,OFFICIAL EXPENSES OF MEMBERS,TRAVEL,38592.03,38592.03,John R. Carter,R,TX,31,119,2026Q1,true
C001051,2026 HON. JOHN R. CARTER,OFFICIAL EXPENSES OF MEMBERS,RENT COMMUNICATION UTILITIES,42679.24,42679.24,John R. Carter,R,TX,31,119,2026Q1,true
C001051,2026 HON. JOHN R. CARTER,OFFICIAL EXPENSES OF MEMBERS,PRINTING AND REPRODUCTION,45460.31,45460.31,John R. Carter,R,TX,31,119,2026Q1,true
C001051,2026 HON. JOHN R. CARTER,OFFICIAL EXPENSES OF MEMBERS,OTHER SERVICES,19041.27,19041.27,John R. Carter,R,TX,31,119,2026Q1,true
C001051,2026 HON. JOHN R. CARTER,OFFICIAL EXPENSES OF MEMBERS,SUPPLIES AND MATERIALS,9484.89,9484.89,John R. Carter,R,TX,31,119,2026Q1,true
C001051,2026 HON. JOHN R. CARTER,OFFICIAL EXPENSES OF MEMBERS,EQUIPMENT,16477.07,16477.07,John R. Carter,R,TX,31,119,2026Q1,true
C001051,2026 HON. JOHN R. CARTER,INTERN ALLOWANCES,PERSONNEL COMPENSATION,6958.33,6958.33,John R. Carter,R,TX,31,119,2026Q1,true
C001125,2026 HON. TROY A. CARTER,OFFICIAL EXPENSES OF MEMBERS,FRANKED MAIL,183.24,183.24,Troy A. Carter,D,LA,2,119,2026Q1,true
C001125,2026 HON. TROY A. CARTER,OFFICIAL EXPENSES OF MEMBERS,PERSONNEL COMPENSATION,329283.31,329283.31,Troy A. Carter,D,LA,2,119,2026Q1,true
C001125,2026 HON. TROY A. CARTER,OFFICIAL EXPENSES OF MEMBERS,TRAVEL,19892.64,19892.64,Troy A. Carter,D,LA,2,119,2026Q1,true
C001125,2026 HON. TROY A. CARTER,OFFICIAL EXPENSES OF MEMBERS,RENT COMMUNICATION UTILITIES,26342.44,26342.44,Troy A. Carter,D,LA,2,119,2026Q1,true
C001125,2026 HON. TROY A. CARTER,OFFICIAL EXPENSES OF MEMBERS,PRINTING AND REPRODUCTION,764,764,Troy A. Carter,D,LA,2,119,2026Q1,true
C001125,2026 HON. TROY A. CARTER,OFFICIAL EXPENSES OF MEMBERS,OTHER SERVICES,6120,6120,Troy A. Carter,D,LA,2,119,2026Q1,true
C001125,2026 HON. TROY A. CARTER,OFFICIAL EXPENSES OF MEMBERS,SUPPLIES AND MATERIALS,6353.68,6353.68,Troy A. Carter,D,LA,2,119,2026Q1,true
C001125,2026 HON. TROY A. CARTER,OFFICIAL EXPENSES OF MEMBERS,EQUIPMENT,861,861,Troy A. Carter,D,LA,2,119,2026Q1,true
C001125,2026 HON. TROY A. CARTER,INTERN ALLOWANCES,PERSONNEL COMPENSATION,3168.77,3168.77,Troy A. Carter,D,LA,2,119,2026Q1,true
C001131,2026 HON. GREG CASAR,OFFICIAL EXPENSES OF MEMBERS,FRANKED MAIL,-3.64,-3.64,Greg Casar,D,TX,35,119,2026Q1,true
C001131,2026 HON. GREG CASAR,OFFICIAL EXPENSES OF MEMBERS,PERSONNEL COMPENSATION,362320.85,362320.85,Greg Casar,D,TX,35,119,2026Q1,true
C001131,2026 HON. GREG CASAR,OFFICIAL EXPENSES OF MEMBERS,TRAVEL,9634.6,9634.6,Greg Casar,D,TX,35,119,2026Q1,true
C001131,2026 HON. GREG CASAR,OFFICIAL EXPENSES OF MEMBERS,RENT COMMUNICATION UTILITIES,5517.3,5517.3,Greg Casar,D,TX,35,119,2026Q1,true
C001131,2026 HON. GREG CASAR,OFFICIAL EXPENSES OF MEMBERS,PRINTING AND REPRODUCTION,103.4,103.4,Greg Casar,D,TX,35,119,2026Q1,true
C001131,2026 HON. GREG CASAR,OFFICIAL EXPENSES OF MEMBERS,OTHER SERVICES,470.25,470.25,Greg Casar,D,TX,35,119,2026Q1,true
C001131,2026 HON. GREG CASAR,OFFICIAL EXPENSES OF MEMBERS,SUPPLIES AND MATERIALS,716.56,716.56,Greg Casar,D,TX,35,119,2026Q1,true
C001131,2026 HON. GREG CASAR,OFFICIAL EXPENSES OF MEMBERS,EQUIPMENT,1891.44,1891.44,Greg Casar,D,TX,35,119,2026Q1,true
C001131,2026 HON. GREG CASAR,INTERN ALLOWANCES,PERSONNEL COMPENSATION,10796.66,10796.66,Greg Casar,D,TX,35,119,2026Q1,true
C001055,2026 HON. ED CASE,OFFICIAL EXPENSES OF MEMBERS,FRANKED MAIL,608.92,608.92,Ed Case,D,HI,1,119,2026Q1,true
C001055,2026 HON. ED CASE,OFFICIAL EXPENSES OF MEMBERS,PERSONNEL COMPENSATION,256760.04,256760.04,Ed Case,D,HI,1,119,2026Q1,true
C001055,2026 HON. ED CASE,OFFICIAL EXPENSES OF MEMBERS,TRAVEL,22088.22,22088.22,Ed Case,D,HI,1,119,2026Q1,true
C001055,2026 HON. ED CASE,OFFICIAL EXPENSES OF MEMBERS,RENT COMMUNICATION UTILITIES,34992.44,34992.44,Ed Case,D,HI,1,119,2026Q1,true
C001055,2026 HON. ED CASE,OFFICIAL EXPENSES OF MEMBERS,PRINTING AND REPRODUCTION,8641.05,8641.05,Ed Case,D,HI,1,119,2026Q1,true
C001055,2026 HON. ED CASE,OFFICIAL EXPENSES OF MEMBERS,OTHER SERVICES,14841.11,14841.11,Ed Case,D,HI,1,119,2026Q1,true
C001055,2026 HON. ED CASE,OFFICIAL EXPENSES OF MEMBERS,SUPPLIES AND MATERIALS,3088.02,3088.02,Ed Case,D,HI,1,119,2026Q1,true
C001055,2026 HON. ED CASE,OFFICIAL EXPENSES OF MEMBERS,EQUIPMENT,744,744,Ed Case,D,HI,1,119,2026Q1,true
C001055,2026 HON. ED CASE,INTERN ALLOWANCES,PERSONNEL COMPENSATION,5398.33,5398.33,Ed Case,D,HI,1,119,2026Q1,true
C001117,2026 HON. SEAN CASTEN,OFFICIAL EXPENSES OF MEMBERS,FRANKED MAIL,20.04,20.04,Sean Casten,D,IL,6,119,2026Q1,true
C001117,2026 HON. SEAN CASTEN,OFFICIAL EXPENSES OF MEMBERS,PERSONNEL COMPENSATION,347397.23,347397.23,Sean Casten,D,IL,6,119,2026Q1,true
C001117,2026 HON. SEAN CASTEN,OFFICIAL EXPENSES OF MEMBERS,TRAVEL,5147.63,5147.63,Sean Casten,D,IL,6,119,2026Q1,true
C001117,2026 HON. SEAN CASTEN,OFFICIAL EXPENSES OF MEMBERS,RENT COMMUNICATION UTILITIES,12489.03,12489.03,Sean Casten,D,IL,6,119,2026Q1,true
C001117,2026 HON. SEAN CASTEN,OFFICIAL EXPENSES OF MEMBERS,PRINTING AND REPRODUCTION,246.25,246.25,Sean Casten,D,IL,6,119,2026Q1,true
C001117,2026 HON. SEAN CASTEN,OFFICIAL EXPENSES OF MEMBERS,OTHER SERVICES,1454.26,1454.26,Sean Casten,D,IL,6,119,2026Q1,true
C001117,2026 HON. SEAN CASTEN,OFFICIAL EXPENSES OF MEMBERS,SUPPLIES AND MATERIALS,2158.57,2158.57,Sean Casten,D,IL,6,119,2026Q1,true
C001117,2026 HON. SEAN CASTEN,OFFICIAL EXPENSES OF MEMBERS,EQUIPMENT,1471.5,1471.5,Sean Casten,D,IL,6,119,2026Q1,true
C001117,2026 HON. SEAN CASTEN,INTERN ALLOWANCES,PERSONNEL COMPENSATION,11610,11610,Sean Casten,D,IL,6,119,2026Q1,true
C001066,2026 HON. KATHY CASTOR,OFFICIAL EXPENSES OF MEMBERS,FRANKED MAIL,-69.5,-69.5,Kathy Castor,D,FL,14,119,2026Q1,true
C001066,2026 HON. KATHY CASTOR,OFFICIAL EXPENSES OF MEMBERS,PERSONNEL COMPENSATION,359497.17,359497.17,Kathy Castor,D,FL,14,119,2026Q1,true
C001066,2026 HON. KATHY CASTOR,OFFICIAL EXPENSES OF MEMBERS,TRAVEL,5113.93,5113.93,Kathy Castor,D,FL,14,119,2026Q1,true
C001066,2026 HON. KATHY CASTOR,OFFICIAL EXPENSES OF MEMBERS,RENT COMMUNICATION UTILITIES,11662.13,11662.13,Kathy Castor,D,FL,14,119,2026Q1,true
C001066,2026 HON. KATHY CASTOR,OFFICIAL EXPENSES OF MEMBERS,PRINTING AND REPRODUCTION,40.8,40.8,Kathy Castor,D,FL,14,119,2026Q1,true
C001066,2026 HON. KATHY CASTOR,OFFICIAL EXPENSES OF MEMBERS,OTHER SERVICES,8815.34,8815.34,Kathy Castor,D,FL,14,119,2026Q1,true
C001066,2026 HON. KATHY CASTOR,OFFICIAL EXPENSES OF MEMBERS,SUPPLIES AND MATERIALS,2488.09,2488.09,Kathy Castor,D,FL,14,119,2026Q1,true
C001066,2026 HON. KATHY CASTOR,INTERN ALLOWANCES,PERSONNEL COMPENSATION,10718.02,10718.02,Kathy Castor,D,FL,14,119,2026Q1,true
C001091,2026 HON. JOAQUIN CASTRO,OFFICIAL EXPENSES OF MEMBERS,FRANKED MAIL,143.62,143.62,Joaquin Castro,D,TX,20,119,2026Q1,true
C001091,2026 HON. JOAQUIN CASTRO,OFFICIAL EXPENSES OF MEMBERS,PERSONNEL COMPENSATION,352680.57,352680.57,Joaquin Castro,D,TX,20,119,2026Q1,true
C001091,2026 HON. JOAQUIN CASTRO,OFFICIAL EXPENSES OF MEMBERS,TRAVEL,17988.73,17988.73,Joaquin Castro,D,TX,20,119,2026Q1,true
C001091,2026 HON. JOAQUIN CASTRO,OFFICIAL EXPENSES OF MEMBERS,RENT COMMUNICATION UTILITIES,4154.21,4154.21,Joaquin Castro,D,TX,20,119,2026Q1,true
C001091,2026 HON. JOAQUIN CASTRO,OFFICIAL EXPENSES OF MEMBERS,OTHER SERVICES,6278.56,6278.56,Joaquin Castro,D,TX,20,119,2026Q1,true
C001091,2026 HON. JOAQUIN CASTRO,OFFICIAL EXPENSES OF MEMBERS,SUPPLIES AND MATERIALS,4739.38,4739.38,Joaquin Castro,D,TX,20,119,2026Q1,true
C001091,2026 HON. JOAQUIN CASTRO,OFFICIAL EXPENSES OF MEMBERS,EQUIPMENT,744,744,Joaquin Castro,D,TX,20,119,2026Q1,true
C001091,2026 HON. JOAQUIN CASTRO,INTERN ALLOWANCES,PERSONNEL COMPENSATION,14508,14508,Joaquin Castro,D,TX,20,119,2026Q1,true
C001127,2026 HON. SHEILA CHERFILUS-MCCORMICK,OFFICIAL EXPENSES OF MEMBERS,FRANKED MAIL,23706.95,23706.95,Sheila Cherfilus-McCormick,D,FL,20,119,2026Q1,true
C001127,2026 HON. SHEILA CHERFILUS-MCCORMICK,OFFICIAL EXPENSES OF MEMBERS,PERSONNEL COMPENSATION,262605.49,262605.49,Sheila Cherfilus-McCormick,D,FL,20,119,2026Q1,true
C001127,2026 HON. SHEILA CHERFILUS-MCCORMICK,OFFICIAL EXPENSES OF MEMBERS,TRAVEL,12858.16,12858.16,Sheila Cherfilus-McCormick,D,FL,20,119,2026Q1,true
C001127,2026 HON. SHEILA CHERFILUS-MCCORMICK,OFFICIAL EXPENSES OF MEMBERS,RENT COMMUNICATION UTILITIES,54773.29,54773.29,Sheila Cherfilus-McCormick,D,FL,20,119,2026Q1,true
C001127,2026 HON. SHEILA CHERFILUS-MCCORMICK,OFFICIAL EXPENSES OF MEMBERS,PRINTING AND REPRODUCTION,28911.38,28911.38,Sheila Cherfilus-McCormick,D,FL,20,119,2026Q1,true
C001127,2026 HON. SHEILA CHERFILUS-MCCORMICK,OFFICIAL EXPENSES OF MEMBERS,OTHER SERVICES,29641.25,29641.25,Sheila Cherfilus-McCormick,D,FL,20,119,2026Q1,true
C001127,2026 HON. SHEILA CHERFILUS-MCCORMICK,OFFICIAL EXPENSES OF MEMBERS,SUPPLIES AND MATERIALS,2979.27,2979.27,Sheila Cherfilus-McCormick,D,FL,20,119,2026Q1,true
C001127,2026 HON. SHEILA CHERFILUS-MCCORMICK,OFFICIAL EXPENSES OF MEMBERS,EQUIPMENT,1722,1722,Sheila Cherfilus-McCormick,D,FL,20,119,2026Q1,true
C001127,2026 HON. SHEILA CHERFILUS-MCCORMICK,INTERN ALLOWANCES,PERSONNEL COMPENSATION,8970,8970,Sheila Cherfilus-McCormick,D,FL,20,119,2026Q1,true
C001080,2026 HON. JUDY CHU,OFFICIAL EXPENSES OF MEMBERS,FRANKED MAIL,239.04,239.04,Judy Chu,D,CA,27,119,2026Q1,true
C001080,2026 HON. JUDY CHU,OFFICIAL EXPENSES OF MEMBERS,PERSONNEL COMPENSATION,319041.18,319041.18,Judy Chu,D,CA,27,119,2026Q1,true
C001080,2026 HON. JUDY CHU,OFFICIAL EXPENSES OF MEMBERS,TRAVEL,16077.48,16077.48,Judy Chu,D,CA,27,119,2026Q1,true
C001080,2026 HON. JUDY CHU,OFFICIAL EXPENSES OF MEMBERS,RENT COMMUNICATION UTILITIES,6538.84,6538.84,Judy Chu,D,CA,27,119,2026Q1,true
C001080,2026 HON. JUDY CHU,OFFICIAL EXPENSES OF MEMBERS,PRINTING AND REPRODUCTION,100,100,Judy Chu,D,CA,27,119,2026Q1,true
C001080,2026 HON. JUDY CHU,OFFICIAL EXPENSES OF MEMBERS,OTHER SERVICES,287.24,287.24,Judy Chu,D,CA,27,119,2026Q1,true
C001080,2026 HON. JUDY CHU,OFFICIAL EXPENSES OF MEMBERS,SUPPLIES AND MATERIALS,2803.74,2803.74,Judy Chu,D,CA,27,119,2026Q1,true
C001080,2026 HON. JUDY CHU,OFFICIAL EXPENSES OF MEMBERS,EQUIPMENT,1384.14,1384.14,Judy Chu,D,CA,27,119,2026Q1,true
C001080,2026 HON. JUDY CHU,INTERN ALLOWANCES,PERSONNEL COMPENSATION,7511.66,7511.66,Judy Chu,D,CA,27,119,2026Q1,true
C001133,2026 HON. JUAN CISCOMANI,OFFICIAL EXPENSES OF MEMBERS,FRANKED MAIL,681.97,681.97,Juan Ciscomani,R,AZ,6,119,2026Q1,true
C001133,2026 HON. JUAN CISCOMANI,OFFICIAL EXPENSES OF MEMBERS,PERSONNEL COMPENSATION,287683.85,287683.85,Juan Ciscomani,R,AZ,6,119,2026Q1,true
C001133,2026 HON. JUAN CISCOMANI,OFFICIAL EXPENSES OF MEMBERS,TRAVEL,14327.8,14327.8,Juan Ciscomani,R,AZ,6,119,2026Q1,true
C001133,2026 HON. JUAN CISCOMANI,OFFICIAL EXPENSES OF MEMBERS,RENT COMMUNICATION UTILITIES,6869.06,6869.06,Juan Ciscomani,R,AZ,6,119,2026Q1,true
C001133,2026 HON. JUAN CISCOMANI,OFFICIAL EXPENSES OF MEMBERS,PRINTING AND REPRODUCTION,4127.35,4127.35,Juan Ciscomani,R,AZ,6,119,2026Q1,true
C001133,2026 HON. JUAN CISCOMANI,OFFICIAL EXPENSES OF MEMBERS,OTHER SERVICES,13134.82,13134.82,Juan Ciscomani,R,AZ,6,119,2026Q1,true
C001133,2026 HON. JUAN CISCOMANI,OFFICIAL EXPENSES OF MEMBERS,SUPPLIES AND MATERIALS,8183.91,8183.91,Juan Ciscomani,R,AZ,6,119,2026Q1,true
C001133,2026 HON. JUAN CISCOMANI,OFFICIAL EXPENSES OF MEMBERS,EQUIPMENT,4327.36,4327.36,Juan Ciscomani,R,AZ,6,119,2026Q1,true
C001133,2026 HON. JUAN CISCOMANI,INTERN ALLOWANCES,PERSONNEL COMPENSATION,15450,15450,Juan Ciscomani,R,AZ,6,119,2026Q1,true
C001123,2026 HON. GILBERT RAY CISNEROS JR.,OFFICIAL EXPENSES OF MEMBERS,FRANKED MAIL,36.91,36.91,"Gilbert Ray Cisneros, Jr.",D,CA,39,119,2026Q1,true
C001123,2026 HON. GILBERT RAY CISNEROS JR.,OFFICIAL EXPENSES OF MEMBERS,PERSONNEL COMPENSATION,351361.1,351361.1,"Gilbert Ray Cisneros, Jr.",D,CA,39,119,2026Q1,true
C001123,2026 HON. GILBERT RAY CISNEROS JR.,OFFICIAL EXPENSES OF MEMBERS,TRAVEL,6908.37,6908.37,"Gilbert Ray Cisneros, Jr.",D,CA,39,119,2026Q1,true
C001123,2026 HON. GILBERT RAY CISNEROS JR.,OFFICIAL EXPENSES OF MEMBERS,RENT COMMUNICATION UTILITIES,8169.64,8169.64,"Gilbert Ray Cisneros, Jr.",D,CA,39,119,2026Q1,true
C001123,2026 HON. GILBERT RAY CISNEROS JR.,OFFICIAL EXPENSES OF MEMBERS,PRINTING AND REPRODUCTION,799.5,799.5,"Gilbert Ray Cisneros, Jr.",D,CA,39,119,2026Q1,true
C001123,2026 HON. GILBERT RAY CISNEROS JR.,OFFICIAL EXPENSES OF MEMBERS,OTHER SERVICES,1316.36,1316.36,"Gilbert Ray Cisneros, Jr.",D,CA,39,119,2026Q1,true
C001123,2026 HON. GILBERT RAY CISNEROS JR.,OFFICIAL EXPENSES OF MEMBERS,SUPPLIES AND MATERIALS,7494.26,7494.26,"Gilbert Ray Cisneros, Jr.",D,CA,39,119,2026Q1,true
C001123,2026 HON. GILBERT RAY CISNEROS JR.,OFFICIAL EXPENSES OF MEMBERS,EQUIPMENT,867,867,"Gilbert Ray Cisneros, Jr.",D,CA,39,119,2026Q1,true
C001123,2026 HON. GILBERT RAY CISNEROS JR.,INTERN ALLOWANCES,PERSONNEL COMPENSATION,10800,10800,"Gilbert Ray Cisneros, Jr.",D,CA,39,119,2026Q1,true
C001101,2026 HON. KATHERINE M. CLARK,OFFICIAL EXPENSES OF MEMBERS,FRANKED MAIL,276.05,276.05,Katherine M. Clark,D,MA,5,119,2026Q1,true
C001101,2026 HON. KATHERINE M. CLARK,OFFICIAL EXPENSES OF MEMBERS,PERSONNEL COMPENSATION,323050.31,323050.31,Katherine M. Clark,D,MA,5,119,2026Q1,true
C001101,2026 HON. KATHERINE M. CLARK,OFFICIAL EXPENSES OF MEMBERS,TRAVEL,5944.99,5944.99,Katherine M. Clark,D,MA,5,119,2026Q1,true
C001101,2026 HON. KATHERINE M. CLARK,OFFICIAL EXPENSES OF MEMBERS,RENT COMMUNICATION UTILITIES,4413.57,4413.57,Katherine M. Clark,D,MA,5,119,2026Q1,true
C001101,2026 HON. KATHERINE M. CLARK,OFFICIAL EXPENSES OF MEMBERS,PRINTING AND REPRODUCTION,4280,4280,Katherine M. Clark,D,MA,5,119,2026Q1,true
C001101,2026 HON. KATHERINE M. CLARK,OFFICIAL EXPENSES OF MEMBERS,OTHER SERVICES,1225.86,1225.86,Katherine M. Clark,D,MA,5,119,2026Q1,true
C001101,2026 HON. KATHERINE M. CLARK,OFFICIAL EXPENSES OF MEMBERS,SUPPLIES AND MATERIALS,1096.83,1096.83,Katherine M. Clark,D,MA,5,119,2026Q1,true
C001101,2026 HON. KATHERINE M. CLARK,OFFICIAL EXPENSES OF MEMBERS,EQUIPMENT,3465.29,3465.29,Katherine M. Clark,D,MA,5,119,2026Q1,true
C001101,2026 HON. KATHERINE M. CLARK,INTERN ALLOWANCES,PERSONNEL COMPENSATION,11758.67,11758.67,Katherine M. Clark,D,MA,5,119,2026Q1,true
C001067,2026 HON. YVETTE D. CLARKE,OFFICIAL EXPENSES OF MEMBERS,FRANKED MAIL,10.85,10.85,Yvette D. Clarke,D,NY,9,119,2026Q1,true
C001067,2026 HON. YVETTE D. CLARKE,OFFICIAL EXPENSES OF MEMBERS,PERSONNEL COMPENSATION,329699.97,329699.97,Yvette D. Clarke,D,NY,9,119,2026Q1,true
C001067,2026 HON. YVETTE D. CLARKE,OFFICIAL EXPENSES OF MEMBERS,TRAVEL,7337.9,7337.9,Yvette D. Clarke,D,NY,9,119,2026Q1,true
C001067,2026 HON. YVETTE D. CLARKE,OFFICIAL EXPENSES OF MEMBERS,RENT COMMUNICATION UTILITIES,27777.09,27777.09,Yvette D. Clarke,D,NY,9,119,2026Q1,true
C001067,2026 HON. YVETTE D. CLARKE,OFFICIAL EXPENSES OF MEMBERS,PRINTING AND REPRODUCTION,1023.42,1023.42,Yvette D. Clarke,D,NY,9,119,2026Q1,true
C001067,2026 HON. YVETTE D. CLARKE,OFFICIAL EXPENSES OF MEMBERS,OTHER SERVICES,12545.06,12545.06,Yvette D. Clarke,D,NY,9,119,2026Q1,true
C001067,2026 HON. YVETTE D. CLARKE,OFFICIAL EXPENSES OF MEMBERS,SUPPLIES AND MATERIALS,1382.59,1382.59,Yvette D. Clarke,D,NY,9,119,2026Q1,true
C001067,2026 HON. YVETTE D. CLARKE,OFFICIAL EXPENSES OF MEMBERS,EQUIPMENT,546,546,Yvette D. Clarke,D,NY,9,119,2026Q1,true
C001067,2026 HON. YVETTE D. CLARKE,INTERN ALLOWANCES,PERSONNEL COMPENSATION,11360,11360,Yvette D. Clarke,D,NY,9,119,2026Q1,true
C001061,2026 HON. EMANUEL CLEAVER,OFFICIAL EXPENSES OF MEMBERS,FRANKED MAIL,-125.1,-125.1,Emanuel Cleaver,D,MO,5,119,2026Q1,true
C001061,2026 HON. EMANUEL CLEAVER,OFFICIAL EXPENSES OF MEMBERS,PERSONNEL COMPENSATION,362702.2,362702.2,Emanuel Cleaver,D,MO,5,119,2026Q1,true
C001061,2026 HON. EMANUEL CLEAVER,OFFICIAL EXPENSES OF MEMBERS,TRAVEL,4314.67,4314.67,Emanuel Cleaver,D,MO,5,119,2026Q1,true
C001061,2026 HON. EMANUEL CLEAVER,OFFICIAL EXPENSES OF MEMBERS,RENT COMMUNICATION UTILITIES,9138.69,9138.69,Emanuel Cleaver,D,MO,5,119,2026Q1,true
C001061,2026 HON. EMANUEL CLEAVER,OFFICIAL EXPENSES OF MEMBERS,PRINTING AND REPRODUCTION,415.69,415.69,Emanuel Cleaver,D,MO,5,119,2026Q1,true
C001061,2026 HON. EMANUEL CLEAVER,OFFICIAL EXPENSES OF MEMBERS,OTHER SERVICES,6248.96,6248.96,Emanuel Cleaver,D,MO,5,119,2026Q1,true
C001061,2026 HON. EMANUEL CLEAVER,OFFICIAL EXPENSES OF MEMBERS,SUPPLIES AND MATERIALS,2197.43,2197.43,Emanuel Cleaver,D,MO,5,119,2026Q1,true
C001061,2026 HON. EMANUEL CLEAVER,OFFICIAL EXPENSES OF MEMBERS,EQUIPMENT,795,795,Emanuel Cleaver,D,MO,5,119,2026Q1,true
C001061,2026 HON. EMANUEL CLEAVER,INTERN ALLOWANCES,PERSONNEL COMPENSATION,8129.33,8129.33,Emanuel Cleaver,D,MO,5,119,2026Q1,true
C001118,2026 HON. BEN CLINE,OFFICIAL EXPENSES OF MEMBERS,FRANKED MAIL,388.66,388.66,Ben Cline,R,VA,6,119,2026Q1,true
C001118,2026 HON. BEN CLINE,OFFICIAL EXPENSES OF MEMBERS,PERSONNEL COMPENSATION,355358.92,355358.92,Ben Cline,R,VA,6,119,2026Q1,true
C001118,2026 HON. BEN CLINE,OFFICIAL EXPENSES OF MEMBERS,TRAVEL,3932.17,3932.17,Ben Cline,R,VA,6,119,2026Q1,true
C001118,2026 HON. BEN CLINE,OFFICIAL EXPENSES OF MEMBERS,RENT COMMUNICATION UTILITIES,5347.42,5347.42,Ben Cline,R,VA,6,119,2026Q1,true
C001118,2026 HON. BEN CLINE,OFFICIAL EXPENSES OF MEMBERS,PRINTING AND REPRODUCTION,846.73,846.73,Ben Cline,R,VA,6,119,2026Q1,true
C001118,2026 HON. BEN CLINE,OFFICIAL EXPENSES OF MEMBERS,OTHER SERVICES,400,400,Ben Cline,R,VA,6,119,2026Q1,true
C001118,2026 HON. BEN CLINE,OFFICIAL EXPENSES OF MEMBERS,SUPPLIES AND MATERIALS,11582.37,11582.37,Ben Cline,R,VA,6,119,2026Q1,true
C001118,2026 HON. BEN CLINE,OFFICIAL EXPENSES OF MEMBERS,EQUIPMENT,593.25,593.25,Ben Cline,R,VA,6,119,2026Q1,true
C001118,2026 HON. BEN CLINE,INTERN ALLOWANCES,PERSONNEL COMPENSATION,8250,8250,Ben Cline,R,VA,6,119,2026Q1,true
C001115,2026 HON. MICHAEL CLOUD,OFFICIAL EXPENSES OF MEMBERS,FRANKED MAIL,-38.07,-38.07,Michael Cloud,R,TX,27,119,2026Q1,true
C001115,2026 HON. MICHAEL CLOUD,OFFICIAL EXPENSES OF MEMBERS,PERSONNEL COMPENSATION,329069.8,329069.8,Michael Cloud,R,TX,27,119,2026Q1,true
C001115,2026 HON. MICHAEL CLOUD,OFFICIAL EXPENSES OF MEMBERS,TRAVEL,20158.36,20158.36,Michael Cloud,R,TX,27,119,2026Q1,true
C001115,2026 HON. MICHAEL CLOUD,OFFICIAL EXPENSES OF MEMBERS,RENT COMMUNICATION UTILITIES,9604.46,9604.46,Michael Cloud,R,TX,27,119,2026Q1,true
C001115,2026 HON. MICHAEL CLOUD,OFFICIAL EXPENSES OF MEMBERS,OTHER SERVICES,81.32,81.32,Michael Cloud,R,TX,27,119,2026Q1,true
C001115,2026 HON. MICHAEL CLOUD,OFFICIAL EXPENSES OF MEMBERS,SUPPLIES AND MATERIALS,2466.17,2466.17,Michael Cloud,R,TX,27,119,2026Q1,true
C001115,2026 HON. MICHAEL CLOUD,OFFICIAL EXPENSES OF MEMBERS,EQUIPMENT,1540.99,1540.99,Michael Cloud,R,TX,27,119,2026Q1,true
C001115,2026 HON. MICHAEL CLOUD,INTERN ALLOWANCES,PERSONNEL COMPENSATION,10443.33,10443.33,Michael Cloud,R,TX,27,119,2026Q1,true
C000537,2026 HON. JAMES E. CLYBURN,OFFICIAL EXPENSES OF MEMBERS,FRANKED MAIL,3815.34,3815.34,James E. Clyburn,D,SC,6,119,2026Q1,true
C000537,2026 HON. JAMES E. CLYBURN,OFFICIAL EXPENSES OF MEMBERS,PERSONNEL COMPENSATION,324122.61,324122.61,James E. Clyburn,D,SC,6,119,2026Q1,true
C000537,2026 HON. JAMES E. CLYBURN,OFFICIAL EXPENSES OF MEMBERS,TRAVEL,16464.48,16464.48,James E. Clyburn,D,SC,6,119,2026Q1,true
C000537,2026 HON. JAMES E. CLYBURN,OFFICIAL EXPENSES OF MEMBERS,TRANSPORTATION OF THINGS,15,15,James E. Clyburn,D,SC,6,119,2026Q1,true
C000537,2026 HON. JAMES E. CLYBURN,OFFICIAL EXPENSES OF MEMBERS,RENT COMMUNICATION UTILITIES,47183.36,47183.36,James E. Clyburn,D,SC,6,119,2026Q1,true
C000537,2026 HON. JAMES E. CLYBURN,OFFICIAL EXPENSES OF MEMBERS,PRINTING AND REPRODUCTION,790.34,790.34,James E. Clyburn,D,SC,6,119,2026Q1,true
C000537,2026 HON. JAMES E. CLYBURN,OFFICIAL EXPENSES OF MEMBERS,OTHER SERVICES,22983.03,22983.03,James E. Clyburn,D,SC,6,119,2026Q1,true
C000537,2026 HON. JAMES E. CLYBURN,OFFICIAL EXPENSES OF MEMBERS,SUPPLIES AND MATERIALS,7435.21,7435.21,James E. Clyburn,D,SC,6,119,2026Q1,true
C000537,2026 HON. JAMES E. CLYBURN,OFFICIAL EXPENSES OF MEMBERS,EQUIPMENT,14186.04,14186.04,James E. Clyburn,D,SC,6,119,2026Q1,true
C000537,2026 HON. JAMES E. CLYBURN,INTERN ALLOWANCES,PERSONNEL COMPENSATION,12600.01,12600.01,James E. Clyburn,D,SC,6,119,2026Q1,true
C001116,2026 HON. ANDREW S. CLYDE,OFFICIAL EXPENSES OF MEMBERS,FRANKED MAIL,1444.36,1444.36,Andrew S. Clyde,R,GA,9,119,2026Q1,true
C001116,2026 HON. ANDREW S. CLYDE,OFFICIAL EXPENSES OF MEMBERS,PERSONNEL COMPENSATION,287038.63,287038.63,Andrew S. Clyde,R,GA,9,119,2026Q1,true
C001116,2026 HON. ANDREW S. CLYDE,OFFICIAL EXPENSES OF MEMBERS,TRAVEL,7172.71,7172.71,Andrew S. Clyde,R,GA,9,119,2026Q1,true
C001116,2026 HON. ANDREW S. CLYDE,OFFICIAL EXPENSES OF MEMBERS,RENT COMMUNICATION UTILITIES,39108.22,39108.22,Andrew S. Clyde,R,GA,9,119,2026Q1,true
C001116,2026 HON. ANDREW S. CLYDE,OFFICIAL EXPENSES OF MEMBERS,PRINTING AND REPRODUCTION,39565.71,39565.71,Andrew S. Clyde,R,GA,9,119,2026Q1,true
C001116,2026 HON. ANDREW S. CLYDE,OFFICIAL EXPENSES OF MEMBERS,SUPPLIES AND MATERIALS,1113.34,1113.34,Andrew S. Clyde,R,GA,9,119,2026Q1,true
C001116,2026 HON. ANDREW S. CLYDE,OFFICIAL EXPENSES OF MEMBERS,EQUIPMENT,1446.3,1446.3,Andrew S. Clyde,R,GA,9,119,2026Q1,true
C001116,2026 HON. ANDREW S. CLYDE,INTERN ALLOWANCES,PERSONNEL COMPENSATION,6026.66,6026.66,Andrew S. Clyde,R,GA,9,119,2026Q1,true
C001068,2026 HON. STEVE COHEN,OFFICIAL EXPENSES OF MEMBERS,FRANKED MAIL,328.14,328.14,Steve Cohen,D,TN,9,119,2026Q1,true
C001068,2026 HON. STEVE COHEN,OFFICIAL EXPENSES OF MEMBERS,PERSONNEL COMPENSATION,333604.48,333604.48,Steve Cohen,D,TN,9,119,2026Q1,true
C001068,2026 HON. STEVE COHEN,OFFICIAL EXPENSES OF MEMBERS,TRAVEL,7722.99,7722.99,Steve Cohen,D,TN,9,119,2026Q1,true
C001068,2026 HON. STEVE COHEN,OFFICIAL EXPENSES OF MEMBERS,RENT COMMUNICATION UTILITIES,20792.9,20792.9,Steve Cohen,D,TN,9,119,2026Q1,true
C001068,2026 HON. STEVE COHEN,OFFICIAL EXPENSES OF MEMBERS,PRINTING AND REPRODUCTION,558.87,558.87,Steve Cohen,D,TN,9,119,2026Q1,true
C001068,2026 HON. STEVE COHEN,OFFICIAL EXPENSES OF MEMBERS,OTHER SERVICES,13915.99,13915.99,Steve Cohen,D,TN,9,119,2026Q1,true
C001068,2026 HON. STEVE COHEN,OFFICIAL EXPENSES OF MEMBERS,SUPPLIES AND MATERIALS,9004.16,9004.16,Steve Cohen,D,TN,9,119,2026Q1,true
C001068,2026 HON. STEVE COHEN,OFFICIAL EXPENSES OF MEMBERS,EQUIPMENT,546,546,Steve Cohen,D,TN,9,119,2026Q1,true
C001068,2026 HON. STEVE COHEN,INTERN ALLOWANCES,PERSONNEL COMPENSATION,7653.33,7653.33,Steve Cohen,D,TN,9,119,2026Q1,true
C001053,2026 HON. TOM COLE,OFFICIAL EXPENSES OF MEMBERS,FRANKED MAIL,-108.28,-108.28,Tom Cole,R,OK,4,119,2026Q1,true
C001053,2026 HON. TOM COLE,OFFICIAL EXPENSES OF MEMBERS,PERSONNEL COMPENSATION,319838.01,319838.01,Tom Cole,R,OK,4,119,2026Q1,true
C001053,2026 HON. TOM COLE,OFFICIAL EXPENSES OF MEMBERS,TRAVEL,10884.23,10884.23,Tom Cole,R,OK,4,119,2026Q1,true
C001053,2026 HON. TOM COLE,OFFICIAL EXPENSES OF MEMBERS,RENT COMMUNICATION UTILITIES,8207.98,8207.98,Tom Cole,R,OK,4,119,2026Q1,true
C001053,2026 HON. TOM COLE,OFFICIAL EXPENSES OF MEMBERS,PRINTING AND REPRODUCTION,1083.9,1083.9,Tom Cole,R,OK,4,119,2026Q1,true
C001053,2026 HON. TOM COLE,OFFICIAL EXPENSES OF MEMBERS,OTHER SERVICES,808.88,808.88,Tom Cole,R,OK,4,119,2026Q1,true
C001053,2026 HON. TOM COLE,OFFICIAL EXPENSES OF MEMBERS,SUPPLIES AND MATERIALS,3215.05,3215.05,Tom Cole,R,OK,4,119,2026Q1,true
C001053,2026 HON. TOM COLE,OFFICIAL EXPENSES OF MEMBERS,EQUIPMENT,3491.95,3491.95,Tom Cole,R,OK,4,119,2026Q1,true
C001053,2026 HON. TOM COLE,INTERN ALLOWANCES,PERSONNEL COMPENSATION,4680,4680,Tom Cole,R,OK,4,119,2026Q1,true
C001129,2026 HON. MIKE COLLINS,OFFICIAL EXPENSES OF MEMBERS,FRANKED MAIL,136.79,136.79,Mike Collins,R,GA,10,119,2026Q1,true
C001129,2026 HON. MIKE COLLINS,OFFICIAL EXPENSES OF MEMBERS,PERSONNEL COMPENSATION,268605.59,268605.59,Mike Collins,R,GA,10,119,2026Q1,true
C001129,2026 HON. MIKE COLLINS,OFFICIAL EXPENSES OF MEMBERS,TRAVEL,8244.63,8244.63,Mike Collins,R,GA,10,119,2026Q1,true
C001129,2026 HON. MIKE COLLINS,OFFICIAL EXPENSES OF MEMBERS,RENT COMMUNICATION UTILITIES,2583.04,2583.04,Mike Collins,R,GA,10,119,2026Q1,true
C001129,2026 HON. MIKE COLLINS,OFFICIAL EXPENSES OF MEMBERS,PRINTING AND REPRODUCTION,307326.5,307326.5,Mike Collins,R,GA,10,119,2026Q1,true
C001129,2026 HON. MIKE COLLINS,OFFICIAL EXPENSES OF MEMBERS,SUPPLIES AND MATERIALS,1392.67,1392.67,Mike Collins,R,GA,10,119,2026Q1,true
C001129,2026 HON. MIKE COLLINS,OFFICIAL EXPENSES OF MEMBERS,EQUIPMENT,663.54,663.54,Mike Collins,R,GA,10,119,2026Q1,true
C001129,2026 HON. MIKE COLLINS,INTERN ALLOWANCES,PERSONNEL COMPENSATION,10575,10575,Mike Collins,R,GA,10,119,2026Q1,true
C001108,2026 HON. JAMES COMER,OFFICIAL EXPENSES OF MEMBERS,FRANKED MAIL,-34.65,-34.65,James Comer,R,KY,1,119,2026Q1,true
C001108,2026 HON. JAMES COMER,OFFICIAL EXPENSES OF MEMBERS,PERSONNEL COMPENSATION,322271.66,322271.66,James Comer,R,KY,1,119,2026Q1,true
C001108,2026 HON. JAMES COMER,OFFICIAL EXPENSES OF MEMBERS,TRAVEL,13361.85,13361.85,James Comer,R,KY,1,119,2026Q1,true
C001108,2026 HON. JAMES COMER,OFFICIAL EXPENSES OF MEMBERS,RENT COMMUNICATION UTILITIES,12195.05,12195.05,James Comer,R,KY,1,119,2026Q1,true
C001108,2026 HON. JAMES COMER,OFFICIAL EXPENSES OF MEMBERS,PRINTING AND REPRODUCTION,131.6,131.6,James Comer,R,KY,1,119,2026Q1,true
C001108,2026 HON. JAMES COMER,OFFICIAL EXPENSES OF MEMBERS,OTHER SERVICES,12608.26,12608.26,James Comer,R,KY,1,119,2026Q1,true
C001108,2026 HON. JAMES COMER,OFFICIAL EXPENSES OF MEMBERS,SUPPLIES AND MATERIALS,2037.96,2037.96,James Comer,R,KY,1,119,2026Q1,true
C001108,2026 HON. JAMES COMER,OFFICIAL EXPENSES OF MEMBERS,EQUIPMENT,1980,1980,James Comer,R,KY,1,119,2026Q1,true
C001108,2026 HON. JAMES COMER,INTERN ALLOWANCES,PERSONNEL COMPENSATION,5050,5050,James Comer,R,KY,1,119,2026Q1,true
C001136,2026 HON. HERBERT C. CONAWAY JR.,OFFICIAL EXPENSES OF MEMBERS,FRANKED MAIL,24.17,24.17,"Herbert C. Conaway, Jr.",D,NJ,3,119,2026Q1,true
C001136,2026 HON. HERBERT C. CONAWAY JR.,OFFICIAL EXPENSES OF MEMBERS,PERSONNEL COMPENSATION,292874.99,292874.99,"Herbert C. Conaway, Jr.",D,NJ,3,119,2026Q1,true
C001136,2026 HON. HERBERT C. CONAWAY JR.,OFFICIAL EXPENSES OF MEMBERS,TRAVEL,16189.16,16189.16,"Herbert C. Conaway, Jr.",D,NJ,3,119,2026Q1,true
C001136,2026 HON. HERBERT C. CONAWAY JR.,OFFICIAL EXPENSES OF MEMBERS,RENT COMMUNICATION UTILITIES,21106.14,21106.14,"Herbert C. Conaway, Jr.",D,NJ,3,119,2026Q1,true
C001136,2026 HON. HERBERT C. CONAWAY JR.,OFFICIAL EXPENSES OF MEMBERS,PRINTING AND REPRODUCTION,3044.83,3044.83,"Herbert C. Conaway, Jr.",D,NJ,3,119,2026Q1,true
C001136,2026 HON. HERBERT C. CONAWAY JR.,OFFICIAL EXPENSES OF MEMBERS,OTHER SERVICES,319.89,319.89,"Herbert C. Conaway, Jr.",D,NJ,3,119,2026Q1,true
C001136,2026 HON. HERBERT C. CONAWAY JR.,OFFICIAL EXPENSES OF MEMBERS,SUPPLIES AND MATERIALS,2744.73,2744.73,"Herbert C. Conaway, Jr.",D,NJ,3,119,2026Q1,true
C001136,2026 HON. HERBERT C. CONAWAY JR.,OFFICIAL EXPENSES OF MEMBERS,EQUIPMENT,18110.49,18110.49,"Herbert C. Conaway, Jr.",D,NJ,3,119,2026Q1,true
C001136,2026 HON. HERBERT C. CONAWAY JR.,INTERN ALLOWANCES,PERSONNEL COMPENSATION,17269.43,17269.43,"Herbert C. Conaway, Jr.",D,NJ,3,119,2026Q1,true
C001110,2026 HON. J. LUIS CORREA,OFFICIAL EXPENSES OF MEMBERS,FRANKED MAIL,833.13,833.13,J. Luis Correa,D,CA,46,119,2026Q1,true
C001110,2026 HON. J. LUIS CORREA,OFFICIAL EXPENSES OF MEMBERS,PERSONNEL COMPENSATION,279175.68,279175.68,J. Luis Correa,D,CA,46,119,2026Q1,true
C001110,2026 HON. J. LUIS CORREA,OFFICIAL EXPENSES OF MEMBERS,TRAVEL,6120.67,6120.67,J. Luis Correa,D,CA,46,119,2026Q1,true
C001110,2026 HON. J. LUIS CORREA,OFFICIAL EXPENSES OF MEMBERS,RENT COMMUNICATION UTILITIES,6615.17,6615.17,J. Luis Correa,D,CA,46,119,2026Q1,true
C001110,2026 HON. J. LUIS CORREA,OFFICIAL EXPENSES OF MEMBERS,PRINTING AND REPRODUCTION,14637,14637,J. Luis Correa,D,CA,46,119,2026Q1,true
C001110,2026 HON. J. LUIS CORREA,OFFICIAL EXPENSES OF MEMBERS,OTHER SERVICES,6270.77,6270.77,J. Luis Correa,D,CA,46,119,2026Q1,true
C001110,2026 HON. J. LUIS CORREA,OFFICIAL EXPENSES OF MEMBERS,SUPPLIES AND MATERIALS,5960.9,5960.9,J. Luis Correa,D,CA,46,119,2026Q1,true
C001110,2026 HON. J. LUIS CORREA,OFFICIAL EXPENSES OF MEMBERS,EQUIPMENT,861,861,J. Luis Correa,D,CA,46,119,2026Q1,true
C001110,2026 HON. J. LUIS CORREA,INTERN ALLOWANCES,PERSONNEL COMPENSATION,7088.32,7088.32,J. Luis Correa,D,CA,46,119,2026Q1,true
C001059,2026 HON. JIM COSTA,OFFICIAL EXPENSES OF MEMBERS,FRANKED MAIL,-34.68,-34.68,Jim Costa,D,CA,16,119,2026Q1,true
C001059,2026 HON. JIM COSTA,OFFICIAL EXPENSES OF MEMBERS,PERSONNEL COMPENSATION,315710.49,315710.49,Jim Costa,D,CA,16,119,2026Q1,true
C001059,2026 HON. JIM COSTA,OFFICIAL EXPENSES OF MEMBERS,TRAVEL,15918.75,15918.75,Jim Costa,D,CA,16,119,2026Q1,true
C001059,2026 HON. JIM COSTA,OFFICIAL EXPENSES OF MEMBERS,RENT COMMUNICATION UTILITIES,31872.11,31872.11,Jim Costa,D,CA,16,119,2026Q1,true
C001059,2026 HON. JIM COSTA,OFFICIAL EXPENSES OF MEMBERS,PRINTING AND REPRODUCTION,761,761,Jim Costa,D,CA,16,119,2026Q1,true
C001059,2026 HON. JIM COSTA,OFFICIAL EXPENSES OF MEMBERS,OTHER SERVICES,6220.9,6220.9,Jim Costa,D,CA,16,119,2026Q1,true
C001059,2026 HON. JIM COSTA,OFFICIAL EXPENSES OF MEMBERS,SUPPLIES AND MATERIALS,5180.92,5180.92,Jim Costa,D,CA,16,119,2026Q1,true
C001059,2026 HON. JIM COSTA,OFFICIAL EXPENSES OF MEMBERS,EQUIPMENT,330,330,Jim Costa,D,CA,16,119,2026Q1,true
C001059,2026 HON. JIM COSTA,INTERN ALLOWANCES,PERSONNEL COMPENSATION,12268.7,12268.7,Jim Costa,D,CA,16,119,2026Q1,true
C001069,2026 HON. JOE COURTNEY,OFFICIAL EXPENSES OF MEMBERS,FRANKED MAIL,54.8,54.8,Joe Courtney,D,CT,2,119,2026Q1,true
C001069,2026 HON. JOE COURTNEY,OFFICIAL EXPENSES OF MEMBERS,PERSONNEL COMPENSATION,331971.78,331971.78,Joe Courtney,D,CT,2,119,2026Q1,true
C001069,2026 HON. JOE COURTNEY,OFFICIAL EXPENSES OF MEMBERS,TRAVEL,8720.51,8720.51,Joe Courtney,D,CT,2,119,2026Q1,true
C001069,2026 HON. JOE COURTNEY,OFFICIAL EXPENSES OF MEMBERS,RENT COMMUNICATION UTILITIES,7268.74,7268.74,Joe Courtney,D,CT,2,119,2026Q1,true
C001069,2026 HON. JOE COURTNEY,OFFICIAL EXPENSES OF MEMBERS,PRINTING AND REPRODUCTION,7483.85,7483.85,Joe Courtney,D,CT,2,119,2026Q1,true
C001069,2026 HON. JOE COURTNEY,OFFICIAL EXPENSES OF MEMBERS,OTHER SERVICES,9113.23,9113.23,Joe Courtney,D,CT,2,119,2026Q1,true
C001069,2026 HON. JOE COURTNEY,OFFICIAL EXPENSES OF MEMBERS,SUPPLIES AND MATERIALS,2641.43,2641.43,Joe Courtney,D,CT,2,119,2026Q1,true
C001069,2026 HON. JOE COURTNEY,OFFICIAL EXPENSES OF MEMBERS,EQUIPMENT,546,546,Joe Courtney,D,CT,2,119,2026Q1,true
C001069,2026 HON. JOE COURTNEY,INTERN ALLOWANCES,PERSONNEL COMPENSATION,8183.46,8183.46,Joe Courtney,D,CT,2,119,2026Q1,true
C001119,2026 HON. ANGIE CRAIG,OFFICIAL EXPENSES OF MEMBERS,FRANKED MAIL,523.15,523.15,Angie Craig,D,MN,2,119,2026Q1,true
C001119,2026 HON. ANGIE CRAIG,OFFICIAL EXPENSES OF MEMBERS,PERSONNEL COMPENSATION,307836.66,307836.66,Angie Craig,D,MN,2,119,2026Q1,true
C001119,2026 HON. ANGIE CRAIG,OFFICIAL EXPENSES OF MEMBERS,TRAVEL,20236.54,20236.54,Angie Craig,D,MN,2,119,2026Q1,true
C001119,2026 HON. ANGIE CRAIG,OFFICIAL EXPENSES OF MEMBERS,RENT COMMUNICATION UTILITIES,5828.81,5828.81,Angie Craig,D,MN,2,119,2026Q1,true
C001119,2026 HON. ANGIE CRAIG,OFFICIAL EXPENSES OF MEMBERS,OTHER SERVICES,720,720,Angie Craig,D,MN,2,119,2026Q1,true
C001119,2026 HON. ANGIE CRAIG,OFFICIAL EXPENSES OF MEMBERS,SUPPLIES AND MATERIALS,1661.07,1661.07,Angie Craig,D,MN,2,119,2026Q1,true
C001119,2026 HON. ANGIE CRAIG,OFFICIAL EXPENSES OF MEMBERS,EQUIPMENT,1059,1059,Angie Craig,D,MN,2,119,2026Q1,true
C001119,2026 HON. ANGIE CRAIG,INTERN ALLOWANCES,PERSONNEL COMPENSATION,12510,12510,Angie Craig,D,MN,2,119,2026Q1,true
C001132,2026 HON. ELIJAH CRANE,OFFICIAL EXPENSES OF MEMBERS,FRANKED MAIL,73.31,73.31,Elijah Crane,R,AZ,2,119,2026Q1,true
C001132,2026 HON. ELIJAH CRANE,OFFICIAL EXPENSES OF MEMBERS,PERSONNEL COMPENSATION,321016.66,321016.66,Elijah Crane,R,AZ,2,119,2026Q1,true
C001132,2026 HON. ELIJAH CRANE,OFFICIAL EXPENSES OF MEMBERS,TRAVEL,11728.09,11728.09,Elijah Crane,R,AZ,2,119,2026Q1,true
C001132,2026 HON. ELIJAH CRANE,OFFICIAL EXPENSES OF MEMBERS,RENT COMMUNICATION UTILITIES,17098.5,17098.5,Elijah Crane,R,AZ,2,119,2026Q1,true
C001132,2026 HON. ELIJAH CRANE,OFFICIAL EXPENSES OF MEMBERS,PRINTING AND REPRODUCTION,8558.03,8558.03,Elijah Crane,R,AZ,2,119,2026Q1,true
C001132,2026 HON. ELIJAH CRANE,OFFICIAL EXPENSES OF MEMBERS,OTHER SERVICES,9914.77,9914.77,Elijah Crane,R,AZ,2,119,2026Q1,true
C001132,2026 HON. ELIJAH CRANE,OFFICIAL EXPENSES OF MEMBERS,SUPPLIES AND MATERIALS,9364.13,9364.13,Elijah Crane,R,AZ,2,119,2026Q1,true
C001132,2026 HON. ELIJAH CRANE,OFFICIAL EXPENSES OF MEMBERS,EQUIPMENT,501,501,Elijah Crane,R,AZ,2,119,2026Q1,true
C001132,2026 HON. ELIJAH CRANE,INTERN ALLOWANCES,PERSONNEL COMPENSATION,1950,1950,Elijah Crane,R,AZ,2,119,2026Q1,true
C001137,2026 HON. JEFF CRANK,OFFICIAL EXPENSES OF MEMBERS,FRANKED MAIL,-131.35,-131.35,Jeff Crank,R,CO,5,119,2026Q1,true
C001137,2026 HON. JEFF CRANK,OFFICIAL EXPENSES OF MEMBERS,PERSONNEL COMPENSATION,313476.35,313476.35,Jeff Crank,R,CO,5,119,2026Q1,true
C001137,2026 HON. JEFF CRANK,OFFICIAL EXPENSES OF MEMBERS,TRAVEL,9472.91,9472.91,Jeff Crank,R,CO,5,119,2026Q1,true
C001137,2026 HON. JEFF CRANK,OFFICIAL EXPENSES OF MEMBERS,RENT COMMUNICATION UTILITIES,7117.42,7117.42,Jeff Crank,R,CO,5,119,2026Q1,true
C001137,2026 HON. JEFF CRANK,OFFICIAL EXPENSES OF MEMBERS,PRINTING AND REPRODUCTION,51.4,51.4,Jeff Crank,R,CO,5,119,2026Q1,true
C001137,2026 HON. JEFF CRANK,OFFICIAL EXPENSES OF MEMBERS,OTHER SERVICES,11442.75,11442.75,Jeff Crank,R,CO,5,119,2026Q1,true
C001137,2026 HON. JEFF CRANK,OFFICIAL EXPENSES OF MEMBERS,SUPPLIES AND MATERIALS,7085.43,7085.43,Jeff Crank,R,CO,5,119,2026Q1,true
C001137,2026 HON. JEFF CRANK,OFFICIAL EXPENSES OF MEMBERS,EQUIPMENT,630.59,630.59,Jeff Crank,R,CO,5,119,2026Q1,true
C001137,2026 HON. JEFF CRANK,INTERN ALLOWANCES,PERSONNEL COMPENSATION,5100,5100,Jeff Crank,R,CO,5,119,2026Q1,true
C001087,"2026 HON. ERIC A. ""RICK"" CRAWFORD",OFFICIAL EXPENSES OF MEMBERS,FRANKED MAIL,79.13,79.13,"Eric A. ""Rick"" Crawford",R,AR,1,119,2026Q1,true
C001087,"2026 HON. ERIC A. ""RICK"" CRAWFORD",OFFICIAL EXPENSES OF MEMBERS,PERSONNEL COMPENSATION,303304.77,303304.77,"Eric A. ""Rick"" Crawford",R,AR,1,119,2026Q1,true
C001087,"2026 HON. ERIC A. ""RICK"" CRAWFORD",OFFICIAL EXPENSES OF MEMBERS,TRAVEL,11375.85,11375.85,"Eric A. ""Rick"" Crawford",R,AR,1,119,2026Q1,true
C001087,"2026 HON. ERIC A. ""RICK"" CRAWFORD",OFFICIAL EXPENSES OF MEMBERS,RENT COMMUNICATION UTILITIES,6065.8,6065.8,"Eric A. ""Rick"" Crawford",R,AR,1,119,2026Q1,true
C001087,"2026 HON. ERIC A. ""RICK"" CRAWFORD",OFFICIAL EXPENSES OF MEMBERS,PRINTING AND REPRODUCTION,703.6,703.6,"Eric A. ""Rick"" Crawford",R,AR,1,119,2026Q1,true
C001087,"2026 HON. ERIC A. ""RICK"" CRAWFORD",OFFICIAL EXPENSES OF MEMBERS,OTHER SERVICES,2621.94,2621.94,"Eric A. ""Rick"" Crawford",R,AR,1,119,2026Q1,true
C001087,"2026 HON. ERIC A. ""RICK"" CRAWFORD",OFFICIAL EXPENSES OF MEMBERS,SUPPLIES AND MATERIALS,9330.08,9330.08,"Eric A. ""Rick"" Crawford",R,AR,1,119,2026Q1,true
C001087,"2026 HON. ERIC A. ""RICK"" CRAWFORD",OFFICIAL EXPENSES OF MEMBERS,EQUIPMENT,1557.52,1557.52,"Eric A. ""Rick"" Crawford",R,AR,1,119,2026Q1,true
C001087,"2026 HON. ERIC A. ""RICK"" CRAWFORD",INTERN ALLOWANCES,PERSONNEL COMPENSATION,6834.45,6834.45,"Eric A. ""Rick"" Crawford",R,AR,1,119,2026Q1,true
C001120,2026 HON. DAN CRENSHAW,OFFICIAL EXPENSES OF MEMBERS,FRANKED MAIL,-114.46,-114.46,Dan Crenshaw,R,TX,2,119,2026Q1,true
C001120,2026 HON. DAN CRENSHAW,OFFICIAL EXPENSES OF MEMBERS,PERSONNEL COMPENSATION,334372.26,334372.26,Dan Crenshaw,R,TX,2,119,2026Q1,true
C001120,2026 HON. DAN CRENSHAW,OFFICIAL EXPENSES OF MEMBERS,TRAVEL,22820.91,22820.91,Dan Crenshaw,R,TX,2,119,2026Q1,true
C001120,2026 HON. DAN CRENSHAW,OFFICIAL EXPENSES OF MEMBERS,RENT COMMUNICATION UTILITIES,22376.22,22376.22,Dan Crenshaw,R,TX,2,119,2026Q1,true
C001120,2026 HON. DAN CRENSHAW,OFFICIAL EXPENSES OF MEMBERS,OTHER SERVICES,11473.54,11473.54,Dan Crenshaw,R,TX,2,119,2026Q1,true
C001120,2026 HON. DAN CRENSHAW,OFFICIAL EXPENSES OF MEMBERS,SUPPLIES AND MATERIALS,2405.18,2405.18,Dan Crenshaw,R,TX,2,119,2026Q1,true
C001120,2026 HON. DAN CRENSHAW,OFFICIAL EXPENSES OF MEMBERS,EQUIPMENT,501,501,Dan Crenshaw,R,TX,2,119,2026Q1,true
C001120,2026 HON. DAN CRENSHAW,INTERN ALLOWANCES,PERSONNEL COMPENSATION,7683.34,7683.34,Dan Crenshaw,R,TX,2,119,2026Q1,true
C001130,2026 HON. JASMINE CROCKETT,OFFICIAL EXPENSES OF MEMBERS,FRANKED MAIL,-200.11,-200.11,Jasmine Crockett,D,TX,30,119,2026Q1,true
C001130,2026 HON. JASMINE CROCKETT,OFFICIAL EXPENSES OF MEMBERS,PERSONNEL COMPENSATION,237893.78,237893.78,Jasmine Crockett,D,TX,30,119,2026Q1,true
C001130,2026 HON. JASMINE CROCKETT,OFFICIAL EXPENSES OF MEMBERS,TRAVEL,28415.73,28415.73,Jasmine Crockett,D,TX,30,119,2026Q1,true
C001130,2026 HON. JASMINE CROCKETT,OFFICIAL EXPENSES OF MEMBERS,RENT COMMUNICATION UTILITIES,5108.56,5108.56,Jasmine Crockett,D,TX,30,119,2026Q1,true
C001130,2026 HON. JASMINE CROCKETT,OFFICIAL EXPENSES OF MEMBERS,PRINTING AND REPRODUCTION,340.4,340.4,Jasmine Crockett,D,TX,30,119,2026Q1,true
C001130,2026 HON. JASMINE CROCKETT,OFFICIAL EXPENSES OF MEMBERS,OTHER SERVICES,8372.73,8372.73,Jasmine Crockett,D,TX,30,119,2026Q1,true
C001130,2026 HON. JASMINE CROCKETT,OFFICIAL EXPENSES OF MEMBERS,SUPPLIES AND MATERIALS,4202.84,4202.84,Jasmine Crockett,D,TX,30,119,2026Q1,true
C001130,2026 HON. JASMINE CROCKETT,OFFICIAL EXPENSES OF MEMBERS,EQUIPMENT,1401.34,1401.34,Jasmine Crockett,D,TX,30,119,2026Q1,true
C001130,2026 HON. JASMINE CROCKETT,INTERN ALLOWANCES,PERSONNEL COMPENSATION,18780,18780,Jasmine Crockett,D,TX,30,119,2026Q1,true
C001121,2026 HON. JASON CROW,OFFICIAL EXPENSES OF MEMBERS,FRANKED MAIL,114.4,114.4,Jason Crow,D,CO,6,119,2026Q1,true
C001121,2026 HON. JASON CROW,OFFICIAL EXPENSES OF MEMBERS,PERSONNEL COMPENSATION,342335.54,342335.54,Jason Crow,D,CO,6,119,2026Q1,true
C001121,2026 HON. JASON CROW,OFFICIAL EXPENSES OF MEMBERS,TRAVEL,16747.46,16747.46,Jason Crow,D,CO,6,119,2026Q1,true
C001121,2026 HON. JASON CROW,OFFICIAL EXPENSES OF MEMBERS,RENT COMMUNICATION UTILITIES,14149.36,14149.36,Jason Crow,D,CO,6,119,2026Q1,true
C001121,2026 HON. JASON CROW,OFFICIAL EXPENSES OF MEMBERS,PRINTING AND REPRODUCTION,4922.62,4922.62,Jason Crow,D,CO,6,119,2026Q1,true
C001121,2026 HON. JASON CROW,OFFICIAL EXPENSES OF MEMBERS,OTHER SERVICES,50.44,50.44,Jason Crow,D,CO,6,119,2026Q1,true
C001121,2026 HON. JASON CROW,OFFICIAL EXPENSES OF MEMBERS,SUPPLIES AND MATERIALS,8668.17,8668.17,Jason Crow,D,CO,6,119,2026Q1,true
C001121,2026 HON. JASON CROW,OFFICIAL EXPENSES OF MEMBERS,EQUIPMENT,3273.05,3273.05,Jason Crow,D,CO,6,119,2026Q1,true
C001121,2026 HON. JASON CROW,INTERN ALLOWANCES,PERSONNEL COMPENSATION,10112.82,10112.82,Jason Crow,D,CO,6,119,2026Q1,true
C001063,2026 HON. HENRY CUELLAR,OFFICIAL EXPENSES OF MEMBERS,FRANKED MAIL,6927.52,6927.52,Henry Cuellar,D,TX,28,119,2026Q1,true
C001063,2026 HON. HENRY CUELLAR,OFFICIAL EXPENSES OF MEMBERS,PERSONNEL COMPENSATION,219689.85,219689.85,Henry Cuellar,D,TX,28,119,2026Q1,true
C001063,2026 HON. HENRY CUELLAR,OFFICIAL EXPENSES OF MEMBERS,TRAVEL,14533.94,14533.94,Henry Cuellar,D,TX,28,119,2026Q1,true
C001063,2026 HON. HENRY CUELLAR,OFFICIAL EXPENSES OF MEMBERS,RENT COMMUNICATION UTILITIES,7883.5,7883.5,Henry Cuellar,D,TX,28,119,2026Q1,true
C001063,2026 HON. HENRY CUELLAR,OFFICIAL EXPENSES OF MEMBERS,PRINTING AND REPRODUCTION,2067.2,2067.2,Henry Cuellar,D,TX,28,119,2026Q1,true
C001063,2026 HON. HENRY CUELLAR,OFFICIAL EXPENSES OF MEMBERS,OTHER SERVICES,14368.44,14368.44,Henry Cuellar,D,TX,28,119,2026Q1,true
C001063,2026 HON. HENRY CUELLAR,OFFICIAL EXPENSES OF MEMBERS,SUPPLIES AND MATERIALS,15742.18,15742.18,Henry Cuellar,D,TX,28,119,2026Q1,true
C001063,2026 HON. HENRY CUELLAR,OFFICIAL EXPENSES OF MEMBERS,EQUIPMENT,10407.96,10407.96,Henry Cuellar,D,TX,28,119,2026Q1,true
C001063,2026 HON. HENRY CUELLAR,INTERN ALLOWANCES,PERSONNEL COMPENSATION,8283.73,8283.73,Henry Cuellar,D,TX,28,119,2026Q1,true
D000629,2026 HON. SHARICE DAVIDS,OFFICIAL EXPENSES OF MEMBERS,FRANKED MAIL,236.6,236.6,Sharice Davids,D,KS,3,119,2026Q1,true
D000629,2026 HON. SHARICE DAVIDS,OFFICIAL EXPENSES OF MEMBERS,PERSONNEL COMPENSATION,373130.11,373130.11,Sharice Davids,D,KS,3,119,2026Q1,true
D000629,2026 HON. SHARICE DAVIDS,OFFICIAL EXPENSES OF MEMBERS,TRAVEL,8719.56,8719.56,Sharice Davids,D,KS,3,119,2026Q1,true
D000629,2026 HON. SHARICE DAVIDS,OFFICIAL EXPENSES OF MEMBERS,RENT COMMUNICATION UTILITIES,3036.19,3036.19,Sharice Davids,D,KS,3,119,2026Q1,true
D000629,2026 HON. SHARICE DAVIDS,OFFICIAL EXPENSES OF MEMBERS,PRINTING AND REPRODUCTION,1195.55,1195.55,Sharice Davids,D,KS,3,119,2026Q1,true
D000629,2026 HON. SHARICE DAVIDS,OFFICIAL EXPENSES OF MEMBERS,OTHER SERVICES,13413.57,13413.57,Sharice Davids,D,KS,3,119,2026Q1,true
D000629,2026 HON. SHARICE DAVIDS,OFFICIAL EXPENSES OF MEMBERS,SUPPLIES AND MATERIALS,12523.21,12523.21,Sharice Davids,D,KS,3,119,2026Q1,true
D000629,2026 HON. SHARICE DAVIDS,OFFICIAL EXPENSES OF MEMBERS,EQUIPMENT,1070,1070,Sharice Davids,D,KS,3,119,2026Q1,true
D000629,2026 HON. SHARICE DAVIDS,INTERN ALLOWANCES,PERSONNEL COMPENSATION,10433.33,10433.33,Sharice Davids,D,KS,3,119,2026Q1,true
D000626,2026 HON. WARREN DAVIDSON,OFFICIAL EXPENSES OF MEMBERS,FRANKED MAIL,262.8,262.8,Warren Davidson,R,OH,8,119,2026Q1,true
D000626,2026 HON. WARREN DAVIDSON,OFFICIAL EXPENSES OF MEMBERS,PERSONNEL COMPENSATION,246394.36,246394.36,Warren Davidson,R,OH,8,119,2026Q1,true
D000626,2026 HON. WARREN DAVIDSON,OFFICIAL EXPENSES OF MEMBERS,TRAVEL,5587.77,5587.77,Warren Davidson,R,OH,8,119,2026Q1,true
D000626,2026 HON. WARREN DAVIDSON,OFFICIAL EXPENSES OF MEMBERS,RENT COMMUNICATION UTILITIES,4463.53,4463.53,Warren Davidson,R,OH,8,119,2026Q1,true
D000626,2026 HON. WARREN DAVIDSON,OFFICIAL EXPENSES OF MEMBERS,PRINTING AND REPRODUCTION,154,154,Warren Davidson,R,OH,8,119,2026Q1,true
D000626,2026 HON. WARREN DAVIDSON,OFFICIAL EXPENSES OF MEMBERS,OTHER SERVICES,355,355,Warren Davidson,R,OH,8,119,2026Q1,true
D000626,2026 HON. WARREN DAVIDSON,OFFICIAL EXPENSES OF MEMBERS,SUPPLIES AND MATERIALS,4211.56,4211.56,Warren Davidson,R,OH,8,119,2026Q1,true
D000626,2026 HON. WARREN DAVIDSON,OFFICIAL EXPENSES OF MEMBERS,EQUIPMENT,2003.72,2003.72,Warren Davidson,R,OH,8,119,2026Q1,true
D000626,2026 HON. WARREN DAVIDSON,INTERN ALLOWANCES,PERSONNEL COMPENSATION,8581,8581,Warren Davidson,R,OH,8,119,2026Q1,true
D000096,2026 HON. DANNY K. DAVIS,OFFICIAL EXPENSES OF MEMBERS,FRANKED MAIL,52.89,52.89,Danny K. Davis,D,IL,7,119,2026Q1,true
D000096,2026 HON. DANNY K. DAVIS,OFFICIAL EXPENSES OF MEMBERS,PERSONNEL COMPENSATION,415929.42,415929.42,Danny K. Davis,D,IL,7,119,2026Q1,true
D000096,2026 HON. DANNY K. DAVIS,OFFICIAL EXPENSES OF MEMBERS,TRAVEL,2576.04,2576.04,Danny K. Davis,D,IL,7,119,2026Q1,true
D000096,2026 HON. DANNY K. DAVIS,OFFICIAL EXPENSES OF MEMBERS,RENT COMMUNICATION UTILITIES,19640.43,19640.43,Danny K. Davis,D,IL,7,119,2026Q1,true
D000096,2026 HON. DANNY K. DAVIS,OFFICIAL EXPENSES OF MEMBERS,PRINTING AND REPRODUCTION,535.27,535.27,Danny K. Davis,D,IL,7,119,2026Q1,true
D000096,2026 HON. DANNY K. DAVIS,OFFICIAL EXPENSES OF MEMBERS,OTHER SERVICES,6420.74,6420.74,Danny K. Davis,D,IL,7,119,2026Q1,true
D000096,2026 HON. DANNY K. DAVIS,OFFICIAL EXPENSES OF MEMBERS,SUPPLIES AND MATERIALS,1226.91,1226.91,Danny K. Davis,D,IL,7,119,2026Q1,true
D000096,2026 HON. DANNY K. DAVIS,OFFICIAL EXPENSES OF MEMBERS,EQUIPMENT,297,297,Danny K. Davis,D,IL,7,119,2026Q1,true
D000096,2026 HON. DANNY K. DAVIS,INTERN ALLOWANCES,PERSONNEL COMPENSATION,31804.12,31804.12,Danny K. Davis,D,IL,7,119,2026Q1,true
D000230,2026 HON. DONALD G. DAVIS,OFFICIAL EXPENSES OF MEMBERS,FRANKED MAIL,-76.45,-76.45,Donald G. Davis,D,NC,1,119,2026Q1,true
D000230,2026 HON. DONALD G. DAVIS,OFFICIAL EXPENSES OF MEMBERS,PERSONNEL COMPENSATION,349551.41,349551.41,Donald G. Davis,D,NC,1,119,2026Q1,true
D000230,2026 HON. DONALD G. DAVIS,OFFICIAL EXPENSES OF MEMBERS,TRAVEL,678.76,678.76,Donald G. Davis,D,NC,1,119,2026Q1,true
D000230,2026 HON. DONALD G. DAVIS,OFFICIAL EXPENSES OF MEMBERS,RENT COMMUNICATION UTILITIES,34218.06,34218.06,Donald G. Davis,D,NC,1,119,2026Q1,true
D000230,2026 HON. DONALD G. DAVIS,OFFICIAL EXPENSES OF MEMBERS,OTHER SERVICES,8096.66,8096.66,Donald G. Davis,D,NC,1,119,2026Q1,true
D000230,2026 HON. DONALD G. DAVIS,OFFICIAL EXPENSES OF MEMBERS,SUPPLIES AND MATERIALS,7974.15,7974.15,Donald G. Davis,D,NC,1,119,2026Q1,true
D000230,2026 HON. DONALD G. DAVIS,OFFICIAL EXPENSES OF MEMBERS,EQUIPMENT,2530.04,2530.04,Donald G. Davis,D,NC,1,119,2026Q1,true
D000230,2026 HON. DONALD G. DAVIS,INTERN ALLOWANCES,PERSONNEL COMPENSATION,18486,18486,Donald G. Davis,D,NC,1,119,2026Q1,true
D000594,2026 HON. MONICA DE LA CRUZ,OFFICIAL EXPENSES OF MEMBERS,FRANKED MAIL,807.05,807.05,Monica De La Cruz,R,TX,15,119,2026Q1,true
D000594,2026 HON. MONICA DE LA CRUZ,OFFICIAL EXPENSES OF MEMBERS,PERSONNEL COMPENSATION,274980.65,274980.65,Monica De La Cruz,R,TX,15,119,2026Q1,true
D000594,2026 HON. MONICA DE LA CRUZ,OFFICIAL EXPENSES OF MEMBERS,TRAVEL,29297.28,29297.28,Monica De La Cruz,R,TX,15,119,2026Q1,true
D000594,2026 HON. MONICA DE LA CRUZ,OFFICIAL EXPENSES OF MEMBERS,RENT COMMUNICATION UTILITIES,22576.76,22576.76,Monica De La Cruz,R,TX,15,119,2026Q1,true
D000594,2026 HON. MONICA DE LA CRUZ,OFFICIAL EXPENSES OF MEMBERS,PRINTING AND REPRODUCTION,11038.31,11038.31,Monica De La Cruz,R,TX,15,119,2026Q1,true
D000594,2026 HON. MONICA DE LA CRUZ,OFFICIAL EXPENSES OF MEMBERS,OTHER SERVICES,8017.91,8017.91,Monica De La Cruz,R,TX,15,119,2026Q1,true
D000594,2026 HON. MONICA DE LA CRUZ,OFFICIAL EXPENSES OF MEMBERS,SUPPLIES AND MATERIALS,9134.39,9134.39,Monica De La Cruz,R,TX,15,119,2026Q1,true
D000594,2026 HON. MONICA DE LA CRUZ,OFFICIAL EXPENSES OF MEMBERS,EQUIPMENT,10944,10944,Monica De La Cruz,R,TX,15,119,2026Q1,true
D000594,2026 HON. MONICA DE LA CRUZ,INTERN ALLOWANCES,PERSONNEL COMPENSATION,11350,11350,Monica De La Cruz,R,TX,15,119,2026Q1,true
D000631,2026 HON. MADELEINE DEAN,OFFICIAL EXPENSES OF MEMBERS,FRANKED MAIL,21249.54,21249.54,Madeleine Dean,D,PA,4,119,2026Q1,true
D000631,2026 HON. MADELEINE DEAN,OFFICIAL EXPENSES OF MEMBERS,PERSONNEL COMPENSATION,344666.74,344666.74,Madeleine Dean,D,PA,4,119,2026Q1,true
D000631,2026 HON. MADELEINE DEAN,OFFICIAL EXPENSES OF MEMBERS,TRAVEL,2734.04,2734.04,Madeleine Dean,D,PA,4,119,2026Q1,true
D000631,2026 HON. MADELEINE DEAN,OFFICIAL EXPENSES OF MEMBERS,RENT COMMUNICATION UTILITIES,17438.22,17438.22,Madeleine Dean,D,PA,4,119,2026Q1,true
D000631,2026 HON. MADELEINE DEAN,OFFICIAL EXPENSES OF MEMBERS,PRINTING AND REPRODUCTION,300.89,300.89,Madeleine Dean,D,PA,4,119,2026Q1,true
D000631,2026 HON. MADELEINE DEAN,OFFICIAL EXPENSES OF MEMBERS,OTHER SERVICES,2081.18,2081.18,Madeleine Dean,D,PA,4,119,2026Q1,true
D000631,2026 HON. MADELEINE DEAN,OFFICIAL EXPENSES OF MEMBERS,SUPPLIES AND MATERIALS,4179.89,4179.89,Madeleine Dean,D,PA,4,119,2026Q1,true
D000631,2026 HON. MADELEINE DEAN,OFFICIAL EXPENSES OF MEMBERS,EQUIPMENT,631.5,631.5,Madeleine Dean,D,PA,4,119,2026Q1,true
D000631,2026 HON. MADELEINE DEAN,INTERN ALLOWANCES,PERSONNEL COMPENSATION,10312.5,10312.5,Madeleine Dean,D,PA,4,119,2026Q1,true
D000197,2026 HON. DIANA DEGETTE,OFFICIAL EXPENSES OF MEMBERS,FRANKED MAIL,3644.74,3644.74,Diana DeGette,D,CO,1,119,2026Q1,true
D000197,2026 HON. DIANA DEGETTE,OFFICIAL EXPENSES OF MEMBERS,PERSONNEL COMPENSATION,340305.54,340305.54,Diana DeGette,D,CO,1,119,2026Q1,true
D000197,2026 HON. DIANA DEGETTE,OFFICIAL EXPENSES OF MEMBERS,TRAVEL,16018.7,16018.7,Diana DeGette,D,CO,1,119,2026Q1,true
D000197,2026 HON. DIANA DEGETTE,OFFICIAL EXPENSES OF MEMBERS,RENT COMMUNICATION UTILITIES,24129.38,24129.38,Diana DeGette,D,CO,1,119,2026Q1,true
D000197,2026 HON. DIANA DEGETTE,OFFICIAL EXPENSES OF MEMBERS,PRINTING AND REPRODUCTION,7709.07,7709.07,Diana DeGette,D,CO,1,119,2026Q1,true
D000197,2026 HON. DIANA DEGETTE,OFFICIAL EXPENSES OF MEMBERS,OTHER SERVICES,7795,7795,Diana DeGette,D,CO,1,119,2026Q1,true
D000197,2026 HON. DIANA DEGETTE,OFFICIAL EXPENSES OF MEMBERS,SUPPLIES AND MATERIALS,2604.32,2604.32,Diana DeGette,D,CO,1,119,2026Q1,true
D000197,2026 HON. DIANA DEGETTE,OFFICIAL EXPENSES OF MEMBERS,EQUIPMENT,792,792,Diana DeGette,D,CO,1,119,2026Q1,true
D000197,2026 HON. DIANA DEGETTE,INTERN ALLOWANCES,PERSONNEL COMPENSATION,9329.87,9329.87,Diana DeGette,D,CO,1,119,2026Q1,true
D000216,2026 HON. ROSA L. DELAURO,OFFICIAL EXPENSES OF MEMBERS,FRANKED MAIL,-21.22,-21.22,Rosa L. DeLauro,D,CT,3,119,2026Q1,true
D000216,2026 HON. ROSA L. DELAURO,OFFICIAL EXPENSES OF MEMBERS,PERSONNEL COMPENSATION,372347.25,372347.25,Rosa L. DeLauro,D,CT,3,119,2026Q1,true
D000216,2026 HON. ROSA L. DELAURO,OFFICIAL EXPENSES OF MEMBERS,TRAVEL,1919.75,1919.75,Rosa L. DeLauro,D,CT,3,119,2026Q1,true
D000216,2026 HON. ROSA L. DELAURO,OFFICIAL EXPENSES OF MEMBERS,RENT COMMUNICATION UTILITIES,20830.24,20830.24,Rosa L. DeLauro,D,CT,3,119,2026Q1,true
D000216,2026 HON. ROSA L. DELAURO,OFFICIAL EXPENSES OF MEMBERS,PRINTING AND REPRODUCTION,23.39,23.39,Rosa L. DeLauro,D,CT,3,119,2026Q1,true
D000216,2026 HON. ROSA L. DELAURO,OFFICIAL EXPENSES OF MEMBERS,OTHER SERVICES,6120,6120,Rosa L. DeLauro,D,CT,3,119,2026Q1,true
D000216,2026 HON. ROSA L. DELAURO,OFFICIAL EXPENSES OF MEMBERS,SUPPLIES AND MATERIALS,4616.82,4616.82,Rosa L. DeLauro,D,CT,3,119,2026Q1,true
D000216,2026 HON. ROSA L. DELAURO,OFFICIAL EXPENSES OF MEMBERS,EQUIPMENT,1950.53,1950.53,Rosa L. DeLauro,D,CT,3,119,2026Q1,true
D000216,2026 HON. ROSA L. DELAURO,INTERN ALLOWANCES,PERSONNEL COMPENSATION,1747.23,1747.23,Rosa L. DeLauro,D,CT,3,119,2026Q1,true
D000617,2026 HON. SUZAN K. DELBENE,OFFICIAL EXPENSES OF MEMBERS,FRANKED MAIL,480.67,480.67,Suzan K. DelBene,D,WA,1,119,2026Q1,true
D000617,2026 HON. SUZAN K. DELBENE,OFFICIAL EXPENSES OF MEMBERS,PERSONNEL COMPENSATION,341193.42,341193.42,Suzan K. DelBene,D,WA,1,119,2026Q1,true
D000617,2026 HON. SUZAN K. DELBENE,OFFICIAL EXPENSES OF MEMBERS,TRAVEL,6149.01,6149.01,Suzan K. DelBene,D,WA,1,119,2026Q1,true
D000617,2026 HON. SUZAN K. DELBENE,OFFICIAL EXPENSES OF MEMBERS,RENT COMMUNICATION UTILITIES,1955.35,1955.35,Suzan K. DelBene,D,WA,1,119,2026Q1,true
D000617,2026 HON. SUZAN K. DELBENE,OFFICIAL EXPENSES OF MEMBERS,PRINTING AND REPRODUCTION,2006.87,2006.87,Suzan K. DelBene,D,WA,1,119,2026Q1,true
D000617,2026 HON. SUZAN K. DELBENE,OFFICIAL EXPENSES OF MEMBERS,OTHER SERVICES,12974.71,12974.71,Suzan K. DelBene,D,WA,1,119,2026Q1,true
D000617,2026 HON. SUZAN K. DELBENE,OFFICIAL EXPENSES OF MEMBERS,SUPPLIES AND MATERIALS,4188.37,4188.37,Suzan K. DelBene,D,WA,1,119,2026Q1,true
D000617,2026 HON. SUZAN K. DELBENE,OFFICIAL EXPENSES OF MEMBERS,EQUIPMENT,990,990,Suzan K. DelBene,D,WA,1,119,2026Q1,true
D000617,2026 HON. SUZAN K. DELBENE,INTERN ALLOWANCES,PERSONNEL COMPENSATION,8066.66,8066.66,Suzan K. DelBene,D,WA,1,119,2026Q1,true
D000530,2026 HON. CHRISTOPHER R. DELUZIO,OFFICIAL EXPENSES OF MEMBERS,FRANKED MAIL,-66.36,-66.36,Christopher R. Deluzio,D,PA,17,119,2026Q1,true
D000530,2026 HON. CHRISTOPHER R. DELUZIO,OFFICIAL EXPENSES OF MEMBERS,PERSONNEL COMPENSATION,358302.86,358302.86,Christopher R. Deluzio,D,PA,17,119,2026Q1,true
D000530,2026 HON. CHRISTOPHER R. DELUZIO,OFFICIAL EXPENSES OF MEMBERS,TRAVEL,22874.51,22874.51,Christopher R. Deluzio,D,PA,17,119,2026Q1,true
D000530,2026 HON. CHRISTOPHER R. DELUZIO,OFFICIAL EXPENSES OF MEMBERS,RENT COMMUNICATION UTILITIES,28792.55,28792.55,Christopher R. Deluzio,D,PA,17,119,2026Q1,true
D000530,2026 HON. CHRISTOPHER R. DELUZIO,OFFICIAL EXPENSES OF MEMBERS,PRINTING AND REPRODUCTION,1628.7,1628.7,Christopher R. Deluzio,D,PA,17,119,2026Q1,true
D000530,2026 HON. CHRISTOPHER R. DELUZIO,OFFICIAL EXPENSES OF MEMBERS,OTHER SERVICES,6892.2,6892.2,Christopher R. Deluzio,D,PA,17,119,2026Q1,true
D000530,2026 HON. CHRISTOPHER R. DELUZIO,OFFICIAL EXPENSES OF MEMBERS,SUPPLIES AND MATERIALS,15380.5,15380.5,Christopher R. Deluzio,D,PA,17,119,2026Q1,true
D000530,2026 HON. CHRISTOPHER R. DELUZIO,OFFICIAL EXPENSES OF MEMBERS,EQUIPMENT,1874.16,1874.16,Christopher R. Deluzio,D,PA,17,119,2026Q1,true
D000530,2026 HON. CHRISTOPHER R. DELUZIO,INTERN ALLOWANCES,PERSONNEL COMPENSATION,9506,9506,Christopher R. Deluzio,D,PA,17,119,2026Q1,true
D000623,2026 HON. MARK DESAULNIER,OFFICIAL EXPENSES OF MEMBERS,FRANKED MAIL,2446.59,2446.59,Mark DeSaulnier,D,CA,11,119,2026Q1,true
D000623,2026 HON. MARK DESAULNIER,OFFICIAL EXPENSES OF MEMBERS,PERSONNEL COMPENSATION,325227.05,325227.05,Mark DeSaulnier,D,CA,11,119,2026Q1,true
D000623,2026 HON. MARK DESAULNIER,OFFICIAL EXPENSES OF MEMBERS,TRAVEL,7839.53,7839.53,Mark DeSaulnier,D,CA,11,119,2026Q1,true
D000623,2026 HON. MARK DESAULNIER,OFFICIAL EXPENSES OF MEMBERS,RENT COMMUNICATION UTILITIES,7665.76,7665.76,Mark DeSaulnier,D,CA,11,119,2026Q1,true
D000623,2026 HON. MARK DESAULNIER,OFFICIAL EXPENSES OF MEMBERS,PRINTING AND REPRODUCTION,2358.26,2358.26,Mark DeSaulnier,D,CA,11,119,2026Q1,true
D000623,2026 HON. MARK DESAULNIER,OFFICIAL EXPENSES OF MEMBERS,SUPPLIES AND MATERIALS,685.45,685.45,Mark DeSaulnier,D,CA,11,119,2026Q1,true
D000623,2026 HON. MARK DESAULNIER,OFFICIAL EXPENSES OF MEMBERS,EQUIPMENT,456,456,Mark DeSaulnier,D,CA,11,119,2026Q1,true
D000623,2026 HON. MARK DESAULNIER,INTERN ALLOWANCES,PERSONNEL COMPENSATION,12636,12636,Mark DeSaulnier,D,CA,11,119,2026Q1,true
D000616,2026 HON. SCOTT DESJARLAIS,OFFICIAL EXPENSES OF MEMBERS,FRANKED MAIL,-288.88,-288.88,Scott DesJarlais,R,TN,4,119,2026Q1,true
D000616,2026 HON. SCOTT DESJARLAIS,OFFICIAL EXPENSES OF MEMBERS,PERSONNEL COMPENSATION,287542.2,287542.2,Scott DesJarlais,R,TN,4,119,2026Q1,true
D000616,2026 HON. SCOTT DESJARLAIS,OFFICIAL EXPENSES OF MEMBERS,TRAVEL,18126.18,18126.18,Scott DesJarlais,R,TN,4,119,2026Q1,true
D000616,2026 HON. SCOTT DESJARLAIS,OFFICIAL EXPENSES OF MEMBERS,RENT COMMUNICATION UTILITIES,4705.16,4705.16,Scott DesJarlais,R,TN,4,119,2026Q1,true
D000616,2026 HON. SCOTT DESJARLAIS,OFFICIAL EXPENSES OF MEMBERS,PRINTING AND REPRODUCTION,346.5,346.5,Scott DesJarlais,R,TN,4,119,2026Q1,true
D000616,2026 HON. SCOTT DESJARLAIS,OFFICIAL EXPENSES OF MEMBERS,OTHER SERVICES,833.27,833.27,Scott DesJarlais,R,TN,4,119,2026Q1,true
D000616,2026 HON. SCOTT DESJARLAIS,OFFICIAL EXPENSES OF MEMBERS,SUPPLIES AND MATERIALS,198.38,198.38,Scott DesJarlais,R,TN,4,119,2026Q1,true
D000616,2026 HON. SCOTT DESJARLAIS,OFFICIAL EXPENSES OF MEMBERS,EQUIPMENT,4463.75,4463.75,Scott DesJarlais,R,TN,4,119,2026Q1,true
D000635,2026 HON. MAXINE DEXTER,OFFICIAL EXPENSES OF MEMBERS,PERSONNEL COMPENSATION,347843.51,347843.51,Maxine Dexter,D,OR,3,119,2026Q1,true
D000635,2026 HON. MAXINE DEXTER,OFFICIAL EXPENSES OF MEMBERS,TRAVEL,11363.87,11363.87,Maxine Dexter,D,OR,3,119,2026Q1,true
D000635,2026 HON. MAXINE DEXTER,OFFICIAL EXPENSES OF MEMBERS,RENT COMMUNICATION UTILITIES,35499.17,35499.17,Maxine Dexter,D,OR,3,119,2026Q1,true
D000635,2026 HON. MAXINE DEXTER,OFFICIAL EXPENSES OF MEMBERS,PRINTING AND REPRODUCTION,5951.6,5951.6,Maxine Dexter,D,OR,3,119,2026Q1,true
D000635,2026 HON. MAXINE DEXTER,OFFICIAL EXPENSES OF MEMBERS,SUPPLIES AND MATERIALS,3271.79,3271.79,Maxine Dexter,D,OR,3,119,2026Q1,true
D000635,2026 HON. MAXINE DEXTER,OFFICIAL EXPENSES OF MEMBERS,EQUIPMENT,876,876,Maxine Dexter,D,OR,3,119,2026Q1,true
D000635,2026 HON. MAXINE DEXTER,INTERN ALLOWANCES,PERSONNEL COMPENSATION,11631.5,11631.5,Maxine Dexter,D,OR,3,119,2026Q1,true
D000600,2026 HON. MARIO DIAZ-BALART,OFFICIAL EXPENSES OF MEMBERS,FRANKED MAIL,70.21,70.21,Mario Diaz-Balart,R,FL,25,119,2026Q1,true
D000600,2026 HON. MARIO DIAZ-BALART,OFFICIAL EXPENSES OF MEMBERS,PERSONNEL COMPENSATION,317387.19,317387.19,Mario Diaz-Balart,R,FL,25,119,2026Q1,true
D000600,2026 HON. MARIO DIAZ-BALART,OFFICIAL EXPENSES OF MEMBERS,TRAVEL,17934.94,17934.94,Mario Diaz-Balart,R,FL,25,119,2026Q1,true
D000600,2026 HON. MARIO DIAZ-BALART,OFFICIAL EXPENSES OF MEMBERS,RENT COMMUNICATION UTILITIES,40307.55,40307.55,Mario Diaz-Balart,R,FL,25,119,2026Q1,true
D000600,2026 HON. MARIO DIAZ-BALART,OFFICIAL EXPENSES OF MEMBERS,PRINTING AND REPRODUCTION,147.66,147.66,Mario Diaz-Balart,R,FL,25,119,2026Q1,true
D000600,2026 HON. MARIO DIAZ-BALART,OFFICIAL EXPENSES OF MEMBERS,OTHER SERVICES,4819.28,4819.28,Mario Diaz-Balart,R,FL,25,119,2026Q1,true
D000600,2026 HON. MARIO DIAZ-BALART,OFFICIAL EXPENSES OF MEMBERS,SUPPLIES AND MATERIALS,4441.06,4441.06,Mario Diaz-Balart,R,FL,25,119,2026Q1,true
D000600,2026 HON. MARIO DIAZ-BALART,OFFICIAL EXPENSES OF MEMBERS,EQUIPMENT,1833.53,1833.53,Mario Diaz-Balart,R,FL,25,119,2026Q1,true
D000600,2026 HON. MARIO DIAZ-BALART,INTERN ALLOWANCES,PERSONNEL COMPENSATION,11850,11850,Mario Diaz-Balart,R,FL,25,119,2026Q1,true
D000624,2026 HON. DEBBIE DINGELL,OFFICIAL EXPENSES OF MEMBERS,FRANKED MAIL,1364.95,1364.95,Debbie Dingell,D,MI,12,119,2026Q1,true
D000624,2026 HON. DEBBIE DINGELL,OFFICIAL EXPENSES OF MEMBERS,PERSONNEL COMPENSATION,324393.35,324393.35,Debbie Dingell,D,MI,12,119,2026Q1,true
D000624,2026 HON. DEBBIE DINGELL,OFFICIAL EXPENSES OF MEMBERS,TRAVEL,5360.01,5360.01,Debbie Dingell,D,MI,12,119,2026Q1,true
D000624,2026 HON. DEBBIE DINGELL,OFFICIAL EXPENSES OF MEMBERS,RENT COMMUNICATION UTILITIES,3452.2,3452.2,Debbie Dingell,D,MI,12,119,2026Q1,true
D000624,2026 HON. DEBBIE DINGELL,OFFICIAL EXPENSES OF MEMBERS,PRINTING AND REPRODUCTION,1178.03,1178.03,Debbie Dingell,D,MI,12,119,2026Q1,true
D000624,2026 HON. DEBBIE DINGELL,OFFICIAL EXPENSES OF MEMBERS,OTHER SERVICES,7405.49,7405.49,Debbie Dingell,D,MI,12,119,2026Q1,true
D000624,2026 HON. DEBBIE DINGELL,OFFICIAL EXPENSES OF MEMBERS,SUPPLIES AND MATERIALS,1456.55,1456.55,Debbie Dingell,D,MI,12,119,2026Q1,true
D000624,2026 HON. DEBBIE DINGELL,OFFICIAL EXPENSES OF MEMBERS,EQUIPMENT,1935,1935,Debbie Dingell,D,MI,12,119,2026Q1,true
D000624,2026 HON. DEBBIE DINGELL,INTERN ALLOWANCES,PERSONNEL COMPENSATION,15853.33,15853.33,Debbie Dingell,D,MI,12,119,2026Q1,true
D000399,2026 HON. LLOYD DOGGETT,OFFICIAL EXPENSES OF MEMBERS,FRANKED MAIL,400.45,400.45,Lloyd Doggett,D,TX,35,119,2026Q1,true
D000399,2026 HON. LLOYD DOGGETT,OFFICIAL EXPENSES OF MEMBERS,PERSONNEL COMPENSATION,364690.89,364690.89,Lloyd Doggett,D,TX,35,119,2026Q1,true
D000399,2026 HON. LLOYD DOGGETT,OFFICIAL EXPENSES OF MEMBERS,TRAVEL,6299.02,6299.02,Lloyd Doggett,D,TX,35,119,2026Q1,true
D000399,2026 HON. LLOYD DOGGETT,OFFICIAL EXPENSES OF MEMBERS,RENT COMMUNICATION UTILITIES,3408.33,3408.33,Lloyd Doggett,D,TX,35,119,2026Q1,true
D000399,2026 HON. LLOYD DOGGETT,OFFICIAL EXPENSES OF MEMBERS,PRINTING AND REPRODUCTION,1055,1055,Lloyd Doggett,D,TX,35,119,2026Q1,true
D000399,2026 HON. LLOYD DOGGETT,OFFICIAL EXPENSES OF MEMBERS,OTHER SERVICES,18125.16,18125.16,Lloyd Doggett,D,TX,35,119,2026Q1,true
D000399,2026 HON. LLOYD DOGGETT,OFFICIAL EXPENSES OF MEMBERS,SUPPLIES AND MATERIALS,10866.07,10866.07,Lloyd Doggett,D,TX,35,119,2026Q1,true
D000399,2026 HON. LLOYD DOGGETT,OFFICIAL EXPENSES OF MEMBERS,EQUIPMENT,345,345,Lloyd Doggett,D,TX,35,119,2026Q1,true
D000032,2026 HON. BYRON DONALDS,OFFICIAL EXPENSES OF MEMBERS,FRANKED MAIL,112.16,112.16,Byron Donalds,R,FL,19,119,2026Q1,true
D000032,2026 HON. BYRON DONALDS,OFFICIAL EXPENSES OF MEMBERS,PERSONNEL COMPENSATION,271561.1,271561.1,Byron Donalds,R,FL,19,119,2026Q1,true
D000032,2026 HON. BYRON DONALDS,OFFICIAL EXPENSES OF MEMBERS,TRAVEL,43873.26,43873.26,Byron Donalds,R,FL,19,119,2026Q1,true
D000032,2026 HON. BYRON DONALDS,OFFICIAL EXPENSES OF MEMBERS,RENT COMMUNICATION UTILITIES,3230.69,3230.69,Byron Donalds,R,FL,19,119,2026Q1,true
D000032,2026 HON. BYRON DONALDS,OFFICIAL EXPENSES OF MEMBERS,PRINTING AND REPRODUCTION,12481.44,12481.44,Byron Donalds,R,FL,19,119,2026Q1,true
D000032,2026 HON. BYRON DONALDS,OFFICIAL EXPENSES OF MEMBERS,OTHER SERVICES,889.58,889.58,Byron Donalds,R,FL,19,119,2026Q1,true
D000032,2026 HON. BYRON DONALDS,OFFICIAL EXPENSES OF MEMBERS,SUPPLIES AND MATERIALS,10573.28,10573.28,Byron Donalds,R,FL,19,119,2026Q1,true
D000032,2026 HON. BYRON DONALDS,OFFICIAL EXPENSES OF MEMBERS,EQUIPMENT,465,465,Byron Donalds,R,FL,19,119,2026Q1,true
D000032,2026 HON. BYRON DONALDS,INTERN ALLOWANCES,PERSONNEL COMPENSATION,15716.5,15716.5,Byron Donalds,R,FL,19,119,2026Q1,true
D000634,2026 HON. TROY DOWNING,OFFICIAL EXPENSES OF MEMBERS,FRANKED MAIL,29.05,29.05,Troy Downing,R,MT,2,119,2026Q1,true
D000634,2026 HON. TROY DOWNING,OFFICIAL EXPENSES OF MEMBERS,PERSONNEL COMPENSATION,278611.17,278611.17,Troy Downing,R,MT,2,119,2026Q1,true
D000634,2026 HON. TROY DOWNING,OFFICIAL EXPENSES OF MEMBERS,TRAVEL,12274.51,12274.51,Troy Downing,R,MT,2,119,2026Q1,true
D000634,2026 HON. TROY DOWNING,OFFICIAL EXPENSES OF MEMBERS,RENT COMMUNICATION UTILITIES,12517.16,12517.16,Troy Downing,R,MT,2,119,2026Q1,true
D000634,2026 HON. TROY DOWNING,OFFICIAL EXPENSES OF MEMBERS,PRINTING AND REPRODUCTION,867,867,Troy Downing,R,MT,2,119,2026Q1,true
D000634,2026 HON. TROY DOWNING,OFFICIAL EXPENSES OF MEMBERS,OTHER SERVICES,6291.83,6291.83,Troy Downing,R,MT,2,119,2026Q1,true
D000634,2026 HON. TROY DOWNING,OFFICIAL EXPENSES OF MEMBERS,SUPPLIES AND MATERIALS,3446.96,3446.96,Troy Downing,R,MT,2,119,2026Q1,true
D000634,2026 HON. TROY DOWNING,OFFICIAL EXPENSES OF MEMBERS,EQUIPMENT,267,267,Troy Downing,R,MT,2,119,2026Q1,true
D000634,2026 HON. TROY DOWNING,INTERN ALLOWANCES,PERSONNEL COMPENSATION,8875,8875,Troy Downing,R,MT,2,119,2026Q1,true
D000628,2026 HON. NEAL P. DUNN,OFFICIAL EXPENSES OF MEMBERS,FRANKED MAIL,-19.33,-19.33,Neal P. Dunn,R,FL,2,119,2026Q1,true
D000628,2026 HON. NEAL P. DUNN,OFFICIAL EXPENSES OF MEMBERS,PERSONNEL COMPENSATION,420822.92,420822.92,Neal P. Dunn,R,FL,2,119,2026Q1,true
D000628,2026 HON. NEAL P. DUNN,OFFICIAL EXPENSES OF MEMBERS,TRAVEL,21510.51,21510.51,Neal P. Dunn,R,FL,2,119,2026Q1,true
D000628,2026 HON. NEAL P. DUNN,OFFICIAL EXPENSES OF MEMBERS,RENT COMMUNICATION UTILITIES,3856.18,3856.18,Neal P. Dunn,R,FL,2,119,2026Q1,true
D000628,2026 HON. NEAL P. DUNN,OFFICIAL EXPENSES OF MEMBERS,PRINTING AND REPRODUCTION,63,63,Neal P. Dunn,R,FL,2,119,2026Q1,true
D000628,2026 HON. NEAL P. DUNN,OFFICIAL EXPENSES OF MEMBERS,OTHER SERVICES,594.74,594.74,Neal P. Dunn,R,FL,2,119,2026Q1,true
D000628,2026 HON. NEAL P. DUNN,OFFICIAL EXPENSES OF MEMBERS,SUPPLIES AND MATERIALS,4675.87,4675.87,Neal P. Dunn,R,FL,2,119,2026Q1,true
D000628,2026 HON. NEAL P. DUNN,INTERN ALLOWANCES,PERSONNEL COMPENSATION,9293.33,9293.33,Neal P. Dunn,R,FL,2,119,2026Q1,true
E000246,2026 HON. CHUCK EDWARDS,OFFICIAL EXPENSES OF MEMBERS,FRANKED MAIL,1943.77,1943.77,Chuck Edwards,R,NC,11,119,2026Q1,true
E000246,2026 HON. CHUCK EDWARDS,OFFICIAL EXPENSES OF MEMBERS,PERSONNEL COMPENSATION,304717.56,304717.56,Chuck Edwards,R,NC,11,119,2026Q1,true
E000246,2026 HON. CHUCK EDWARDS,OFFICIAL EXPENSES OF MEMBERS,TRAVEL,21557.01,21557.01,Chuck Edwards,R,NC,11,119,2026Q1,true
E000246,2026 HON. CHUCK EDWARDS,OFFICIAL EXPENSES OF MEMBERS,RENT COMMUNICATION UTILITIES,4456.21,4456.21,Chuck Edwards,R,NC,11,119,2026Q1,true
E000246,2026 HON. CHUCK EDWARDS,OFFICIAL EXPENSES OF MEMBERS,PRINTING AND REPRODUCTION,1974.28,1974.28,Chuck Edwards,R,NC,11,119,2026Q1,true
E000246,2026 HON. CHUCK EDWARDS,OFFICIAL EXPENSES OF MEMBERS,OTHER SERVICES,3153.88,3153.88,Chuck Edwards,R,NC,11,119,2026Q1,true
E000246,2026 HON. CHUCK EDWARDS,OFFICIAL EXPENSES OF MEMBERS,SUPPLIES AND MATERIALS,6101.9,6101.9,Chuck Edwards,R,NC,11,119,2026Q1,true
E000246,2026 HON. CHUCK EDWARDS,OFFICIAL EXPENSES OF MEMBERS,EQUIPMENT,861,861,Chuck Edwards,R,NC,11,119,2026Q1,true
E000246,2026 HON. CHUCK EDWARDS,INTERN ALLOWANCES,PERSONNEL COMPENSATION,3586.67,3586.67,Chuck Edwards,R,NC,11,119,2026Q1,true
E000301,2026 HON. SARAH ELFRETH,OFFICIAL EXPENSES OF MEMBERS,FRANKED MAIL,19.89,19.89,Sarah Elfreth,D,MD,3,119,2026Q1,true
E000301,2026 HON. SARAH ELFRETH,OFFICIAL EXPENSES OF MEMBERS,PERSONNEL COMPENSATION,322291.64,322291.64,Sarah Elfreth,D,MD,3,119,2026Q1,true
E000301,2026 HON. SARAH ELFRETH,OFFICIAL EXPENSES OF MEMBERS,TRAVEL,3610.04,3610.04,Sarah Elfreth,D,MD,3,119,2026Q1,true
E000301,2026 HON. SARAH ELFRETH,OFFICIAL EXPENSES OF MEMBERS,RENT COMMUNICATION UTILITIES,15823.35,15823.35,Sarah Elfreth,D,MD,3,119,2026Q1,true
E000301,2026 HON. SARAH ELFRETH,OFFICIAL EXPENSES OF MEMBERS,PRINTING AND REPRODUCTION,4133.57,4133.57,Sarah Elfreth,D,MD,3,119,2026Q1,true
E000301,2026 HON. SARAH ELFRETH,OFFICIAL EXPENSES OF MEMBERS,OTHER SERVICES,932.66,932.66,Sarah Elfreth,D,MD,3,119,2026Q1,true
E000301,2026 HON. SARAH ELFRETH,OFFICIAL EXPENSES OF MEMBERS,SUPPLIES AND MATERIALS,11250.28,11250.28,Sarah Elfreth,D,MD,3,119,2026Q1,true
E000301,2026 HON. SARAH ELFRETH,OFFICIAL EXPENSES OF MEMBERS,EQUIPMENT,1176,1176,Sarah Elfreth,D,MD,3,119,2026Q1,true
E000301,2026 HON. SARAH ELFRETH,INTERN ALLOWANCES,PERSONNEL COMPENSATION,8993.82,8993.82,Sarah Elfreth,D,MD,3,119,2026Q1,true
E000071,2026 HON. JAKE ELLZEY,OFFICIAL EXPENSES OF MEMBERS,FRANKED MAIL,46.95,46.95,Jake Ellzey,R,TX,6,119,2026Q1,true
E000071,2026 HON. JAKE ELLZEY,OFFICIAL EXPENSES OF MEMBERS,PERSONNEL COMPENSATION,381154.14,381154.14,Jake Ellzey,R,TX,6,119,2026Q1,true
E000071,2026 HON. JAKE ELLZEY,OFFICIAL EXPENSES OF MEMBERS,TRAVEL,18296.02,18296.02,Jake Ellzey,R,TX,6,119,2026Q1,true
E000071,2026 HON. JAKE ELLZEY,OFFICIAL EXPENSES OF MEMBERS,RENT COMMUNICATION UTILITIES,14456.69,14456.69,Jake Ellzey,R,TX,6,119,2026Q1,true
E000071,2026 HON. JAKE ELLZEY,OFFICIAL EXPENSES OF MEMBERS,PRINTING AND REPRODUCTION,2668.5,2668.5,Jake Ellzey,R,TX,6,119,2026Q1,true
E000071,2026 HON. JAKE ELLZEY,OFFICIAL EXPENSES OF MEMBERS,OTHER SERVICES,13615,13615,Jake Ellzey,R,TX,6,119,2026Q1,true
E000071,2026 HON. JAKE ELLZEY,OFFICIAL EXPENSES OF MEMBERS,SUPPLIES AND MATERIALS,2920.13,2920.13,Jake Ellzey,R,TX,6,119,2026Q1,true
E000071,2026 HON. JAKE ELLZEY,OFFICIAL EXPENSES OF MEMBERS,EQUIPMENT,522,522,Jake Ellzey,R,TX,6,119,2026Q1,true
E000071,2026 HON. JAKE ELLZEY,INTERN ALLOWANCES,PERSONNEL COMPENSATION,7853.33,7853.33,Jake Ellzey,R,TX,6,119,2026Q1,true
E000294,2026 HON. TOM EMMER,OFFICIAL EXPENSES OF MEMBERS,FRANKED MAIL,22963.17,22963.17,Tom Emmer,R,MN,6,119,2026Q1,true
E000294,2026 HON. TOM EMMER,OFFICIAL EXPENSES OF MEMBERS,PERSONNEL COMPENSATION,298261.14,298261.14,Tom Emmer,R,MN,6,119,2026Q1,true
E000294,2026 HON. TOM EMMER,OFFICIAL EXPENSES OF MEMBERS,TRAVEL,14621.59,14621.59,Tom Emmer,R,MN,6,119,2026Q1,true
E000294,2026 HON. TOM EMMER,OFFICIAL EXPENSES OF MEMBERS,RENT COMMUNICATION UTILITIES,6752.17,6752.17,Tom Emmer,R,MN,6,119,2026Q1,true
E000294,2026 HON. TOM EMMER,OFFICIAL EXPENSES OF MEMBERS,PRINTING AND REPRODUCTION,19965.61,19965.61,Tom Emmer,R,MN,6,119,2026Q1,true
E000294,2026 HON. TOM EMMER,OFFICIAL EXPENSES OF MEMBERS,OTHER SERVICES,799.54,799.54,Tom Emmer,R,MN,6,119,2026Q1,true
E000294,2026 HON. TOM EMMER,OFFICIAL EXPENSES OF MEMBERS,SUPPLIES AND MATERIALS,3573.32,3573.32,Tom Emmer,R,MN,6,119,2026Q1,true
E000294,2026 HON. TOM EMMER,OFFICIAL EXPENSES OF MEMBERS,EQUIPMENT,171.66,171.66,Tom Emmer,R,MN,6,119,2026Q1,true
E000294,2026 HON. TOM EMMER,INTERN ALLOWANCES,PERSONNEL COMPENSATION,8300.01,8300.01,Tom Emmer,R,MN,6,119,2026Q1,true
E000299,2026 HON. VERONICA ESCOBAR,OFFICIAL EXPENSES OF MEMBERS,FRANKED MAIL,205.46,205.46,Veronica Escobar,D,TX,16,119,2026Q1,true
E000299,2026 HON. VERONICA ESCOBAR,OFFICIAL EXPENSES OF MEMBERS,PERSONNEL COMPENSATION,377475.57,377475.57,Veronica Escobar,D,TX,16,119,2026Q1,true
E000299,2026 HON. VERONICA ESCOBAR,OFFICIAL EXPENSES OF MEMBERS,TRAVEL,9440.59,9440.59,Veronica Escobar,D,TX,16,119,2026Q1,true
E000299,2026 HON. VERONICA ESCOBAR,OFFICIAL EXPENSES OF MEMBERS,RENT COMMUNICATION UTILITIES,3599.49,3599.49,Veronica Escobar,D,TX,16,119,2026Q1,true
E000299,2026 HON. VERONICA ESCOBAR,OFFICIAL EXPENSES OF MEMBERS,PRINTING AND REPRODUCTION,148.5,148.5,Veronica Escobar,D,TX,16,119,2026Q1,true
E000299,2026 HON. VERONICA ESCOBAR,OFFICIAL EXPENSES OF MEMBERS,OTHER SERVICES,12424.85,12424.85,Veronica Escobar,D,TX,16,119,2026Q1,true
E000299,2026 HON. VERONICA ESCOBAR,OFFICIAL EXPENSES OF MEMBERS,SUPPLIES AND MATERIALS,4860.31,4860.31,Veronica Escobar,D,TX,16,119,2026Q1,true
E000299,2026 HON. VERONICA ESCOBAR,OFFICIAL EXPENSES OF MEMBERS,EQUIPMENT,6311.92,6311.92,Veronica Escobar,D,TX,16,119,2026Q1,true
E000299,2026 HON. VERONICA ESCOBAR,INTERN ALLOWANCES,PERSONNEL COMPENSATION,12949.61,12949.61,Veronica Escobar,D,TX,16,119,2026Q1,true
E000297,2026 HON. ADRIANO ESPAILLAT,OFFICIAL EXPENSES OF MEMBERS,FRANKED MAIL,12491.83,12491.83,Adriano Espaillat,D,NY,13,119,2026Q1,true
E000297,2026 HON. ADRIANO ESPAILLAT,OFFICIAL EXPENSES OF MEMBERS,PERSONNEL COMPENSATION,340242.78,340242.78,Adriano Espaillat,D,NY,13,119,2026Q1,true
E000297,2026 HON. ADRIANO ESPAILLAT,OFFICIAL EXPENSES OF MEMBERS,TRAVEL,5442.84,5442.84,Adriano Espaillat,D,NY,13,119,2026Q1,true
E000297,2026 HON. ADRIANO ESPAILLAT,OFFICIAL EXPENSES OF MEMBERS,RENT COMMUNICATION UTILITIES,3333,3333,Adriano Espaillat,D,NY,13,119,2026Q1,true
E000297,2026 HON. ADRIANO ESPAILLAT,OFFICIAL EXPENSES OF MEMBERS,PRINTING AND REPRODUCTION,60427.85,60427.85,Adriano Espaillat,D,NY,13,119,2026Q1,true
E000297,2026 HON. ADRIANO ESPAILLAT,OFFICIAL EXPENSES OF MEMBERS,OTHER SERVICES,8006,8006,Adriano Espaillat,D,NY,13,119,2026Q1,true
E000297,2026 HON. ADRIANO ESPAILLAT,OFFICIAL EXPENSES OF MEMBERS,SUPPLIES AND MATERIALS,4531.63,4531.63,Adriano Espaillat,D,NY,13,119,2026Q1,true
E000297,2026 HON. ADRIANO ESPAILLAT,OFFICIAL EXPENSES OF MEMBERS,EQUIPMENT,715.74,715.74,Adriano Espaillat,D,NY,13,119,2026Q1,true
E000297,2026 HON. ADRIANO ESPAILLAT,INTERN ALLOWANCES,PERSONNEL COMPENSATION,6954.67,6954.67,Adriano Espaillat,D,NY,13,119,2026Q1,true
E000298,2026 HON. RON ESTES,OFFICIAL EXPENSES OF MEMBERS,FRANKED MAIL,635.88,635.88,Ron Estes,R,KS,4,119,2026Q1,true
E000298,2026 HON. RON ESTES,OFFICIAL EXPENSES OF MEMBERS,PERSONNEL COMPENSATION,351582.23,351582.23,Ron Estes,R,KS,4,119,2026Q1,true
E000298,2026 HON. RON ESTES,OFFICIAL EXPENSES OF MEMBERS,TRAVEL,6015.42,6015.42,Ron Estes,R,KS,4,119,2026Q1,true
E000298,2026 HON. RON ESTES,OFFICIAL EXPENSES OF MEMBERS,RENT COMMUNICATION UTILITIES,25031.07,25031.07,Ron Estes,R,KS,4,119,2026Q1,true
E000298,2026 HON. RON ESTES,OFFICIAL EXPENSES OF MEMBERS,PRINTING AND REPRODUCTION,987.24,987.24,Ron Estes,R,KS,4,119,2026Q1,true
E000298,2026 HON. RON ESTES,OFFICIAL EXPENSES OF MEMBERS,OTHER SERVICES,8674.13,8674.13,Ron Estes,R,KS,4,119,2026Q1,true
E000298,2026 HON. RON ESTES,OFFICIAL EXPENSES OF MEMBERS,SUPPLIES AND MATERIALS,15873.7,15873.7,Ron Estes,R,KS,4,119,2026Q1,true
E000298,2026 HON. RON ESTES,OFFICIAL EXPENSES OF MEMBERS,EQUIPMENT,1208.97,1208.97,Ron Estes,R,KS,4,119,2026Q1,true
E000298,2026 HON. RON ESTES,INTERN ALLOWANCES,PERSONNEL COMPENSATION,12125,12125,Ron Estes,R,KS,4,119,2026Q1,true
E000296,2026 HON. DWIGHT EVANS,OFFICIAL EXPENSES OF MEMBERS,FRANKED MAIL,-4.1,-4.1,Dwight Evans,D,PA,3,119,2026Q1,true
E000296,2026 HON. DWIGHT EVANS,OFFICIAL EXPENSES OF MEMBERS,PERSONNEL COMPENSATION,347526.66,347526.66,Dwight Evans,D,PA,3,119,2026Q1,true
E000296,2026 HON. DWIGHT EVANS,OFFICIAL EXPENSES OF MEMBERS,RENT COMMUNICATION UTILITIES,7034.14,7034.14,Dwight Evans,D,PA,3,119,2026Q1,true
E000296,2026 HON. DWIGHT EVANS,OFFICIAL EXPENSES OF MEMBERS,PRINTING AND REPRODUCTION,11.4,11.4,Dwight Evans,D,PA,3,119,2026Q1,true
E000296,2026 HON. DWIGHT EVANS,OFFICIAL EXPENSES OF MEMBERS,SUPPLIES AND MATERIALS,6892.45,6892.45,Dwight Evans,D,PA,3,119,2026Q1,true
E000296,2026 HON. DWIGHT EVANS,OFFICIAL EXPENSES OF MEMBERS,EQUIPMENT,2647.26,2647.26,Dwight Evans,D,PA,3,119,2026Q1,true
E000296,2026 HON. DWIGHT EVANS,INTERN ALLOWANCES,PERSONNEL COMPENSATION,9650,9650,Dwight Evans,D,PA,3,119,2026Q1,true
E000300,2026 HON. GABE EVANS,OFFICIAL EXPENSES OF MEMBERS,FRANKED MAIL,-182.62,-182.62,Gabe Evans,R,CO,8,119,2026Q1,true
E000300,2026 HON. GABE EVANS,OFFICIAL EXPENSES OF MEMBERS,PERSONNEL COMPENSATION,297557.71,297557.71,Gabe Evans,R,CO,8,119,2026Q1,true
E000300,2026 HON. GABE EVANS,OFFICIAL EXPENSES OF MEMBERS,TRAVEL,14464.38,14464.38,Gabe Evans,R,CO,8,119,2026Q1,true
E000300,2026 HON. GABE EVANS,OFFICIAL EXPENSES OF MEMBERS,RENT COMMUNICATION UTILITIES,13204.57,13204.57,Gabe Evans,R,CO,8,119,2026Q1,true
E000300,2026 HON. GABE EVANS,OFFICIAL EXPENSES OF MEMBERS,PRINTING AND REPRODUCTION,57230.33,57230.33,Gabe Evans,R,CO,8,119,2026Q1,true
E000300,2026 HON. GABE EVANS,OFFICIAL EXPENSES OF MEMBERS,OTHER SERVICES,63.6,63.6,Gabe Evans,R,CO,8,119,2026Q1,true
E000300,2026 HON. GABE EVANS,OFFICIAL EXPENSES OF MEMBERS,SUPPLIES AND MATERIALS,6785.58,6785.58,Gabe Evans,R,CO,8,119,2026Q1,true
E000300,2026 HON. GABE EVANS,OFFICIAL EXPENSES OF MEMBERS,EQUIPMENT,3410.28,3410.28,Gabe Evans,R,CO,8,119,2026Q1,true
E000300,2026 HON. GABE EVANS,INTERN ALLOWANCES,PERSONNEL COMPENSATION,3866.66,3866.66,Gabe Evans,R,CO,8,119,2026Q1,true
E000235,2026 HON. MIKE EZELL,OFFICIAL EXPENSES OF MEMBERS,FRANKED MAIL,-38.33,-38.33,Mike Ezell,R,MS,4,119,2026Q1,true
E000235,2026 HON. MIKE EZELL,OFFICIAL EXPENSES OF MEMBERS,PERSONNEL COMPENSATION,296708.3,296708.3,Mike Ezell,R,MS,4,119,2026Q1,true
E000235,2026 HON. MIKE EZELL,OFFICIAL EXPENSES OF MEMBERS,TRAVEL,25987.06,25987.06,Mike Ezell,R,MS,4,119,2026Q1,true
E000235,2026 HON. MIKE EZELL,OFFICIAL EXPENSES OF MEMBERS,RENT COMMUNICATION UTILITIES,22933.4,22933.4,Mike Ezell,R,MS,4,119,2026Q1,true
E000235,2026 HON. MIKE EZELL,OFFICIAL EXPENSES OF MEMBERS,PRINTING AND REPRODUCTION,123.37,123.37,Mike Ezell,R,MS,4,119,2026Q1,true
E000235,2026 HON. MIKE EZELL,OFFICIAL EXPENSES OF MEMBERS,OTHER SERVICES,7587.45,7587.45,Mike Ezell,R,MS,4,119,2026Q1,true
E000235,2026 HON. MIKE EZELL,OFFICIAL EXPENSES OF MEMBERS,SUPPLIES AND MATERIALS,3287.07,3287.07,Mike Ezell,R,MS,4,119,2026Q1,true
E000235,2026 HON. MIKE EZELL,OFFICIAL EXPENSES OF MEMBERS,EQUIPMENT,4653.14,4653.14,Mike Ezell,R,MS,4,119,2026Q1,true
E000235,2026 HON. MIKE EZELL,INTERN ALLOWANCES,PERSONNEL COMPENSATION,10275,10275,Mike Ezell,R,MS,4,119,2026Q1,true
F000246,2026 HON. PAT FALLON,OFFICIAL EXPENSES OF MEMBERS,FRANKED MAIL,-26.76,-26.76,Pat Fallon,R,TX,4,119,2026Q1,true
F000246,2026 HON. PAT FALLON,OFFICIAL EXPENSES OF MEMBERS,PERSONNEL COMPENSATION,267261.91,267261.91,Pat Fallon,R,TX,4,119,2026Q1,true
F000246,2026 HON. PAT FALLON,OFFICIAL EXPENSES OF MEMBERS,TRAVEL,12715.37,12715.37,Pat Fallon,R,TX,4,119,2026Q1,true
F000246,2026 HON. PAT FALLON,OFFICIAL EXPENSES OF MEMBERS,RENT COMMUNICATION UTILITIES,6871.73,6871.73,Pat Fallon,R,TX,4,119,2026Q1,true
F000246,2026 HON. PAT FALLON,OFFICIAL EXPENSES OF MEMBERS,PRINTING AND REPRODUCTION,1384,1384,Pat Fallon,R,TX,4,119,2026Q1,true
F000246,2026 HON. PAT FALLON,OFFICIAL EXPENSES OF MEMBERS,OTHER SERVICES,127.07,127.07,Pat Fallon,R,TX,4,119,2026Q1,true
F000246,2026 HON. PAT FALLON,OFFICIAL EXPENSES OF MEMBERS,SUPPLIES AND MATERIALS,3913.55,3913.55,Pat Fallon,R,TX,4,119,2026Q1,true
F000246,2026 HON. PAT FALLON,OFFICIAL EXPENSES OF MEMBERS,EQUIPMENT,4797.21,4797.21,Pat Fallon,R,TX,4,119,2026Q1,true
F000246,2026 HON. PAT FALLON,INTERN ALLOWANCES,PERSONNEL COMPENSATION,7915.84,7915.84,Pat Fallon,R,TX,4,119,2026Q1,true
F000482,2026 HON. JULIE FEDORCHAK,OFFICIAL EXPENSES OF MEMBERS,FRANKED MAIL,93.09,93.09,Julie Fedorchak,R,ND,0,119,2026Q1,true
F000482,2026 HON. JULIE FEDORCHAK,OFFICIAL EXPENSES OF MEMBERS,PERSONNEL COMPENSATION,278472.74,278472.74,Julie Fedorchak,R,ND,0,119,2026Q1,true
F000482,2026 HON. JULIE FEDORCHAK,OFFICIAL EXPENSES OF MEMBERS,TRAVEL,17142.05,17142.05,Julie Fedorchak,R,ND,0,119,2026Q1,true
F000482,2026 HON. JULIE FEDORCHAK,OFFICIAL EXPENSES OF MEMBERS,TRANSPORTATION OF THINGS,1205,1205,Julie Fedorchak,R,ND,0,119,2026Q1,true
F000482,2026 HON. JULIE FEDORCHAK,OFFICIAL EXPENSES OF MEMBERS,RENT COMMUNICATION UTILITIES,8391.73,8391.73,Julie Fedorchak,R,ND,0,119,2026Q1,true
F000482,2026 HON. JULIE FEDORCHAK,OFFICIAL EXPENSES OF MEMBERS,PRINTING AND REPRODUCTION,802,802,Julie Fedorchak,R,ND,0,119,2026Q1,true
F000482,2026 HON. JULIE FEDORCHAK,OFFICIAL EXPENSES OF MEMBERS,OTHER SERVICES,109.99,109.99,Julie Fedorchak,R,ND,0,119,2026Q1,true
F000482,2026 HON. JULIE FEDORCHAK,OFFICIAL EXPENSES OF MEMBERS,SUPPLIES AND MATERIALS,2635.72,2635.72,Julie Fedorchak,R,ND,0,119,2026Q1,true
F000482,2026 HON. JULIE FEDORCHAK,OFFICIAL EXPENSES OF MEMBERS,EQUIPMENT,3316,3316,Julie Fedorchak,R,ND,0,119,2026Q1,true
F000482,2026 HON. JULIE FEDORCHAK,INTERN ALLOWANCES,PERSONNEL COMPENSATION,3266.66,3266.66,Julie Fedorchak,R,ND,0,119,2026Q1,true
F000446,2026 HON. RANDY FEENSTRA,OFFICIAL EXPENSES OF MEMBERS,FRANKED MAIL,86739.36,86739.36,Randy Feenstra,R,IA,4,119,2026Q1,true
F000446,2026 HON. RANDY FEENSTRA,OFFICIAL EXPENSES OF MEMBERS,PERSONNEL COMPENSATION,266354.75,266354.75,Randy Feenstra,R,IA,4,119,2026Q1,true
F000446,2026 HON. RANDY FEENSTRA,OFFICIAL EXPENSES OF MEMBERS,TRAVEL,17086.95,17086.95,Randy Feenstra,R,IA,4,119,2026Q1,true
F000446,2026 HON. RANDY FEENSTRA,OFFICIAL EXPENSES OF MEMBERS,RENT COMMUNICATION UTILITIES,10148.29,10148.29,Randy Feenstra,R,IA,4,119,2026Q1,true
F000446,2026 HON. RANDY FEENSTRA,OFFICIAL EXPENSES OF MEMBERS,PRINTING AND REPRODUCTION,214815.1,214815.1,Randy Feenstra,R,IA,4,119,2026Q1,true
F000446,2026 HON. RANDY FEENSTRA,OFFICIAL EXPENSES OF MEMBERS,OTHER SERVICES,11494.12,11494.12,Randy Feenstra,R,IA,4,119,2026Q1,true
F000446,2026 HON. RANDY FEENSTRA,OFFICIAL EXPENSES OF MEMBERS,SUPPLIES AND MATERIALS,7912.92,7912.92,Randy Feenstra,R,IA,4,119,2026Q1,true
F000446,2026 HON. RANDY FEENSTRA,OFFICIAL EXPENSES OF MEMBERS,EQUIPMENT,750,750,Randy Feenstra,R,IA,4,119,2026Q1,true
F000446,2026 HON. RANDY FEENSTRA,INTERN ALLOWANCES,PERSONNEL COMPENSATION,8100,8100,Randy Feenstra,R,IA,4,119,2026Q1,true
F000110,2026 HON. CLEO FIELDS,OFFICIAL EXPENSES OF MEMBERS,FRANKED MAIL,477.14,477.14,Cleo Fields,D,LA,6,119,2026Q1,true
F000110,2026 HON. CLEO FIELDS,OFFICIAL EXPENSES OF MEMBERS,PERSONNEL COMPENSATION,330540.29,330540.29,Cleo Fields,D,LA,6,119,2026Q1,true
F000110,2026 HON. CLEO FIELDS,OFFICIAL EXPENSES OF MEMBERS,TRAVEL,14117.57,14117.57,Cleo Fields,D,LA,6,119,2026Q1,true
F000110,2026 HON. CLEO FIELDS,OFFICIAL EXPENSES OF MEMBERS,RENT COMMUNICATION UTILITIES,38414.69,38414.69,Cleo Fields,D,LA,6,119,2026Q1,true
F000110,2026 HON. CLEO FIELDS,OFFICIAL EXPENSES OF MEMBERS,PRINTING AND REPRODUCTION,15430.53,15430.53,Cleo Fields,D,LA,6,119,2026Q1,true
F000110,2026 HON. CLEO FIELDS,OFFICIAL EXPENSES OF MEMBERS,OTHER SERVICES,16547.55,16547.55,Cleo Fields,D,LA,6,119,2026Q1,true
F000110,2026 HON. CLEO FIELDS,OFFICIAL EXPENSES OF MEMBERS,SUPPLIES AND MATERIALS,10736.56,10736.56,Cleo Fields,D,LA,6,119,2026Q1,true
F000110,2026 HON. CLEO FIELDS,OFFICIAL EXPENSES OF MEMBERS,EQUIPMENT,93.74,93.74,Cleo Fields,D,LA,6,119,2026Q1,true
F000110,2026 HON. CLEO FIELDS,INTERN ALLOWANCES,PERSONNEL COMPENSATION,8421.07,8421.07,Cleo Fields,D,LA,6,119,2026Q1,true
F000481,2026 HON. SHOMARI FIGURES,OFFICIAL EXPENSES OF MEMBERS,FRANKED MAIL,-57.35,-57.35,Shomari Figures,D,AL,2,119,2026Q1,true
F000481,2026 HON. SHOMARI FIGURES,OFFICIAL EXPENSES OF MEMBERS,PERSONNEL COMPENSATION,322494.4,322494.4,Shomari Figures,D,AL,2,119,2026Q1,true
F000481,2026 HON. SHOMARI FIGURES,OFFICIAL EXPENSES OF MEMBERS,TRAVEL,13493.71,13493.71,Shomari Figures,D,AL,2,119,2026Q1,true
F000481,2026 HON. SHOMARI FIGURES,OFFICIAL EXPENSES OF MEMBERS,RENT COMMUNICATION UTILITIES,2976.37,2976.37,Shomari Figures,D,AL,2,119,2026Q1,true
F000481,2026 HON. SHOMARI FIGURES,OFFICIAL EXPENSES OF MEMBERS,PRINTING AND REPRODUCTION,212.11,212.11,Shomari Figures,D,AL,2,119,2026Q1,true
F000481,2026 HON. SHOMARI FIGURES,OFFICIAL EXPENSES OF MEMBERS,OTHER SERVICES,28,28,Shomari Figures,D,AL,2,119,2026Q1,true
F000481,2026 HON. SHOMARI FIGURES,OFFICIAL EXPENSES OF MEMBERS,SUPPLIES AND MATERIALS,3256.94,3256.94,Shomari Figures,D,AL,2,119,2026Q1,true
F000481,2026 HON. SHOMARI FIGURES,OFFICIAL EXPENSES OF MEMBERS,EQUIPMENT,582.45,582.45,Shomari Figures,D,AL,2,119,2026Q1,true
F000481,2026 HON. SHOMARI FIGURES,INTERN ALLOWANCES,PERSONNEL COMPENSATION,3750,3750,Shomari Figures,D,AL,2,119,2026Q1,true
F000484,2026 HON. RANDY FINE,OFFICIAL EXPENSES OF MEMBERS,FRANKED MAIL,-27.27,-27.27,Randy Fine,R,FL,6,119,2026Q1,true
F000484,2026 HON. RANDY FINE,OFFICIAL EXPENSES OF MEMBERS,PERSONNEL COMPENSATION,272098.47,272098.47,Randy Fine,R,FL,6,119,2026Q1,true
F000484,2026 HON. RANDY FINE,OFFICIAL EXPENSES OF MEMBERS,TRAVEL,17445.99,17445.99,Randy Fine,R,FL,6,119,2026Q1,true
F000484,2026 HON. RANDY FINE,OFFICIAL EXPENSES OF MEMBERS,RENT COMMUNICATION UTILITIES,4514.84,4514.84,Randy Fine,R,FL,6,119,2026Q1,true
F000484,2026 HON. RANDY FINE,OFFICIAL EXPENSES OF MEMBERS,PRINTING AND REPRODUCTION,2014.95,2014.95,Randy Fine,R,FL,6,119,2026Q1,true
F000484,2026 HON. RANDY FINE,OFFICIAL EXPENSES OF MEMBERS,SUPPLIES AND MATERIALS,2812.65,2812.65,Randy Fine,R,FL,6,119,2026Q1,true
F000484,2026 HON. RANDY FINE,OFFICIAL EXPENSES OF MEMBERS,EQUIPMENT,1679,1679,Randy Fine,R,FL,6,119,2026Q1,true
F000484,2026 HON. RANDY FINE,INTERN ALLOWANCES,PERSONNEL COMPENSATION,9750,9750,Randy Fine,R,FL,6,119,2026Q1,true
F000475,2026 HON. BRAD FINSTAD,OFFICIAL EXPENSES OF MEMBERS,FRANKED MAIL,3720.09,3720.09,Brad Finstad,R,MN,1,119,2026Q1,true
F000475,2026 HON. BRAD FINSTAD,OFFICIAL EXPENSES OF MEMBERS,PERSONNEL COMPENSATION,319491.67,319491.67,Brad Finstad,R,MN,1,119,2026Q1,true
F000475,2026 HON. BRAD FINSTAD,OFFICIAL EXPENSES OF MEMBERS,TRAVEL,32000.77,32000.77,Brad Finstad,R,MN,1,119,2026Q1,true
F000475,2026 HON. BRAD FINSTAD,OFFICIAL EXPENSES OF MEMBERS,RENT COMMUNICATION UTILITIES,23093.09,23093.09,Brad Finstad,R,MN,1,119,2026Q1,true
F000475,2026 HON. BRAD FINSTAD,OFFICIAL EXPENSES OF MEMBERS,PRINTING AND REPRODUCTION,136.5,136.5,Brad Finstad,R,MN,1,119,2026Q1,true
F000475,2026 HON. BRAD FINSTAD,OFFICIAL EXPENSES OF MEMBERS,OTHER SERVICES,11700,11700,Brad Finstad,R,MN,1,119,2026Q1,true
F000475,2026 HON. BRAD FINSTAD,OFFICIAL EXPENSES OF MEMBERS,SUPPLIES AND MATERIALS,4430.71,4430.71,Brad Finstad,R,MN,1,119,2026Q1,true
F000475,2026 HON. BRAD FINSTAD,OFFICIAL EXPENSES OF MEMBERS,EQUIPMENT,1233,1233,Brad Finstad,R,MN,1,119,2026Q1,true
F000475,2026 HON. BRAD FINSTAD,INTERN ALLOWANCES,PERSONNEL COMPENSATION,7150,7150,Brad Finstad,R,MN,1,119,2026Q1,true
F000470,2026 HON. MICHELLE FISCHBACH,OFFICIAL EXPENSES OF MEMBERS,FRANKED MAIL,8592.79,8592.79,Michelle Fischbach,R,MN,7,119,2026Q1,true
F000470,2026 HON. MICHELLE FISCHBACH,OFFICIAL EXPENSES OF MEMBERS,PERSONNEL COMPENSATION,254308.32,254308.32,Michelle Fischbach,R,MN,7,119,2026Q1,true
F000470,2026 HON. MICHELLE FISCHBACH,OFFICIAL EXPENSES OF MEMBERS,TRAVEL,24184.31,24184.31,Michelle Fischbach,R,MN,7,119,2026Q1,true
F000470,2026 HON. MICHELLE FISCHBACH,OFFICIAL EXPENSES OF MEMBERS,RENT COMMUNICATION UTILITIES,19087.47,19087.47,Michelle Fischbach,R,MN,7,119,2026Q1,true
F000470,2026 HON. MICHELLE FISCHBACH,OFFICIAL EXPENSES OF MEMBERS,PRINTING AND REPRODUCTION,1162,1162,Michelle Fischbach,R,MN,7,119,2026Q1,true
F000470,2026 HON. MICHELLE FISCHBACH,OFFICIAL EXPENSES OF MEMBERS,OTHER SERVICES,266.93,266.93,Michelle Fischbach,R,MN,7,119,2026Q1,true
F000470,2026 HON. MICHELLE FISCHBACH,OFFICIAL EXPENSES OF MEMBERS,SUPPLIES AND MATERIALS,5840.78,5840.78,Michelle Fischbach,R,MN,7,119,2026Q1,true
F000470,2026 HON. MICHELLE FISCHBACH,OFFICIAL EXPENSES OF MEMBERS,EQUIPMENT,11722,11722,Michelle Fischbach,R,MN,7,119,2026Q1,true
F000470,2026 HON. MICHELLE FISCHBACH,INTERN ALLOWANCES,PERSONNEL COMPENSATION,3423.33,3423.33,Michelle Fischbach,R,MN,7,119,2026Q1,true
F000471,2026 HON. SCOTT FITZGERALD,OFFICIAL EXPENSES OF MEMBERS,FRANKED MAIL,34378.47,34378.47,Scott Fitzgerald,R,WI,5,119,2026Q1,true
F000471,2026 HON. SCOTT FITZGERALD,OFFICIAL EXPENSES OF MEMBERS,PERSONNEL COMPENSATION,249493.67,249493.67,Scott Fitzgerald,R,WI,5,119,2026Q1,true
F000471,2026 HON. SCOTT FITZGERALD,OFFICIAL EXPENSES OF MEMBERS,TRAVEL,10765.8,10765.8,Scott Fitzgerald,R,WI,5,119,2026Q1,true
F000471,2026 HON. SCOTT FITZGERALD,OFFICIAL EXPENSES OF MEMBERS,RENT COMMUNICATION UTILITIES,22353.59,22353.59,Scott Fitzgerald,R,WI,5,119,2026Q1,true
F000471,2026 HON. SCOTT FITZGERALD,OFFICIAL EXPENSES OF MEMBERS,PRINTING AND REPRODUCTION,23615.61,23615.61,Scott Fitzgerald,R,WI,5,119,2026Q1,true
F000471,2026 HON. SCOTT FITZGERALD,OFFICIAL EXPENSES OF MEMBERS,OTHER SERVICES,510.84,510.84,Scott Fitzgerald,R,WI,5,119,2026Q1,true
F000471,2026 HON. SCOTT FITZGERALD,OFFICIAL EXPENSES OF MEMBERS,SUPPLIES AND MATERIALS,2977.32,2977.32,Scott Fitzgerald,R,WI,5,119,2026Q1,true
F000471,2026 HON. SCOTT FITZGERALD,OFFICIAL EXPENSES OF MEMBERS,EQUIPMENT,930,930,Scott Fitzgerald,R,WI,5,119,2026Q1,true
F000471,2026 HON. SCOTT FITZGERALD,INTERN ALLOWANCES,PERSONNEL COMPENSATION,4832.67,4832.67,Scott Fitzgerald,R,WI,5,119,2026Q1,true
F000466,2026 HON. BRIAN K. FITZPATRICK,OFFICIAL EXPENSES OF MEMBERS,FRANKED MAIL,6992.65,6992.65,Brian K. Fitzpatrick,R,PA,1,119,2026Q1,true
F000466,2026 HON. BRIAN K. FITZPATRICK,OFFICIAL EXPENSES OF MEMBERS,PERSONNEL COMPENSATION,329189.18,329189.18,Brian K. Fitzpatrick,R,PA,1,119,2026Q1,true
F000466,2026 HON. BRIAN K. FITZPATRICK,OFFICIAL EXPENSES OF MEMBERS,TRAVEL,1787.25,1787.25,Brian K. Fitzpatrick,R,PA,1,119,2026Q1,true
F000466,2026 HON. BRIAN K. FITZPATRICK,OFFICIAL EXPENSES OF MEMBERS,RENT COMMUNICATION UTILITIES,21294.53,21294.53,Brian K. Fitzpatrick,R,PA,1,119,2026Q1,true
F000466,2026 HON. BRIAN K. FITZPATRICK,OFFICIAL EXPENSES OF MEMBERS,PRINTING AND REPRODUCTION,1543.13,1543.13,Brian K. Fitzpatrick,R,PA,1,119,2026Q1,true
F000466,2026 HON. BRIAN K. FITZPATRICK,OFFICIAL EXPENSES OF MEMBERS,OTHER SERVICES,13124.27,13124.27,Brian K. Fitzpatrick,R,PA,1,119,2026Q1,true
F000466,2026 HON. BRIAN K. FITZPATRICK,OFFICIAL EXPENSES OF MEMBERS,SUPPLIES AND MATERIALS,5942.66,5942.66,Brian K. Fitzpatrick,R,PA,1,119,2026Q1,true
F000466,2026 HON. BRIAN K. FITZPATRICK,OFFICIAL EXPENSES OF MEMBERS,EQUIPMENT,1962.3,1962.3,Brian K. Fitzpatrick,R,PA,1,119,2026Q1,true
F000466,2026 HON. BRIAN K. FITZPATRICK,INTERN ALLOWANCES,PERSONNEL COMPENSATION,9716.67,9716.67,Brian K. Fitzpatrick,R,PA,1,119,2026Q1,true
F000459,"2026 HON. CHARLES J. ""CHUCK"" FLEISCHMANN",OFFICIAL EXPENSES OF MEMBERS,FRANKED MAIL,-35.19,-35.19,"Charles J. ""Chuck"" Fleischmann",R,TN,3,119,2026Q1,true
F000459,"2026 HON. CHARLES J. ""CHUCK"" FLEISCHMANN",OFFICIAL EXPENSES OF MEMBERS,PERSONNEL COMPENSATION,305185.54,305185.54,"Charles J. ""Chuck"" Fleischmann",R,TN,3,119,2026Q1,true
F000459,"2026 HON. CHARLES J. ""CHUCK"" FLEISCHMANN",OFFICIAL EXPENSES OF MEMBERS,TRAVEL,27105.33,27105.33,"Charles J. ""Chuck"" Fleischmann",R,TN,3,119,2026Q1,true
F000459,"2026 HON. CHARLES J. ""CHUCK"" FLEISCHMANN",OFFICIAL EXPENSES OF MEMBERS,RENT COMMUNICATION UTILITIES,7374.19,7374.19,"Charles J. ""Chuck"" Fleischmann",R,TN,3,119,2026Q1,true
F000459,"2026 HON. CHARLES J. ""CHUCK"" FLEISCHMANN",OFFICIAL EXPENSES OF MEMBERS,PRINTING AND REPRODUCTION,254.5,254.5,"Charles J. ""Chuck"" Fleischmann",R,TN,3,119,2026Q1,true
F000459,"2026 HON. CHARLES J. ""CHUCK"" FLEISCHMANN",OFFICIAL EXPENSES OF MEMBERS,OTHER SERVICES,2.1,2.1,"Charles J. ""Chuck"" Fleischmann",R,TN,3,119,2026Q1,true
F000459,"2026 HON. CHARLES J. ""CHUCK"" FLEISCHMANN",OFFICIAL EXPENSES OF MEMBERS,SUPPLIES AND MATERIALS,2924.18,2924.18,"Charles J. ""Chuck"" Fleischmann",R,TN,3,119,2026Q1,true
F000459,"2026 HON. CHARLES J. ""CHUCK"" FLEISCHMANN",OFFICIAL EXPENSES OF MEMBERS,EQUIPMENT,2941.03,2941.03,"Charles J. ""Chuck"" Fleischmann",R,TN,3,119,2026Q1,true
F000459,"2026 HON. CHARLES J. ""CHUCK"" FLEISCHMANN",INTERN ALLOWANCES,PERSONNEL COMPENSATION,3866.66,3866.66,"Charles J. ""Chuck"" Fleischmann",R,TN,3,119,2026Q1,true
F000468,2026 HON. LIZZIE FLETCHER,OFFICIAL EXPENSES OF MEMBERS,FRANKED MAIL,266.98,266.98,Lizzie Fletcher,D,TX,7,119,2026Q1,true
F000468,2026 HON. LIZZIE FLETCHER,OFFICIAL EXPENSES OF MEMBERS,PERSONNEL COMPENSATION,323782.21,323782.21,Lizzie Fletcher,D,TX,7,119,2026Q1,true
F000468,2026 HON. LIZZIE FLETCHER,OFFICIAL EXPENSES OF MEMBERS,TRAVEL,15835.5,15835.5,Lizzie Fletcher,D,TX,7,119,2026Q1,true
F000468,2026 HON. LIZZIE FLETCHER,OFFICIAL EXPENSES OF MEMBERS,RENT COMMUNICATION UTILITIES,1568.34,1568.34,Lizzie Fletcher,D,TX,7,119,2026Q1,true
F000468,2026 HON. LIZZIE FLETCHER,OFFICIAL EXPENSES OF MEMBERS,PRINTING AND REPRODUCTION,377,377,Lizzie Fletcher,D,TX,7,119,2026Q1,true
F000468,2026 HON. LIZZIE FLETCHER,OFFICIAL EXPENSES OF MEMBERS,OTHER SERVICES,12415.69,12415.69,Lizzie Fletcher,D,TX,7,119,2026Q1,true
F000468,2026 HON. LIZZIE FLETCHER,OFFICIAL EXPENSES OF MEMBERS,SUPPLIES AND MATERIALS,1661.07,1661.07,Lizzie Fletcher,D,TX,7,119,2026Q1,true
F000468,2026 HON. LIZZIE FLETCHER,OFFICIAL EXPENSES OF MEMBERS,EQUIPMENT,1271.87,1271.87,Lizzie Fletcher,D,TX,7,119,2026Q1,true
F000468,2026 HON. LIZZIE FLETCHER,INTERN ALLOWANCES,PERSONNEL COMPENSATION,6311.67,6311.67,Lizzie Fletcher,D,TX,7,119,2026Q1,true
F000474,2026 HON. MIKE FLOOD,OFFICIAL EXPENSES OF MEMBERS,FRANKED MAIL,195.11,195.11,Mike Flood,R,NE,1,119,2026Q1,true
F000474,2026 HON. MIKE FLOOD,OFFICIAL EXPENSES OF MEMBERS,PERSONNEL COMPENSATION,329365.49,329365.49,Mike Flood,R,NE,1,119,2026Q1,true
F000474,2026 HON. MIKE FLOOD,OFFICIAL EXPENSES OF MEMBERS,TRAVEL,12895.39,12895.39,Mike Flood,R,NE,1,119,2026Q1,true
F000474,2026 HON. MIKE FLOOD,OFFICIAL EXPENSES OF MEMBERS,RENT COMMUNICATION UTILITIES,5735.39,5735.39,Mike Flood,R,NE,1,119,2026Q1,true
F000474,2026 HON. MIKE FLOOD,OFFICIAL EXPENSES OF MEMBERS,PRINTING AND REPRODUCTION,40454.58,40454.58,Mike Flood,R,NE,1,119,2026Q1,true
F000474,2026 HON. MIKE FLOOD,OFFICIAL EXPENSES OF MEMBERS,OTHER SERVICES,2841.76,2841.76,Mike Flood,R,NE,1,119,2026Q1,true
F000474,2026 HON. MIKE FLOOD,OFFICIAL EXPENSES OF MEMBERS,SUPPLIES AND MATERIALS,7733.37,7733.37,Mike Flood,R,NE,1,119,2026Q1,true
F000474,2026 HON. MIKE FLOOD,OFFICIAL EXPENSES OF MEMBERS,EQUIPMENT,1290,1290,Mike Flood,R,NE,1,119,2026Q1,true
F000474,2026 HON. MIKE FLOOD,INTERN ALLOWANCES,PERSONNEL COMPENSATION,8266.66,8266.66,Mike Flood,R,NE,1,119,2026Q1,true
F000480,2026 HON. VINCE FONG,OFFICIAL EXPENSES OF MEMBERS,FRANKED MAIL,563.66,563.66,Vince Fong,R,CA,20,119,2026Q1,true
F000480,2026 HON. VINCE FONG,OFFICIAL EXPENSES OF MEMBERS,PERSONNEL COMPENSATION,299583.31,299583.31,Vince Fong,R,CA,20,119,2026Q1,true
F000480,2026 HON. VINCE FONG,OFFICIAL EXPENSES OF MEMBERS,TRAVEL,20758.45,20758.45,Vince Fong,R,CA,20,119,2026Q1,true
F000480,2026 HON. VINCE FONG,OFFICIAL EXPENSES OF MEMBERS,RENT COMMUNICATION UTILITIES,13415.16,13415.16,Vince Fong,R,CA,20,119,2026Q1,true
F000480,2026 HON. VINCE FONG,OFFICIAL EXPENSES OF MEMBERS,PRINTING AND REPRODUCTION,10905.5,10905.5,Vince Fong,R,CA,20,119,2026Q1,true
F000480,2026 HON. VINCE FONG,OFFICIAL EXPENSES OF MEMBERS,OTHER SERVICES,6256.57,6256.57,Vince Fong,R,CA,20,119,2026Q1,true
F000480,2026 HON. VINCE FONG,OFFICIAL EXPENSES OF MEMBERS,SUPPLIES AND MATERIALS,6943.72,6943.72,Vince Fong,R,CA,20,119,2026Q1,true
F000480,2026 HON. VINCE FONG,OFFICIAL EXPENSES OF MEMBERS,EQUIPMENT,686,686,Vince Fong,R,CA,20,119,2026Q1,true
F000480,2026 HON. VINCE FONG,INTERN ALLOWANCES,PERSONNEL COMPENSATION,6385.83,6385.83,Vince Fong,R,CA,20,119,2026Q1,true
F000454,2026 HON. BILL FOSTER,OFFICIAL EXPENSES OF MEMBERS,FRANKED MAIL,157.83,157.83,Bill Foster,D,IL,11,119,2026Q1,true
F000454,2026 HON. BILL FOSTER,OFFICIAL EXPENSES OF MEMBERS,PERSONNEL COMPENSATION,351536.66,351536.66,Bill Foster,D,IL,11,119,2026Q1,true
F000454,2026 HON. BILL FOSTER,OFFICIAL EXPENSES OF MEMBERS,TRAVEL,5519.1,5519.1,Bill Foster,D,IL,11,119,2026Q1,true
F000454,2026 HON. BILL FOSTER,OFFICIAL EXPENSES OF MEMBERS,RENT COMMUNICATION UTILITIES,6468.55,6468.55,Bill Foster,D,IL,11,119,2026Q1,true
F000454,2026 HON. BILL FOSTER,OFFICIAL EXPENSES OF MEMBERS,PRINTING AND REPRODUCTION,96,96,Bill Foster,D,IL,11,119,2026Q1,true
F000454,2026 HON. BILL FOSTER,OFFICIAL EXPENSES OF MEMBERS,OTHER SERVICES,279.27,279.27,Bill Foster,D,IL,11,119,2026Q1,true
F000454,2026 HON. BILL FOSTER,OFFICIAL EXPENSES OF MEMBERS,SUPPLIES AND MATERIALS,1469.17,1469.17,Bill Foster,D,IL,11,119,2026Q1,true
F000454,2026 HON. BILL FOSTER,OFFICIAL EXPENSES OF MEMBERS,EQUIPMENT,825,825,Bill Foster,D,IL,11,119,2026Q1,true
F000454,2026 HON. BILL FOSTER,INTERN ALLOWANCES,PERSONNEL COMPENSATION,15946.67,15946.67,Bill Foster,D,IL,11,119,2026Q1,true
F000477,2026 HON. VALERIE P. FOUSHEE,OFFICIAL EXPENSES OF MEMBERS,FRANKED MAIL,212.38,212.38,Valerie P. Foushee,D,NC,4,119,2026Q1,true
F000477,2026 HON. VALERIE P. FOUSHEE,OFFICIAL EXPENSES OF MEMBERS,PERSONNEL COMPENSATION,333694.55,333694.55,Valerie P. Foushee,D,NC,4,119,2026Q1,true
F000477,2026 HON. VALERIE P. FOUSHEE,OFFICIAL EXPENSES OF MEMBERS,TRAVEL,10759.8,10759.8,Valerie P. Foushee,D,NC,4,119,2026Q1,true
F000477,2026 HON. VALERIE P. FOUSHEE,OFFICIAL EXPENSES OF MEMBERS,RENT COMMUNICATION UTILITIES,23703.73,23703.73,Valerie P. Foushee,D,NC,4,119,2026Q1,true
F000477,2026 HON. VALERIE P. FOUSHEE,OFFICIAL EXPENSES OF MEMBERS,OTHER SERVICES,9457.17,9457.17,Valerie P. Foushee,D,NC,4,119,2026Q1,true
F000477,2026 HON. VALERIE P. FOUSHEE,OFFICIAL EXPENSES OF MEMBERS,SUPPLIES AND MATERIALS,21535.33,21535.33,Valerie P. Foushee,D,NC,4,119,2026Q1,true
F000477,2026 HON. VALERIE P. FOUSHEE,OFFICIAL EXPENSES OF MEMBERS,EQUIPMENT,942,942,Valerie P. Foushee,D,NC,4,119,2026Q1,true
F000477,2026 HON. VALERIE P. FOUSHEE,INTERN ALLOWANCES,PERSONNEL COMPENSATION,10934.74,10934.74,Valerie P. Foushee,D,NC,4,119,2026Q1,true
F000450,2026 HON. VIRGINIA FOXX,OFFICIAL EXPENSES OF MEMBERS,FRANKED MAIL,328.48,328.48,Virginia Foxx,R,NC,5,119,2026Q1,true
F000450,2026 HON. VIRGINIA FOXX,OFFICIAL EXPENSES OF MEMBERS,PERSONNEL COMPENSATION,353619.97,353619.97,Virginia Foxx,R,NC,5,119,2026Q1,true
F000450,2026 HON. VIRGINIA FOXX,OFFICIAL EXPENSES OF MEMBERS,TRAVEL,13964.41,13964.41,Virginia Foxx,R,NC,5,119,2026Q1,true
F000450,2026 HON. VIRGINIA FOXX,OFFICIAL EXPENSES OF MEMBERS,RENT COMMUNICATION UTILITIES,5985.07,5985.07,Virginia Foxx,R,NC,5,119,2026Q1,true
F000450,2026 HON. VIRGINIA FOXX,OFFICIAL EXPENSES OF MEMBERS,PRINTING AND REPRODUCTION,157.5,157.5,Virginia Foxx,R,NC,5,119,2026Q1,true
F000450,2026 HON. VIRGINIA FOXX,OFFICIAL EXPENSES OF MEMBERS,OTHER SERVICES,6994.6,6994.6,Virginia Foxx,R,NC,5,119,2026Q1,true
F000450,2026 HON. VIRGINIA FOXX,OFFICIAL EXPENSES OF MEMBERS,SUPPLIES AND MATERIALS,6674.75,6674.75,Virginia Foxx,R,NC,5,119,2026Q1,true
F000450,2026 HON. VIRGINIA FOXX,OFFICIAL EXPENSES OF MEMBERS,EQUIPMENT,3060.28,3060.28,Virginia Foxx,R,NC,5,119,2026Q1,true
F000450,2026 HON. VIRGINIA FOXX,INTERN ALLOWANCES,PERSONNEL COMPENSATION,2506.67,2506.67,Virginia Foxx,R,NC,5,119,2026Q1,true
F000462,2026 HON. LOIS FRANKEL,OFFICIAL EXPENSES OF MEMBERS,FRANKED MAIL,227.11,227.11,Lois Frankel,D,FL,21,119,2026Q1,true
F000462,2026 HON. LOIS FRANKEL,OFFICIAL EXPENSES OF MEMBERS,PERSONNEL COMPENSATION,301143.29,301143.29,Lois Frankel,D,FL,21,119,2026Q1,true
F000462,2026 HON. LOIS FRANKEL,OFFICIAL EXPENSES OF MEMBERS,TRAVEL,10802.17,10802.17,Lois Frankel,D,FL,21,119,2026Q1,true
F000462,2026 HON. LOIS FRANKEL,OFFICIAL EXPENSES OF MEMBERS,RENT COMMUNICATION UTILITIES,3192.3,3192.3,Lois Frankel,D,FL,21,119,2026Q1,true
F000462,2026 HON. LOIS FRANKEL,OFFICIAL EXPENSES OF MEMBERS,PRINTING AND REPRODUCTION,2336.58,2336.58,Lois Frankel,D,FL,21,119,2026Q1,true
F000462,2026 HON. LOIS FRANKEL,OFFICIAL EXPENSES OF MEMBERS,OTHER SERVICES,2626.29,2626.29,Lois Frankel,D,FL,21,119,2026Q1,true
F000462,2026 HON. LOIS FRANKEL,OFFICIAL EXPENSES OF MEMBERS,SUPPLIES AND MATERIALS,2355.89,2355.89,Lois Frankel,D,FL,21,119,2026Q1,true
F000462,2026 HON. LOIS FRANKEL,OFFICIAL EXPENSES OF MEMBERS,EQUIPMENT,1843.52,1843.52,Lois Frankel,D,FL,21,119,2026Q1,true
F000462,2026 HON. LOIS FRANKEL,INTERN ALLOWANCES,PERSONNEL COMPENSATION,9883.34,9883.34,Lois Frankel,D,FL,21,119,2026Q1,true
F000472,2026 HON. SCOTT FRANKLIN,OFFICIAL EXPENSES OF MEMBERS,FRANKED MAIL,-14.34,-14.34,Scott Franklin,R,FL,15,119,2026Q1,true
F000472,2026 HON. SCOTT FRANKLIN,OFFICIAL EXPENSES OF MEMBERS,PERSONNEL COMPENSATION,314327.59,314327.59,Scott Franklin,R,FL,15,119,2026Q1,true
F000472,2026 HON. SCOTT FRANKLIN,OFFICIAL EXPENSES OF MEMBERS,TRAVEL,11353.46,11353.46,Scott Franklin,R,FL,15,119,2026Q1,true
F000472,2026 HON. SCOTT FRANKLIN,OFFICIAL EXPENSES OF MEMBERS,RENT COMMUNICATION UTILITIES,12513.86,12513.86,Scott Franklin,R,FL,15,119,2026Q1,true
F000472,2026 HON. SCOTT FRANKLIN,OFFICIAL EXPENSES OF MEMBERS,PRINTING AND REPRODUCTION,2329,2329,Scott Franklin,R,FL,15,119,2026Q1,true
F000472,2026 HON. SCOTT FRANKLIN,OFFICIAL EXPENSES OF MEMBERS,OTHER SERVICES,850,850,Scott Franklin,R,FL,15,119,2026Q1,true
F000472,2026 HON. SCOTT FRANKLIN,OFFICIAL EXPENSES OF MEMBERS,SUPPLIES AND MATERIALS,1302.55,1302.55,Scott Franklin,R,FL,15,119,2026Q1,true
F000472,2026 HON. SCOTT FRANKLIN,OFFICIAL EXPENSES OF MEMBERS,EQUIPMENT,1193.19,1193.19,Scott Franklin,R,FL,15,119,2026Q1,true
F000472,2026 HON. SCOTT FRANKLIN,INTERN ALLOWANCES,PERSONNEL COMPENSATION,4941.67,4941.67,Scott Franklin,R,FL,15,119,2026Q1,true
F000483,2026 HON. LAURA FRIEDMAN,OFFICIAL EXPENSES OF MEMBERS,FRANKED MAIL,267.04,267.04,Laura Friedman,D,CA,30,119,2026Q1,true
F000483,2026 HON. LAURA FRIEDMAN,OFFICIAL EXPENSES OF MEMBERS,PERSONNEL COMPENSATION,364222.17,364222.17,Laura Friedman,D,CA,30,119,2026Q1,true
F000483,2026 HON. LAURA FRIEDMAN,OFFICIAL EXPENSES OF MEMBERS,TRAVEL,9647.06,9647.06,Laura Friedman,D,CA,30,119,2026Q1,true
F000483,2026 HON. LAURA FRIEDMAN,OFFICIAL EXPENSES OF MEMBERS,RENT COMMUNICATION UTILITIES,2584.85,2584.85,Laura Friedman,D,CA,30,119,2026Q1,true
F000483,2026 HON. LAURA FRIEDMAN,OFFICIAL EXPENSES OF MEMBERS,PRINTING AND REPRODUCTION,177011.5,177011.5,Laura Friedman,D,CA,30,119,2026Q1,true
F000483,2026 HON. LAURA FRIEDMAN,OFFICIAL EXPENSES OF MEMBERS,SUPPLIES AND MATERIALS,1614.52,1614.52,Laura Friedman,D,CA,30,119,2026Q1,true
F000483,2026 HON. LAURA FRIEDMAN,OFFICIAL EXPENSES OF MEMBERS,EQUIPMENT,945,945,Laura Friedman,D,CA,30,119,2026Q1,true
F000483,2026 HON. LAURA FRIEDMAN,INTERN ALLOWANCES,PERSONNEL COMPENSATION,10521.74,10521.74,Laura Friedman,D,CA,30,119,2026Q1,true
F000476,2026 HON. MAXWELL FROST,OFFICIAL EXPENSES OF MEMBERS,FRANKED MAIL,118.78,118.78,Maxwell Frost,D,FL,10,119,2026Q1,true
F000476,2026 HON. MAXWELL FROST,OFFICIAL EXPENSES OF MEMBERS,PERSONNEL COMPENSATION,354598.03,354598.03,Maxwell Frost,D,FL,10,119,2026Q1,true
F000476,2026 HON. MAXWELL FROST,OFFICIAL EXPENSES OF MEMBERS,TRAVEL,15967.35,15967.35,Maxwell Frost,D,FL,10,119,2026Q1,true
F000476,2026 HON. MAXWELL FROST,OFFICIAL EXPENSES OF MEMBERS,RENT COMMUNICATION UTILITIES,11101.58,11101.58,Maxwell Frost,D,FL,10,119,2026Q1,true
F000476,2026 HON. MAXWELL FROST,OFFICIAL EXPENSES OF MEMBERS,PRINTING AND REPRODUCTION,5745.68,5745.68,Maxwell Frost,D,FL,10,119,2026Q1,true
F000476,2026 HON. MAXWELL FROST,OFFICIAL EXPENSES OF MEMBERS,OTHER SERVICES,9610.52,9610.52,Maxwell Frost,D,FL,10,119,2026Q1,true
F000476,2026 HON. MAXWELL FROST,OFFICIAL EXPENSES OF MEMBERS,SUPPLIES AND MATERIALS,16531.56,16531.56,Maxwell Frost,D,FL,10,119,2026Q1,true
F000476,2026 HON. MAXWELL FROST,OFFICIAL EXPENSES OF MEMBERS,EQUIPMENT,5851.08,5851.08,Maxwell Frost,D,FL,10,119,2026Q1,true
F000476,2026 HON. MAXWELL FROST,INTERN ALLOWANCES,PERSONNEL COMPENSATION,853.33,853.33,Maxwell Frost,D,FL,10,119,2026Q1,true
F000478,2026 HON. RUSSELL FRY,OFFICIAL EXPENSES OF MEMBERS,FRANKED MAIL,18030.89,18030.89,Russell Fry,R,SC,7,119,2026Q1,true
F000478,2026 HON. RUSSELL FRY,OFFICIAL EXPENSES OF MEMBERS,PERSONNEL COMPENSATION,308166.66,308166.66,Russell Fry,R,SC,7,119,2026Q1,true
F000478,2026 HON. RUSSELL FRY,OFFICIAL EXPENSES OF MEMBERS,TRAVEL,9502.88,9502.88,Russell Fry,R,SC,7,119,2026Q1,true
F000478,2026 HON. RUSSELL FRY,OFFICIAL EXPENSES OF MEMBERS,RENT COMMUNICATION UTILITIES,28386.16,28386.16,Russell Fry,R,SC,7,119,2026Q1,true
F000478,2026 HON. RUSSELL FRY,OFFICIAL EXPENSES OF MEMBERS,PRINTING AND REPRODUCTION,73284.52,73284.52,Russell Fry,R,SC,7,119,2026Q1,true
F000478,2026 HON. RUSSELL FRY,OFFICIAL EXPENSES OF MEMBERS,OTHER SERVICES,2204.32,2204.32,Russell Fry,R,SC,7,119,2026Q1,true
F000478,2026 HON. RUSSELL FRY,OFFICIAL EXPENSES OF MEMBERS,SUPPLIES AND MATERIALS,23732.77,23732.77,Russell Fry,R,SC,7,119,2026Q1,true
F000478,2026 HON. RUSSELL FRY,OFFICIAL EXPENSES OF MEMBERS,EQUIPMENT,898,898,Russell Fry,R,SC,7,119,2026Q1,true
F000478,2026 HON. RUSSELL FRY,INTERN ALLOWANCES,PERSONNEL COMPENSATION,18433.32,18433.32,Russell Fry,R,SC,7,119,2026Q1,true
F000469,2026 HON. RUSS FULCHER,OFFICIAL EXPENSES OF MEMBERS,FRANKED MAIL,114.07,114.07,Russ Fulcher,R,ID,1,119,2026Q1,true
F000469,2026 HON. RUSS FULCHER,OFFICIAL EXPENSES OF MEMBERS,PERSONNEL COMPENSATION,279977.9,279977.9,Russ Fulcher,R,ID,1,119,2026Q1,true
F000469,2026 HON. RUSS FULCHER,OFFICIAL EXPENSES OF MEMBERS,TRAVEL,31296.92,31296.92,Russ Fulcher,R,ID,1,119,2026Q1,true
F000469,2026 HON. RUSS FULCHER,OFFICIAL EXPENSES OF MEMBERS,RENT COMMUNICATION UTILITIES,3708.4,3708.4,Russ Fulcher,R,ID,1,119,2026Q1,true
F000469,2026 HON. RUSS FULCHER,OFFICIAL EXPENSES OF MEMBERS,PRINTING AND REPRODUCTION,575.92,575.92,Russ Fulcher,R,ID,1,119,2026Q1,true
F000469,2026 HON. RUSS FULCHER,OFFICIAL EXPENSES OF MEMBERS,OTHER SERVICES,6071.3,6071.3,Russ Fulcher,R,ID,1,119,2026Q1,true
F000469,2026 HON. RUSS FULCHER,OFFICIAL EXPENSES OF MEMBERS,SUPPLIES AND MATERIALS,5468.39,5468.39,Russ Fulcher,R,ID,1,119,2026Q1,true
F000469,2026 HON. RUSS FULCHER,INTERN ALLOWANCES,PERSONNEL COMPENSATION,12408.34,12408.34,Russ Fulcher,R,ID,1,119,2026Q1,true
G000559,2026 HON. JOHN GARAMENDI,OFFICIAL EXPENSES OF MEMBERS,FRANKED MAIL,46021.07,46021.07,John Garamendi,D,CA,3,119,2026Q1,true
G000559,2026 HON. JOHN GARAMENDI,OFFICIAL EXPENSES OF MEMBERS,PERSONNEL COMPENSATION,334978.19,334978.19,John Garamendi,D,CA,3,119,2026Q1,true
G000559,2026 HON. JOHN GARAMENDI,OFFICIAL EXPENSES OF MEMBERS,TRAVEL,8339.58,8339.58,John Garamendi,D,CA,3,119,2026Q1,true
G000559,2026 HON. JOHN GARAMENDI,OFFICIAL EXPENSES OF MEMBERS,RENT COMMUNICATION UTILITIES,31150.08,31150.08,John Garamendi,D,CA,3,119,2026Q1,true
G000559,2026 HON. JOHN GARAMENDI,OFFICIAL EXPENSES OF MEMBERS,PRINTING AND REPRODUCTION,34400.58,34400.58,John Garamendi,D,CA,3,119,2026Q1,true
G000559,2026 HON. JOHN GARAMENDI,OFFICIAL EXPENSES OF MEMBERS,OTHER SERVICES,6120,6120,John Garamendi,D,CA,3,119,2026Q1,true
G000559,2026 HON. JOHN GARAMENDI,OFFICIAL EXPENSES OF MEMBERS,SUPPLIES AND MATERIALS,1705.01,1705.01,John Garamendi,D,CA,3,119,2026Q1,true
G000559,2026 HON. JOHN GARAMENDI,OFFICIAL EXPENSES OF MEMBERS,EQUIPMENT,720,720,John Garamendi,D,CA,3,119,2026Q1,true
G000559,2026 HON. JOHN GARAMENDI,INTERN ALLOWANCES,PERSONNEL COMPENSATION,12427.39,12427.39,John Garamendi,D,CA,3,119,2026Q1,true
G000597,2026 HON. ANDREW R. GARBARINO,OFFICIAL EXPENSES OF MEMBERS,FRANKED MAIL,37296.18,37296.18,Andrew R. Garbarino,R,NY,2,119,2026Q1,true
G000597,2026 HON. ANDREW R. GARBARINO,OFFICIAL EXPENSES OF MEMBERS,PERSONNEL COMPENSATION,272044.49,272044.49,Andrew R. Garbarino,R,NY,2,119,2026Q1,true
G000597,2026 HON. ANDREW R. GARBARINO,OFFICIAL EXPENSES OF MEMBERS,TRAVEL,9730.79,9730.79,Andrew R. Garbarino,R,NY,2,119,2026Q1,true
G000597,2026 HON. ANDREW R. GARBARINO,OFFICIAL EXPENSES OF MEMBERS,RENT COMMUNICATION UTILITIES,4575.09,4575.09,Andrew R. Garbarino,R,NY,2,119,2026Q1,true
G000597,2026 HON. ANDREW R. GARBARINO,OFFICIAL EXPENSES OF MEMBERS,PRINTING AND REPRODUCTION,30348.49,30348.49,Andrew R. Garbarino,R,NY,2,119,2026Q1,true
G000597,2026 HON. ANDREW R. GARBARINO,OFFICIAL EXPENSES OF MEMBERS,OTHER SERVICES,5589.97,5589.97,Andrew R. Garbarino,R,NY,2,119,2026Q1,true
G000597,2026 HON. ANDREW R. GARBARINO,OFFICIAL EXPENSES OF MEMBERS,SUPPLIES AND MATERIALS,6062.23,6062.23,Andrew R. Garbarino,R,NY,2,119,2026Q1,true
G000597,2026 HON. ANDREW R. GARBARINO,OFFICIAL EXPENSES OF MEMBERS,EQUIPMENT,366,366,Andrew R. Garbarino,R,NY,2,119,2026Q1,true
G000597,2026 HON. ANDREW R. GARBARINO,INTERN ALLOWANCES,PERSONNEL COMPENSATION,7513.33,7513.33,Andrew R. Garbarino,R,NY,2,119,2026Q1,true
G000586,"2026 HON. JESUS G. ""CHUY"" GARCIA",OFFICIAL EXPENSES OF MEMBERS,PERSONNEL COMPENSATION,361850.21,361850.21,"Jesús G. ""Chuy"" García",D,IL,4,119,2026Q1,true
G000586,"2026 HON. JESUS G. ""CHUY"" GARCIA",OFFICIAL EXPENSES OF MEMBERS,TRAVEL,9423.38,9423.38,"Jesús G. ""Chuy"" García",D,IL,4,119,2026Q1,true
G000586,"2026 HON. JESUS G. ""CHUY"" GARCIA",OFFICIAL EXPENSES OF MEMBERS,RENT COMMUNICATION UTILITIES,30663.32,30663.32,"Jesús G. ""Chuy"" García",D,IL,4,119,2026Q1,true
G000586,"2026 HON. JESUS G. ""CHUY"" GARCIA",OFFICIAL EXPENSES OF MEMBERS,PRINTING AND REPRODUCTION,1502.2,1502.2,"Jesús G. ""Chuy"" García",D,IL,4,119,2026Q1,true
G000586,"2026 HON. JESUS G. ""CHUY"" GARCIA",OFFICIAL EXPENSES OF MEMBERS,OTHER SERVICES,8473.86,8473.86,"Jesús G. ""Chuy"" García",D,IL,4,119,2026Q1,true
G000586,"2026 HON. JESUS G. ""CHUY"" GARCIA",OFFICIAL EXPENSES OF MEMBERS,SUPPLIES AND MATERIALS,5540.31,5540.31,"Jesús G. ""Chuy"" García",D,IL,4,119,2026Q1,true
G000586,"2026 HON. JESUS G. ""CHUY"" GARCIA",OFFICIAL EXPENSES OF MEMBERS,EQUIPMENT,1443,1443,"Jesús G. ""Chuy"" García",D,IL,4,119,2026Q1,true
G000586,"2026 HON. JESUS G. ""CHUY"" GARCIA",INTERN ALLOWANCES,PERSONNEL COMPENSATION,11340,11340,"Jesús G. ""Chuy"" García",D,IL,4,119,2026Q1,true
G000598,2026 HON. ROBERT GARCIA,OFFICIAL EXPENSES OF MEMBERS,FRANKED MAIL,5.89,5.89,Robert Garcia,D,CA,42,119,2026Q1,true
G000598,2026 HON. ROBERT GARCIA,OFFICIAL EXPENSES OF MEMBERS,PERSONNEL COMPENSATION,310004.43,310004.43,Robert Garcia,D,CA,42,119,2026Q1,true
G000598,2026 HON. ROBERT GARCIA,OFFICIAL EXPENSES OF MEMBERS,TRAVEL,16399.36,16399.36,Robert Garcia,D,CA,42,119,2026Q1,true
G000598,2026 HON. ROBERT GARCIA,OFFICIAL EXPENSES OF MEMBERS,RENT COMMUNICATION UTILITIES,3159.89,3159.89,Robert Garcia,D,CA,42,119,2026Q1,true
G000598,2026 HON. ROBERT GARCIA,OFFICIAL EXPENSES OF MEMBERS,PRINTING AND REPRODUCTION,1725.31,1725.31,Robert Garcia,D,CA,42,119,2026Q1,true
G000598,2026 HON. ROBERT GARCIA,OFFICIAL EXPENSES OF MEMBERS,OTHER SERVICES,9853.98,9853.98,Robert Garcia,D,CA,42,119,2026Q1,true
G000598,2026 HON. ROBERT GARCIA,OFFICIAL EXPENSES OF MEMBERS,SUPPLIES AND MATERIALS,840.09,840.09,Robert Garcia,D,CA,42,119,2026Q1,true
G000598,2026 HON. ROBERT GARCIA,OFFICIAL EXPENSES OF MEMBERS,EQUIPMENT,219,219,Robert Garcia,D,CA,42,119,2026Q1,true
G000598,2026 HON. ROBERT GARCIA,INTERN ALLOWANCES,PERSONNEL COMPENSATION,24032.89,24032.89,Robert Garcia,D,CA,42,119,2026Q1,true
G000587,2026 HON. SYLVIA R. GARCIA,OFFICIAL EXPENSES OF MEMBERS,FRANKED MAIL,1311.46,1311.46,Sylvia R. Garcia,D,TX,29,119,2026Q1,true
G000587,2026 HON. SYLVIA R. GARCIA,OFFICIAL EXPENSES OF MEMBERS,PERSONNEL COMPENSATION,331201.81,331201.81,Sylvia R. Garcia,D,TX,29,119,2026Q1,true
G000587,2026 HON. SYLVIA R. GARCIA,OFFICIAL EXPENSES OF MEMBERS,TRAVEL,24126.31,24126.31,Sylvia R. Garcia,D,TX,29,119,2026Q1,true
G000587,2026 HON. SYLVIA R. GARCIA,OFFICIAL EXPENSES OF MEMBERS,RENT COMMUNICATION UTILITIES,18409.2,18409.2,Sylvia R. Garcia,D,TX,29,119,2026Q1,true
G000587,2026 HON. SYLVIA R. GARCIA,OFFICIAL EXPENSES OF MEMBERS,PRINTING AND REPRODUCTION,284.87,284.87,Sylvia R. Garcia,D,TX,29,119,2026Q1,true
G000587,2026 HON. SYLVIA R. GARCIA,OFFICIAL EXPENSES OF MEMBERS,OTHER SERVICES,11704.22,11704.22,Sylvia R. Garcia,D,TX,29,119,2026Q1,true
G000587,2026 HON. SYLVIA R. GARCIA,OFFICIAL EXPENSES OF MEMBERS,SUPPLIES AND MATERIALS,978.24,978.24,Sylvia R. Garcia,D,TX,29,119,2026Q1,true
G000587,2026 HON. SYLVIA R. GARCIA,OFFICIAL EXPENSES OF MEMBERS,EQUIPMENT,6215.38,6215.38,Sylvia R. Garcia,D,TX,29,119,2026Q1,true
G000587,2026 HON. SYLVIA R. GARCIA,INTERN ALLOWANCES,PERSONNEL COMPENSATION,9981.89,9981.89,Sylvia R. Garcia,D,TX,29,119,2026Q1,true
G000603,2026 HON. BRANDON GILL,OFFICIAL EXPENSES OF MEMBERS,FRANKED MAIL,-113.04,-113.04,Brandon Gill,R,TX,26,119,2026Q1,true
G000603,2026 HON. BRANDON GILL,OFFICIAL EXPENSES OF MEMBERS,PERSONNEL COMPENSATION,294252.12,294252.12,Brandon Gill,R,TX,26,119,2026Q1,true
G000603,2026 HON. BRANDON GILL,OFFICIAL EXPENSES OF MEMBERS,TRAVEL,9426.23,9426.23,Brandon Gill,R,TX,26,119,2026Q1,true
G000603,2026 HON. BRANDON GILL,OFFICIAL EXPENSES OF MEMBERS,RENT COMMUNICATION UTILITIES,2898.04,2898.04,Brandon Gill,R,TX,26,119,2026Q1,true
G000603,2026 HON. BRANDON GILL,OFFICIAL EXPENSES OF MEMBERS,PRINTING AND REPRODUCTION,245.1,245.1,Brandon Gill,R,TX,26,119,2026Q1,true
G000603,2026 HON. BRANDON GILL,OFFICIAL EXPENSES OF MEMBERS,OTHER SERVICES,1694,1694,Brandon Gill,R,TX,26,119,2026Q1,true
G000603,2026 HON. BRANDON GILL,OFFICIAL EXPENSES OF MEMBERS,SUPPLIES AND MATERIALS,2795,2795,Brandon Gill,R,TX,26,119,2026Q1,true
G000603,2026 HON. BRANDON GILL,OFFICIAL EXPENSES OF MEMBERS,EQUIPMENT,465,465,Brandon Gill,R,TX,26,119,2026Q1,true
G000603,2026 HON. BRANDON GILL,INTERN ALLOWANCES,PERSONNEL COMPENSATION,8010.01,8010.01,Brandon Gill,R,TX,26,119,2026Q1,true
G000602,2026 HON. LAURA GILLEN,OFFICIAL EXPENSES OF MEMBERS,FRANKED MAIL,67.98,67.98,Laura Gillen,D,NY,4,119,2026Q1,true
G000602,2026 HON. LAURA GILLEN,OFFICIAL EXPENSES OF MEMBERS,PERSONNEL COMPENSATION,289437.36,289437.36,Laura Gillen,D,NY,4,119,2026Q1,true
G000602,2026 HON. LAURA GILLEN,OFFICIAL EXPENSES OF MEMBERS,TRAVEL,13364.64,13364.64,Laura Gillen,D,NY,4,119,2026Q1,true
G000602,2026 HON. LAURA GILLEN,OFFICIAL EXPENSES OF MEMBERS,RENT COMMUNICATION UTILITIES,15283.96,15283.96,Laura Gillen,D,NY,4,119,2026Q1,true
G000602,2026 HON. LAURA GILLEN,OFFICIAL EXPENSES OF MEMBERS,PRINTING AND REPRODUCTION,196883.16,196883.16,Laura Gillen,D,NY,4,119,2026Q1,true
G000602,2026 HON. LAURA GILLEN,OFFICIAL EXPENSES OF MEMBERS,OTHER SERVICES,8888.42,8888.42,Laura Gillen,D,NY,4,119,2026Q1,true
G000602,2026 HON. LAURA GILLEN,OFFICIAL EXPENSES OF MEMBERS,SUPPLIES AND MATERIALS,6675.18,6675.18,Laura Gillen,D,NY,4,119,2026Q1,true
G000602,2026 HON. LAURA GILLEN,OFFICIAL EXPENSES OF MEMBERS,EQUIPMENT,435,435,Laura Gillen,D,NY,4,119,2026Q1,true
G000602,2026 HON. LAURA GILLEN,INTERN ALLOWANCES,PERSONNEL COMPENSATION,8865.67,8865.67,Laura Gillen,D,NY,4,119,2026Q1,true
G000593,2026 HON. CARLOS A. GIMENEZ,OFFICIAL EXPENSES OF MEMBERS,FRANKED MAIL,-25.28,-25.28,Carlos A. Gimenez,R,FL,26,119,2026Q1,true
G000593,2026 HON. CARLOS A. GIMENEZ,OFFICIAL EXPENSES OF MEMBERS,PERSONNEL COMPENSATION,257142.22,257142.22,Carlos A. Gimenez,R,FL,26,119,2026Q1,true
G000593,2026 HON. CARLOS A. GIMENEZ,OFFICIAL EXPENSES OF MEMBERS,TRAVEL,25360.65,25360.65,Carlos A. Gimenez,R,FL,26,119,2026Q1,true
G000593,2026 HON. CARLOS A. GIMENEZ,OFFICIAL EXPENSES OF MEMBERS,RENT COMMUNICATION UTILITIES,3023.56,3023.56,Carlos A. Gimenez,R,FL,26,119,2026Q1,true
G000593,2026 HON. CARLOS A. GIMENEZ,OFFICIAL EXPENSES OF MEMBERS,PRINTING AND REPRODUCTION,4041.01,4041.01,Carlos A. Gimenez,R,FL,26,119,2026Q1,true
G000593,2026 HON. CARLOS A. GIMENEZ,OFFICIAL EXPENSES OF MEMBERS,OTHER SERVICES,1134,1134,Carlos A. Gimenez,R,FL,26,119,2026Q1,true
G000593,2026 HON. CARLOS A. GIMENEZ,OFFICIAL EXPENSES OF MEMBERS,SUPPLIES AND MATERIALS,2646.76,2646.76,Carlos A. Gimenez,R,FL,26,119,2026Q1,true
G000593,2026 HON. CARLOS A. GIMENEZ,OFFICIAL EXPENSES OF MEMBERS,EQUIPMENT,1002,1002,Carlos A. Gimenez,R,FL,26,119,2026Q1,true
G000593,2026 HON. CARLOS A. GIMENEZ,INTERN ALLOWANCES,PERSONNEL COMPENSATION,7183.33,7183.33,Carlos A. Gimenez,R,FL,26,119,2026Q1,true
G000592,2026 HON. JARED F. GOLDEN,OFFICIAL EXPENSES OF MEMBERS,FRANKED MAIL,59.15,59.15,Jared F. Golden,D,ME,2,119,2026Q1,true
G000592,2026 HON. JARED F. GOLDEN,OFFICIAL EXPENSES OF MEMBERS,PERSONNEL COMPENSATION,405372.24,405372.24,Jared F. Golden,D,ME,2,119,2026Q1,true
G000592,2026 HON. JARED F. GOLDEN,OFFICIAL EXPENSES OF MEMBERS,TRAVEL,9123.44,9123.44,Jared F. Golden,D,ME,2,119,2026Q1,true
G000592,2026 HON. JARED F. GOLDEN,OFFICIAL EXPENSES OF MEMBERS,RENT COMMUNICATION UTILITIES,17817.8,17817.8,Jared F. Golden,D,ME,2,119,2026Q1,true
G000592,2026 HON. JARED F. GOLDEN,OFFICIAL EXPENSES OF MEMBERS,PRINTING AND REPRODUCTION,152,152,Jared F. Golden,D,ME,2,119,2026Q1,true
G000592,2026 HON. JARED F. GOLDEN,OFFICIAL EXPENSES OF MEMBERS,OTHER SERVICES,11067.7,11067.7,Jared F. Golden,D,ME,2,119,2026Q1,true
G000592,2026 HON. JARED F. GOLDEN,OFFICIAL EXPENSES OF MEMBERS,SUPPLIES AND MATERIALS,2444.67,2444.67,Jared F. Golden,D,ME,2,119,2026Q1,true
G000592,2026 HON. JARED F. GOLDEN,OFFICIAL EXPENSES OF MEMBERS,EQUIPMENT,2352.32,2352.32,Jared F. Golden,D,ME,2,119,2026Q1,true
G000592,2026 HON. JARED F. GOLDEN,INTERN ALLOWANCES,PERSONNEL COMPENSATION,8409.99,8409.99,Jared F. Golden,D,ME,2,119,2026Q1,true
G000601,2026 HON. CRAIG A. GOLDMAN,OFFICIAL EXPENSES OF MEMBERS,FRANKED MAIL,-50.09,-50.09,Craig A. Goldman,R,TX,12,119,2026Q1,true
G000601,2026 HON. CRAIG A. GOLDMAN,OFFICIAL EXPENSES OF MEMBERS,PERSONNEL COMPENSATION,263798.88,263798.88,Craig A. Goldman,R,TX,12,119,2026Q1,true
G000601,2026 HON. CRAIG A. GOLDMAN,OFFICIAL EXPENSES OF MEMBERS,TRAVEL,12603.99,12603.99,Craig A. Goldman,R,TX,12,119,2026Q1,true
G000601,2026 HON. CRAIG A. GOLDMAN,OFFICIAL EXPENSES OF MEMBERS,RENT COMMUNICATION UTILITIES,3533.7,3533.7,Craig A. Goldman,R,TX,12,119,2026Q1,true
G000601,2026 HON. CRAIG A. GOLDMAN,OFFICIAL EXPENSES OF MEMBERS,PRINTING AND REPRODUCTION,544.15,544.15,Craig A. Goldman,R,TX,12,119,2026Q1,true
G000601,2026 HON. CRAIG A. GOLDMAN,OFFICIAL EXPENSES OF MEMBERS,OTHER SERVICES,381.5,381.5,Craig A. Goldman,R,TX,12,119,2026Q1,true
G000601,2026 HON. CRAIG A. GOLDMAN,OFFICIAL EXPENSES OF MEMBERS,SUPPLIES AND MATERIALS,2466.93,2466.93,Craig A. Goldman,R,TX,12,119,2026Q1,true
G000601,2026 HON. CRAIG A. GOLDMAN,OFFICIAL EXPENSES OF MEMBERS,EQUIPMENT,8527.72,8527.72,Craig A. Goldman,R,TX,12,119,2026Q1,true
G000599,2026 HON. DANIEL S. GOLDMAN,OFFICIAL EXPENSES OF MEMBERS,FRANKED MAIL,11.38,11.38,Daniel S. Goldman,D,NY,10,119,2026Q1,true
G000599,2026 HON. DANIEL S. GOLDMAN,OFFICIAL EXPENSES OF MEMBERS,PERSONNEL COMPENSATION,325974.96,325974.96,Daniel S. Goldman,D,NY,10,119,2026Q1,true
G000599,2026 HON. DANIEL S. GOLDMAN,OFFICIAL EXPENSES OF MEMBERS,TRAVEL,4326.05,4326.05,Daniel S. Goldman,D,NY,10,119,2026Q1,true
G000599,2026 HON. DANIEL S. GOLDMAN,OFFICIAL EXPENSES OF MEMBERS,RENT COMMUNICATION UTILITIES,44081.58,44081.58,Daniel S. Goldman,D,NY,10,119,2026Q1,true
G000599,2026 HON. DANIEL S. GOLDMAN,OFFICIAL EXPENSES OF MEMBERS,PRINTING AND REPRODUCTION,68411,68411,Daniel S. Goldman,D,NY,10,119,2026Q1,true
G000599,2026 HON. DANIEL S. GOLDMAN,OFFICIAL EXPENSES OF MEMBERS,OTHER SERVICES,15593.6,15593.6,Daniel S. Goldman,D,NY,10,119,2026Q1,true
G000599,2026 HON. DANIEL S. GOLDMAN,OFFICIAL EXPENSES OF MEMBERS,SUPPLIES AND MATERIALS,7854.21,7854.21,Daniel S. Goldman,D,NY,10,119,2026Q1,true
G000599,2026 HON. DANIEL S. GOLDMAN,OFFICIAL EXPENSES OF MEMBERS,EQUIPMENT,874.99,874.99,Daniel S. Goldman,D,NY,10,119,2026Q1,true
G000599,2026 HON. DANIEL S. GOLDMAN,INTERN ALLOWANCES,PERSONNEL COMPENSATION,25073.9,25073.9,Daniel S. Goldman,D,NY,10,119,2026Q1,true
G000585,2026 HON. JIMMY GOMEZ,OFFICIAL EXPENSES OF MEMBERS,FRANKED MAIL,5230.35,5230.35,Jimmy Gomez,D,CA,34,119,2026Q1,true
G000585,2026 HON. JIMMY GOMEZ,OFFICIAL EXPENSES OF MEMBERS,PERSONNEL COMPENSATION,307402.27,307402.27,Jimmy Gomez,D,CA,34,119,2026Q1,true
G000585,2026 HON. JIMMY GOMEZ,OFFICIAL EXPENSES OF MEMBERS,TRAVEL,10763.64,10763.64,Jimmy Gomez,D,CA,34,119,2026Q1,true
G000585,2026 HON. JIMMY GOMEZ,OFFICIAL EXPENSES OF MEMBERS,RENT COMMUNICATION UTILITIES,29299.5,29299.5,Jimmy Gomez,D,CA,34,119,2026Q1,true
G000585,2026 HON. JIMMY GOMEZ,OFFICIAL EXPENSES OF MEMBERS,PRINTING AND REPRODUCTION,3611.87,3611.87,Jimmy Gomez,D,CA,34,119,2026Q1,true
G000585,2026 HON. JIMMY GOMEZ,OFFICIAL EXPENSES OF MEMBERS,OTHER SERVICES,725.83,725.83,Jimmy Gomez,D,CA,34,119,2026Q1,true
G000585,2026 HON. JIMMY GOMEZ,OFFICIAL EXPENSES OF MEMBERS,SUPPLIES AND MATERIALS,13826.94,13826.94,Jimmy Gomez,D,CA,34,119,2026Q1,true
G000585,2026 HON. JIMMY GOMEZ,OFFICIAL EXPENSES OF MEMBERS,EQUIPMENT,895.41,895.41,Jimmy Gomez,D,CA,34,119,2026Q1,true
G000585,2026 HON. JIMMY GOMEZ,INTERN ALLOWANCES,PERSONNEL COMPENSATION,11851.57,11851.57,Jimmy Gomez,D,CA,34,119,2026Q1,true
G000594,2026 HON. TONY GONZALES,OFFICIAL EXPENSES OF MEMBERS,FRANKED MAIL,15869.24,15869.24,Tony Gonzales,R,TX,23,119,2026Q1,true
G000594,2026 HON. TONY GONZALES,OFFICIAL EXPENSES OF MEMBERS,PERSONNEL COMPENSATION,331685.23,331685.23,Tony Gonzales,R,TX,23,119,2026Q1,true
G000594,2026 HON. TONY GONZALES,OFFICIAL EXPENSES OF MEMBERS,TRAVEL,37273.66,37273.66,Tony Gonzales,R,TX,23,119,2026Q1,true
G000594,2026 HON. TONY GONZALES,OFFICIAL EXPENSES OF MEMBERS,RENT COMMUNICATION UTILITIES,23530.54,23530.54,Tony Gonzales,R,TX,23,119,2026Q1,true
G000594,2026 HON. TONY GONZALES,OFFICIAL EXPENSES OF MEMBERS,PRINTING AND REPRODUCTION,163.98,163.98,Tony Gonzales,R,TX,23,119,2026Q1,true
G000594,2026 HON. TONY GONZALES,OFFICIAL EXPENSES OF MEMBERS,OTHER SERVICES,11250,11250,Tony Gonzales,R,TX,23,119,2026Q1,true
G000594,2026 HON. TONY GONZALES,OFFICIAL EXPENSES OF MEMBERS,SUPPLIES AND MATERIALS,29009.46,29009.46,Tony Gonzales,R,TX,23,119,2026Q1,true
G000594,2026 HON. TONY GONZALES,OFFICIAL EXPENSES OF MEMBERS,EQUIPMENT,25016,25016,Tony Gonzales,R,TX,23,119,2026Q1,true
G000594,2026 HON. TONY GONZALES,INTERN ALLOWANCES,PERSONNEL COMPENSATION,7233.35,7233.35,Tony Gonzales,R,TX,23,119,2026Q1,true
G000581,2026 HON. VICENTE GONZALEZ,OFFICIAL EXPENSES OF MEMBERS,FRANKED MAIL,17067.31,17067.31,Vicente Gonzalez,D,TX,15,119,2026Q1,true
G000581,2026 HON. VICENTE GONZALEZ,OFFICIAL EXPENSES OF MEMBERS,PERSONNEL COMPENSATION,290333.37,290333.37,Vicente Gonzalez,D,TX,15,119,2026Q1,true
G000581,2026 HON. VICENTE GONZALEZ,OFFICIAL EXPENSES OF MEMBERS,TRAVEL,21427.6,21427.6,Vicente Gonzalez,D,TX,15,119,2026Q1,true
G000581,2026 HON. VICENTE GONZALEZ,OFFICIAL EXPENSES OF MEMBERS,RENT COMMUNICATION UTILITIES,5984.31,5984.31,Vicente Gonzalez,D,TX,15,119,2026Q1,true
G000581,2026 HON. VICENTE GONZALEZ,OFFICIAL EXPENSES OF MEMBERS,PRINTING AND REPRODUCTION,94702.97,94702.97,Vicente Gonzalez,D,TX,15,119,2026Q1,true
G000581,2026 HON. VICENTE GONZALEZ,OFFICIAL EXPENSES OF MEMBERS,OTHER SERVICES,108.24,108.24,Vicente Gonzalez,D,TX,15,119,2026Q1,true
G000581,2026 HON. VICENTE GONZALEZ,OFFICIAL EXPENSES OF MEMBERS,SUPPLIES AND MATERIALS,7019.86,7019.86,Vicente Gonzalez,D,TX,15,119,2026Q1,true
G000581,2026 HON. VICENTE GONZALEZ,OFFICIAL EXPENSES OF MEMBERS,EQUIPMENT,477,477,Vicente Gonzalez,D,TX,15,119,2026Q1,true
G000581,2026 HON. VICENTE GONZALEZ,INTERN ALLOWANCES,PERSONNEL COMPENSATION,6270.54,6270.54,Vicente Gonzalez,D,TX,15,119,2026Q1,true
G000589,2026 HON. LANCE GOODEN,OFFICIAL EXPENSES OF MEMBERS,FRANKED MAIL,-36.26,-36.26,Lance Gooden,R,TX,5,119,2026Q1,true
G000589,2026 HON. LANCE GOODEN,OFFICIAL EXPENSES OF MEMBERS,PERSONNEL COMPENSATION,325388.84,325388.84,Lance Gooden,R,TX,5,119,2026Q1,true
G000589,2026 HON. LANCE GOODEN,OFFICIAL EXPENSES OF MEMBERS,TRAVEL,23870.97,23870.97,Lance Gooden,R,TX,5,119,2026Q1,true
G000589,2026 HON. LANCE GOODEN,OFFICIAL EXPENSES OF MEMBERS,RENT COMMUNICATION UTILITIES,11898.62,11898.62,Lance Gooden,R,TX,5,119,2026Q1,true
G000589,2026 HON. LANCE GOODEN,OFFICIAL EXPENSES OF MEMBERS,PRINTING AND REPRODUCTION,1187.4,1187.4,Lance Gooden,R,TX,5,119,2026Q1,true
G000589,2026 HON. LANCE GOODEN,OFFICIAL EXPENSES OF MEMBERS,OTHER SERVICES,7011.74,7011.74,Lance Gooden,R,TX,5,119,2026Q1,true
G000589,2026 HON. LANCE GOODEN,OFFICIAL EXPENSES OF MEMBERS,SUPPLIES AND MATERIALS,14482.46,14482.46,Lance Gooden,R,TX,5,119,2026Q1,true
G000589,2026 HON. LANCE GOODEN,INTERN ALLOWANCES,PERSONNEL COMPENSATION,18592.77,18592.77,Lance Gooden,R,TX,5,119,2026Q1,true
G000604,2026 HON. MAGGIE GOODLANDER,OFFICIAL EXPENSES OF MEMBERS,FRANKED MAIL,-133.61,-133.61,Maggie Goodlander,D,NH,2,119,2026Q1,true
G000604,2026 HON. MAGGIE GOODLANDER,OFFICIAL EXPENSES OF MEMBERS,PERSONNEL COMPENSATION,282813.86,282813.86,Maggie Goodlander,D,NH,2,119,2026Q1,true
G000604,2026 HON. MAGGIE GOODLANDER,OFFICIAL EXPENSES OF MEMBERS,TRAVEL,12996.66,12996.66,Maggie Goodlander,D,NH,2,119,2026Q1,true
G000604,2026 HON. MAGGIE GOODLANDER,OFFICIAL EXPENSES OF MEMBERS,RENT COMMUNICATION UTILITIES,6070.69,6070.69,Maggie Goodlander,D,NH,2,119,2026Q1,true
G000604,2026 HON. MAGGIE GOODLANDER,OFFICIAL EXPENSES OF MEMBERS,PRINTING AND REPRODUCTION,433,433,Maggie Goodlander,D,NH,2,119,2026Q1,true
G000604,2026 HON. MAGGIE GOODLANDER,OFFICIAL EXPENSES OF MEMBERS,OTHER SERVICES,500,500,Maggie Goodlander,D,NH,2,119,2026Q1,true
G000604,2026 HON. MAGGIE GOODLANDER,OFFICIAL EXPENSES OF MEMBERS,SUPPLIES AND MATERIALS,6583.64,6583.64,Maggie Goodlander,D,NH,2,119,2026Q1,true
G000604,2026 HON. MAGGIE GOODLANDER,OFFICIAL EXPENSES OF MEMBERS,EQUIPMENT,884.01,884.01,Maggie Goodlander,D,NH,2,119,2026Q1,true
G000604,2026 HON. MAGGIE GOODLANDER,INTERN ALLOWANCES,PERSONNEL COMPENSATION,6600,6600,Maggie Goodlander,D,NH,2,119,2026Q1,true
G000565,2026 HON. PAUL A. GOSAR,OFFICIAL EXPENSES OF MEMBERS,FRANKED MAIL,1641.37,1641.37,Paul A. Gosar,R,AZ,4,119,2026Q1,true
G000565,2026 HON. PAUL A. GOSAR,OFFICIAL EXPENSES OF MEMBERS,PERSONNEL COMPENSATION,314311.09,314311.09,Paul A. Gosar,R,AZ,4,119,2026Q1,true
G000565,2026 HON. PAUL A. GOSAR,OFFICIAL EXPENSES OF MEMBERS,TRAVEL,45296.29,45296.29,Paul A. Gosar,R,AZ,4,119,2026Q1,true
G000565,2026 HON. PAUL A. GOSAR,OFFICIAL EXPENSES OF MEMBERS,RENT COMMUNICATION UTILITIES,12470.48,12470.48,Paul A. Gosar,R,AZ,4,119,2026Q1,true
G000565,2026 HON. PAUL A. GOSAR,OFFICIAL EXPENSES OF MEMBERS,PRINTING AND REPRODUCTION,230.21,230.21,Paul A. Gosar,R,AZ,4,119,2026Q1,true
G000565,2026 HON. PAUL A. GOSAR,OFFICIAL EXPENSES OF MEMBERS,OTHER SERVICES,5324.96,5324.96,Paul A. Gosar,R,AZ,4,119,2026Q1,true
G000565,2026 HON. PAUL A. GOSAR,OFFICIAL EXPENSES OF MEMBERS,SUPPLIES AND MATERIALS,6790.27,6790.27,Paul A. Gosar,R,AZ,4,119,2026Q1,true
G000565,2026 HON. PAUL A. GOSAR,INTERN ALLOWANCES,PERSONNEL COMPENSATION,18200,18200,Paul A. Gosar,R,AZ,4,119,2026Q1,true
G000583,2026 HON. JOSH GOTTHEIMER,OFFICIAL EXPENSES OF MEMBERS,FRANKED MAIL,161.17,161.17,Josh Gottheimer,D,NJ,5,119,2026Q1,true
G000583,2026 HON. JOSH GOTTHEIMER,OFFICIAL EXPENSES OF MEMBERS,PERSONNEL COMPENSATION,273859.75,273859.75,Josh Gottheimer,D,NJ,5,119,2026Q1,true
G000583,2026 HON. JOSH GOTTHEIMER,OFFICIAL EXPENSES OF MEMBERS,TRAVEL,12273.98,12273.98,Josh Gottheimer,D,NJ,5,119,2026Q1,true
G000583,2026 HON. JOSH GOTTHEIMER,OFFICIAL EXPENSES OF MEMBERS,RENT COMMUNICATION UTILITIES,14479.69,14479.69,Josh Gottheimer,D,NJ,5,119,2026Q1,true
G000583,2026 HON. JOSH GOTTHEIMER,OFFICIAL EXPENSES OF MEMBERS,PRINTING AND REPRODUCTION,702.78,702.78,Josh Gottheimer,D,NJ,5,119,2026Q1,true
G000583,2026 HON. JOSH GOTTHEIMER,OFFICIAL EXPENSES OF MEMBERS,OTHER SERVICES,20279.8,20279.8,Josh Gottheimer,D,NJ,5,119,2026Q1,true
G000583,2026 HON. JOSH GOTTHEIMER,OFFICIAL EXPENSES OF MEMBERS,SUPPLIES AND MATERIALS,4482.75,4482.75,Josh Gottheimer,D,NJ,5,119,2026Q1,true
G000583,2026 HON. JOSH GOTTHEIMER,OFFICIAL EXPENSES OF MEMBERS,EQUIPMENT,1176,1176,Josh Gottheimer,D,NJ,5,119,2026Q1,true
G000583,2026 HON. JOSH GOTTHEIMER,INTERN ALLOWANCES,PERSONNEL COMPENSATION,8066.67,8066.67,Josh Gottheimer,D,NJ,5,119,2026Q1,true
G000546,2026 HON. SAM GRAVES,OFFICIAL EXPENSES OF MEMBERS,FRANKED MAIL,10732.38,10732.38,Sam Graves,R,MO,6,119,2026Q1,true
G000546,2026 HON. SAM GRAVES,OFFICIAL EXPENSES OF MEMBERS,PERSONNEL COMPENSATION,285498.87,285498.87,Sam Graves,R,MO,6,119,2026Q1,true
G000546,2026 HON. SAM GRAVES,OFFICIAL EXPENSES OF MEMBERS,TRAVEL,14839.9,14839.9,Sam Graves,R,MO,6,119,2026Q1,true
G000546,2026 HON. SAM GRAVES,OFFICIAL EXPENSES OF MEMBERS,RENT COMMUNICATION UTILITIES,6728.59,6728.59,Sam Graves,R,MO,6,119,2026Q1,true
G000546,2026 HON. SAM GRAVES,OFFICIAL EXPENSES OF MEMBERS,PRINTING AND REPRODUCTION,76,76,Sam Graves,R,MO,6,119,2026Q1,true
G000546,2026 HON. SAM GRAVES,OFFICIAL EXPENSES OF MEMBERS,SUPPLIES AND MATERIALS,1902.79,1902.79,Sam Graves,R,MO,6,119,2026Q1,true
G000546,2026 HON. SAM GRAVES,OFFICIAL EXPENSES OF MEMBERS,EQUIPMENT,2484.57,2484.57,Sam Graves,R,MO,6,119,2026Q1,true
G000546,2026 HON. SAM GRAVES,INTERN ALLOWANCES,PERSONNEL COMPENSATION,3840,3840,Sam Graves,R,MO,6,119,2026Q1,true
G000605,2026 HON. ADAM GRAY,OFFICIAL EXPENSES OF MEMBERS,FRANKED MAIL,-98.75,-98.75,Adam Gray,D,CA,13,119,2026Q1,true
G000605,2026 HON. ADAM GRAY,OFFICIAL EXPENSES OF MEMBERS,PERSONNEL COMPENSATION,239891.67,239891.67,Adam Gray,D,CA,13,119,2026Q1,true
G000605,2026 HON. ADAM GRAY,OFFICIAL EXPENSES OF MEMBERS,TRAVEL,13612.12,13612.12,Adam Gray,D,CA,13,119,2026Q1,true
G000605,2026 HON. ADAM GRAY,OFFICIAL EXPENSES OF MEMBERS,RENT COMMUNICATION UTILITIES,2707.29,2707.29,Adam Gray,D,CA,13,119,2026Q1,true
G000605,2026 HON. ADAM GRAY,OFFICIAL EXPENSES OF MEMBERS,PRINTING AND REPRODUCTION,9914,9914,Adam Gray,D,CA,13,119,2026Q1,true
G000605,2026 HON. ADAM GRAY,OFFICIAL EXPENSES OF MEMBERS,OTHER SERVICES,4071.49,4071.49,Adam Gray,D,CA,13,119,2026Q1,true
G000605,2026 HON. ADAM GRAY,OFFICIAL EXPENSES OF MEMBERS,SUPPLIES AND MATERIALS,2799.88,2799.88,Adam Gray,D,CA,13,119,2026Q1,true
G000605,2026 HON. ADAM GRAY,OFFICIAL EXPENSES OF MEMBERS,EQUIPMENT,17456,17456,Adam Gray,D,CA,13,119,2026Q1,true
G000605,2026 HON. ADAM GRAY,INTERN ALLOWANCES,PERSONNEL COMPENSATION,10573.33,10573.33,Adam Gray,D,CA,13,119,2026Q1,true
G000553,2026 HON. AL GREEN,OFFICIAL EXPENSES OF MEMBERS,FRANKED MAIL,-66.3,-66.3,Al Green,D,TX,9,119,2026Q1,true
G000553,2026 HON. AL GREEN,OFFICIAL EXPENSES OF MEMBERS,PERSONNEL COMPENSATION,307022.19,307022.19,Al Green,D,TX,9,119,2026Q1,true
G000553,2026 HON. AL GREEN,OFFICIAL EXPENSES OF MEMBERS,TRAVEL,12760.11,12760.11,Al Green,D,TX,9,119,2026Q1,true
G000553,2026 HON. AL GREEN,OFFICIAL EXPENSES OF MEMBERS,RENT COMMUNICATION UTILITIES,30292.95,30292.95,Al Green,D,TX,9,119,2026Q1,true
G000553,2026 HON. AL GREEN,OFFICIAL EXPENSES OF MEMBERS,PRINTING AND REPRODUCTION,1865.9,1865.9,Al Green,D,TX,9,119,2026Q1,true
G000553,2026 HON. AL GREEN,OFFICIAL EXPENSES OF MEMBERS,OTHER SERVICES,34469,34469,Al Green,D,TX,9,119,2026Q1,true
G000553,2026 HON. AL GREEN,OFFICIAL EXPENSES OF MEMBERS,SUPPLIES AND MATERIALS,56381.36,56381.36,Al Green,D,TX,9,119,2026Q1,true
G000553,2026 HON. AL GREEN,OFFICIAL EXPENSES OF MEMBERS,EQUIPMENT,1821,1821,Al Green,D,TX,9,119,2026Q1,true
G000553,2026 HON. AL GREEN,INTERN ALLOWANCES,PERSONNEL COMPENSATION,3952,3952,Al Green,D,TX,9,119,2026Q1,true
G000596,2026 HON. MARJORIE TAYLOR GREENE,OFFICIAL EXPENSES OF MEMBERS,FRANKED MAIL,-44.18,-44.18,Marjorie Taylor Greene,R,GA,14,119,2026Q1,true
G000596,2026 HON. MARJORIE TAYLOR GREENE,OFFICIAL EXPENSES OF MEMBERS,PERSONNEL COMPENSATION,326937.8,326937.8,Marjorie Taylor Greene,R,GA,14,119,2026Q1,true
G000596,2026 HON. MARJORIE TAYLOR GREENE,OFFICIAL EXPENSES OF MEMBERS,TRAVEL,828.55,828.55,Marjorie Taylor Greene,R,GA,14,119,2026Q1,true
G000596,2026 HON. MARJORIE TAYLOR GREENE,OFFICIAL EXPENSES OF MEMBERS,RENT COMMUNICATION UTILITIES,12666.9,12666.9,Marjorie Taylor Greene,R,GA,14,119,2026Q1,true
G000596,2026 HON. MARJORIE TAYLOR GREENE,OFFICIAL EXPENSES OF MEMBERS,OTHER SERVICES,12942.75,12942.75,Marjorie Taylor Greene,R,GA,14,119,2026Q1,true
G000596,2026 HON. MARJORIE TAYLOR GREENE,OFFICIAL EXPENSES OF MEMBERS,SUPPLIES AND MATERIALS,194.76,194.76,Marjorie Taylor Greene,R,GA,14,119,2026Q1,true
G000596,2026 HON. MARJORIE TAYLOR GREENE,OFFICIAL EXPENSES OF MEMBERS,EQUIPMENT,1232.64,1232.64,Marjorie Taylor Greene,R,GA,14,119,2026Q1,true
G000568,2026 HON. H. MORGAN GRIFFITH,OFFICIAL EXPENSES OF MEMBERS,FRANKED MAIL,333.88,333.88,H. Morgan Griffith,R,VA,9,119,2026Q1,true
G000568,2026 HON. H. MORGAN GRIFFITH,OFFICIAL EXPENSES OF MEMBERS,PERSONNEL COMPENSATION,373648.86,373648.86,H. Morgan Griffith,R,VA,9,119,2026Q1,true
G000568,2026 HON. H. MORGAN GRIFFITH,OFFICIAL EXPENSES OF MEMBERS,TRAVEL,8899.17,8899.17,H. Morgan Griffith,R,VA,9,119,2026Q1,true
G000568,2026 HON. H. MORGAN GRIFFITH,OFFICIAL EXPENSES OF MEMBERS,RENT COMMUNICATION UTILITIES,8297.15,8297.15,H. Morgan Griffith,R,VA,9,119,2026Q1,true
G000568,2026 HON. H. MORGAN GRIFFITH,OFFICIAL EXPENSES OF MEMBERS,PRINTING AND REPRODUCTION,11194,11194,H. Morgan Griffith,R,VA,9,119,2026Q1,true
G000568,2026 HON. H. MORGAN GRIFFITH,OFFICIAL EXPENSES OF MEMBERS,OTHER SERVICES,450,450,H. Morgan Griffith,R,VA,9,119,2026Q1,true
G000568,2026 HON. H. MORGAN GRIFFITH,OFFICIAL EXPENSES OF MEMBERS,SUPPLIES AND MATERIALS,5604.81,5604.81,H. Morgan Griffith,R,VA,9,119,2026Q1,true
G000568,2026 HON. H. MORGAN GRIFFITH,OFFICIAL EXPENSES OF MEMBERS,EQUIPMENT,1875,1875,H. Morgan Griffith,R,VA,9,119,2026Q1,true
G000568,2026 HON. H. MORGAN GRIFFITH,INTERN ALLOWANCES,PERSONNEL COMPENSATION,6350,6350,H. Morgan Griffith,R,VA,9,119,2026Q1,true
G000606,2026 HON. ADELITA S. GRIJALVA,OFFICIAL EXPENSES OF MEMBERS,FRANKED MAIL,-47.85,-47.85,Adelita S. Grijalva,D,AZ,7,119,2026Q1,true
G000606,2026 HON. ADELITA S. GRIJALVA,OFFICIAL EXPENSES OF MEMBERS,PERSONNEL COMPENSATION,390657.71,390657.71,Adelita S. Grijalva,D,AZ,7,119,2026Q1,true
G000606,2026 HON. ADELITA S. GRIJALVA,OFFICIAL EXPENSES OF MEMBERS,TRAVEL,17074.97,17074.97,Adelita S. Grijalva,D,AZ,7,119,2026Q1,true
G000606,2026 HON. ADELITA S. GRIJALVA,OFFICIAL EXPENSES OF MEMBERS,RENT COMMUNICATION UTILITIES,8389.22,8389.22,Adelita S. Grijalva,D,AZ,7,119,2026Q1,true
G000606,2026 HON. ADELITA S. GRIJALVA,OFFICIAL EXPENSES OF MEMBERS,PRINTING AND REPRODUCTION,103,103,Adelita S. Grijalva,D,AZ,7,119,2026Q1,true
G000606,2026 HON. ADELITA S. GRIJALVA,OFFICIAL EXPENSES OF MEMBERS,OTHER SERVICES,7795,7795,Adelita S. Grijalva,D,AZ,7,119,2026Q1,true
G000606,2026 HON. ADELITA S. GRIJALVA,OFFICIAL EXPENSES OF MEMBERS,SUPPLIES AND MATERIALS,648.7,648.7,Adelita S. Grijalva,D,AZ,7,119,2026Q1,true
G000606,2026 HON. ADELITA S. GRIJALVA,OFFICIAL EXPENSES OF MEMBERS,EQUIPMENT,167,167,Adelita S. Grijalva,D,AZ,7,119,2026Q1,true
G000606,2026 HON. ADELITA S. GRIJALVA,INTERN ALLOWANCES,PERSONNEL COMPENSATION,6200,6200,Adelita S. Grijalva,D,AZ,7,119,2026Q1,true
G000576,2026 HON. GLENN GROTHMAN,OFFICIAL EXPENSES OF MEMBERS,FRANKED MAIL,2390.55,2390.55,Glenn Grothman,R,WI,6,119,2026Q1,true
G000576,2026 HON. GLENN GROTHMAN,OFFICIAL EXPENSES OF MEMBERS,PERSONNEL COMPENSATION,258287.06,258287.06,Glenn Grothman,R,WI,6,119,2026Q1,true
G000576,2026 HON. GLENN GROTHMAN,OFFICIAL EXPENSES OF MEMBERS,TRAVEL,10463.76,10463.76,Glenn Grothman,R,WI,6,119,2026Q1,true
G000576,2026 HON. GLENN GROTHMAN,OFFICIAL EXPENSES OF MEMBERS,RENT COMMUNICATION UTILITIES,990.55,990.55,Glenn Grothman,R,WI,6,119,2026Q1,true
G000576,2026 HON. GLENN GROTHMAN,OFFICIAL EXPENSES OF MEMBERS,PRINTING AND REPRODUCTION,425.04,425.04,Glenn Grothman,R,WI,6,119,2026Q1,true
G000576,2026 HON. GLENN GROTHMAN,OFFICIAL EXPENSES OF MEMBERS,OTHER SERVICES,277.1,277.1,Glenn Grothman,R,WI,6,119,2026Q1,true
G000576,2026 HON. GLENN GROTHMAN,OFFICIAL EXPENSES OF MEMBERS,SUPPLIES AND MATERIALS,5127.02,5127.02,Glenn Grothman,R,WI,6,119,2026Q1,true
G000576,2026 HON. GLENN GROTHMAN,OFFICIAL EXPENSES OF MEMBERS,EQUIPMENT,1002,1002,Glenn Grothman,R,WI,6,119,2026Q1,true
G000576,2026 HON. GLENN GROTHMAN,INTERN ALLOWANCES,PERSONNEL COMPENSATION,8820,8820,Glenn Grothman,R,WI,6,119,2026Q1,true
G000591,2026 HON. MICHAEL GUEST,OFFICIAL EXPENSES OF MEMBERS,FRANKED MAIL,12762.57,12762.57,Michael Guest,R,MS,3,119,2026Q1,true
G000591,2026 HON. MICHAEL GUEST,OFFICIAL EXPENSES OF MEMBERS,PERSONNEL COMPENSATION,311122.16,311122.16,Michael Guest,R,MS,3,119,2026Q1,true
G000591,2026 HON. MICHAEL GUEST,OFFICIAL EXPENSES OF MEMBERS,TRAVEL,13986.32,13986.32,Michael Guest,R,MS,3,119,2026Q1,true
G000591,2026 HON. MICHAEL GUEST,OFFICIAL EXPENSES OF MEMBERS,RENT COMMUNICATION UTILITIES,7142.21,7142.21,Michael Guest,R,MS,3,119,2026Q1,true
G000591,2026 HON. MICHAEL GUEST,OFFICIAL EXPENSES OF MEMBERS,PRINTING AND REPRODUCTION,17003.48,17003.48,Michael Guest,R,MS,3,119,2026Q1,true
G000591,2026 HON. MICHAEL GUEST,OFFICIAL EXPENSES OF MEMBERS,OTHER SERVICES,6420,6420,Michael Guest,R,MS,3,119,2026Q1,true
G000591,2026 HON. MICHAEL GUEST,OFFICIAL EXPENSES OF MEMBERS,SUPPLIES AND MATERIALS,3100.67,3100.67,Michael Guest,R,MS,3,119,2026Q1,true
G000591,2026 HON. MICHAEL GUEST,OFFICIAL EXPENSES OF MEMBERS,EQUIPMENT,6201.65,6201.65,Michael Guest,R,MS,3,119,2026Q1,true
G000591,2026 HON. MICHAEL GUEST,INTERN ALLOWANCES,PERSONNEL COMPENSATION,10140,10140,Michael Guest,R,MS,3,119,2026Q1,true
G000558,2026 HON. BRETT GUTHRIE,OFFICIAL EXPENSES OF MEMBERS,FRANKED MAIL,7593.06,7593.06,Brett Guthrie,R,KY,2,119,2026Q1,true
G000558,2026 HON. BRETT GUTHRIE,OFFICIAL EXPENSES OF MEMBERS,PERSONNEL COMPENSATION,341221.06,341221.06,Brett Guthrie,R,KY,2,119,2026Q1,true
G000558,2026 HON. BRETT GUTHRIE,OFFICIAL EXPENSES OF MEMBERS,TRAVEL,9297.98,9297.98,Brett Guthrie,R,KY,2,119,2026Q1,true
G000558,2026 HON. BRETT GUTHRIE,OFFICIAL EXPENSES OF MEMBERS,RENT COMMUNICATION UTILITIES,4826.26,4826.26,Brett Guthrie,R,KY,2,119,2026Q1,true
G000558,2026 HON. BRETT GUTHRIE,OFFICIAL EXPENSES OF MEMBERS,PRINTING AND REPRODUCTION,38,38,Brett Guthrie,R,KY,2,119,2026Q1,true
G000558,2026 HON. BRETT GUTHRIE,OFFICIAL EXPENSES OF MEMBERS,OTHER SERVICES,5100,5100,Brett Guthrie,R,KY,2,119,2026Q1,true
G000558,2026 HON. BRETT GUTHRIE,OFFICIAL EXPENSES OF MEMBERS,SUPPLIES AND MATERIALS,1057.16,1057.16,Brett Guthrie,R,KY,2,119,2026Q1,true
G000558,2026 HON. BRETT GUTHRIE,OFFICIAL EXPENSES OF MEMBERS,EQUIPMENT,1119.9,1119.9,Brett Guthrie,R,KY,2,119,2026Q1,true
G000558,2026 HON. BRETT GUTHRIE,INTERN ALLOWANCES,PERSONNEL COMPENSATION,6227.33,6227.33,Brett Guthrie,R,KY,2,119,2026Q1,true
H001096,2026 HON. HARRIET M. HAGEMAN,OFFICIAL EXPENSES OF MEMBERS,FRANKED MAIL,15.11,15.11,Harriet M. Hageman,R,WY,0,119,2026Q1,true
H001096,2026 HON. HARRIET M. HAGEMAN,OFFICIAL EXPENSES OF MEMBERS,PERSONNEL COMPENSATION,333393.32,333393.32,Harriet M. Hageman,R,WY,0,119,2026Q1,true
H001096,2026 HON. HARRIET M. HAGEMAN,OFFICIAL EXPENSES OF MEMBERS,TRAVEL,13607.03,13607.03,Harriet M. Hageman,R,WY,0,119,2026Q1,true
H001096,2026 HON. HARRIET M. HAGEMAN,OFFICIAL EXPENSES OF MEMBERS,RENT COMMUNICATION UTILITIES,14477.13,14477.13,Harriet M. Hageman,R,WY,0,119,2026Q1,true
H001096,2026 HON. HARRIET M. HAGEMAN,OFFICIAL EXPENSES OF MEMBERS,PRINTING AND REPRODUCTION,279.6,279.6,Harriet M. Hageman,R,WY,0,119,2026Q1,true
H001096,2026 HON. HARRIET M. HAGEMAN,OFFICIAL EXPENSES OF MEMBERS,OTHER SERVICES,2841.56,2841.56,Harriet M. Hageman,R,WY,0,119,2026Q1,true
H001096,2026 HON. HARRIET M. HAGEMAN,OFFICIAL EXPENSES OF MEMBERS,SUPPLIES AND MATERIALS,1811.98,1811.98,Harriet M. Hageman,R,WY,0,119,2026Q1,true
H001096,2026 HON. HARRIET M. HAGEMAN,OFFICIAL EXPENSES OF MEMBERS,EQUIPMENT,2637.86,2637.86,Harriet M. Hageman,R,WY,0,119,2026Q1,true
H001096,2026 HON. HARRIET M. HAGEMAN,INTERN ALLOWANCES,PERSONNEL COMPENSATION,3584,3584,Harriet M. Hageman,R,WY,0,119,2026Q1,true
H001098,2026 HON. ABRAHAM J. HAMADEH,OFFICIAL EXPENSES OF MEMBERS,FRANKED MAIL,24911.67,24911.67,Abraham J. Hamadeh,R,AZ,8,119,2026Q1,true
H001098,2026 HON. ABRAHAM J. HAMADEH,OFFICIAL EXPENSES OF MEMBERS,PERSONNEL COMPENSATION,268208.35,268208.35,Abraham J. Hamadeh,R,AZ,8,119,2026Q1,true
H001098,2026 HON. ABRAHAM J. HAMADEH,OFFICIAL EXPENSES OF MEMBERS,TRAVEL,26133.42,26133.42,Abraham J. Hamadeh,R,AZ,8,119,2026Q1,true
H001098,2026 HON. ABRAHAM J. HAMADEH,OFFICIAL EXPENSES OF MEMBERS,RENT COMMUNICATION UTILITIES,14600.06,14600.06,Abraham J. Hamadeh,R,AZ,8,119,2026Q1,true
H001098,2026 HON. ABRAHAM J. HAMADEH,OFFICIAL EXPENSES OF MEMBERS,PRINTING AND REPRODUCTION,32663.34,32663.34,Abraham J. Hamadeh,R,AZ,8,119,2026Q1,true
H001098,2026 HON. ABRAHAM J. HAMADEH,OFFICIAL EXPENSES OF MEMBERS,OTHER SERVICES,6369.57,6369.57,Abraham J. Hamadeh,R,AZ,8,119,2026Q1,true
H001098,2026 HON. ABRAHAM J. HAMADEH,OFFICIAL EXPENSES OF MEMBERS,SUPPLIES AND MATERIALS,26158.59,26158.59,Abraham J. Hamadeh,R,AZ,8,119,2026Q1,true
H001098,2026 HON. ABRAHAM J. HAMADEH,OFFICIAL EXPENSES OF MEMBERS,EQUIPMENT,4730.53,4730.53,Abraham J. Hamadeh,R,AZ,8,119,2026Q1,true
H001098,2026 HON. ABRAHAM J. HAMADEH,INTERN ALLOWANCES,PERSONNEL COMPENSATION,9508.33,9508.33,Abraham J. Hamadeh,R,AZ,8,119,2026Q1,true
H001090,2026 HON. JOSH HARDER,OFFICIAL EXPENSES OF MEMBERS,FRANKED MAIL,-23.3,-23.3,Josh Harder,D,CA,10,119,2026Q1,true
H001090,2026 HON. JOSH HARDER,OFFICIAL EXPENSES OF MEMBERS,PERSONNEL COMPENSATION,321451.71,321451.71,Josh Harder,D,CA,10,119,2026Q1,true
H001090,2026 HON. JOSH HARDER,OFFICIAL EXPENSES OF MEMBERS,TRAVEL,22212.66,22212.66,Josh Harder,D,CA,10,119,2026Q1,true
H001090,2026 HON. JOSH HARDER,OFFICIAL EXPENSES OF MEMBERS,RENT COMMUNICATION UTILITIES,1973.89,1973.89,Josh Harder,D,CA,10,119,2026Q1,true
H001090,2026 HON. JOSH HARDER,OFFICIAL EXPENSES OF MEMBERS,PRINTING AND REPRODUCTION,391.98,391.98,Josh Harder,D,CA,10,119,2026Q1,true
H001090,2026 HON. JOSH HARDER,OFFICIAL EXPENSES OF MEMBERS,SUPPLIES AND MATERIALS,2915.1,2915.1,Josh Harder,D,CA,10,119,2026Q1,true
H001090,2026 HON. JOSH HARDER,OFFICIAL EXPENSES OF MEMBERS,EQUIPMENT,4314.97,4314.97,Josh Harder,D,CA,10,119,2026Q1,true
H001090,2026 HON. JOSH HARDER,INTERN ALLOWANCES,PERSONNEL COMPENSATION,10664.51,10664.51,Josh Harder,D,CA,10,119,2026Q1,true
H001099,2026 HON. MIKE HARIDOPOLOS,OFFICIAL EXPENSES OF MEMBERS,FRANKED MAIL,-69.47,-69.47,Mike Haridopolos,R,FL,8,119,2026Q1,true
H001099,2026 HON. MIKE HARIDOPOLOS,OFFICIAL EXPENSES OF MEMBERS,PERSONNEL COMPENSATION,299037.5,299037.5,Mike Haridopolos,R,FL,8,119,2026Q1,true
H001099,2026 HON. MIKE HARIDOPOLOS,OFFICIAL EXPENSES OF MEMBERS,TRAVEL,16316.08,16316.08,Mike Haridopolos,R,FL,8,119,2026Q1,true
H001099,2026 HON. MIKE HARIDOPOLOS,OFFICIAL EXPENSES OF MEMBERS,RENT COMMUNICATION UTILITIES,32447.15,32447.15,Mike Haridopolos,R,FL,8,119,2026Q1,true
H001099,2026 HON. MIKE HARIDOPOLOS,OFFICIAL EXPENSES OF MEMBERS,PRINTING AND REPRODUCTION,8994.56,8994.56,Mike Haridopolos,R,FL,8,119,2026Q1,true
H001099,2026 HON. MIKE HARIDOPOLOS,OFFICIAL EXPENSES OF MEMBERS,OTHER SERVICES,240,240,Mike Haridopolos,R,FL,8,119,2026Q1,true
H001099,2026 HON. MIKE HARIDOPOLOS,OFFICIAL EXPENSES OF MEMBERS,SUPPLIES AND MATERIALS,3815.44,3815.44,Mike Haridopolos,R,FL,8,119,2026Q1,true
H001099,2026 HON. MIKE HARIDOPOLOS,OFFICIAL EXPENSES OF MEMBERS,EQUIPMENT,2606.06,2606.06,Mike Haridopolos,R,FL,8,119,2026Q1,true
H001099,2026 HON. MIKE HARIDOPOLOS,INTERN ALLOWANCES,PERSONNEL COMPENSATION,8880.03,8880.03,Mike Haridopolos,R,FL,8,119,2026Q1,true
H001101,2026 HON. PAT HARRIGAN,OFFICIAL EXPENSES OF MEMBERS,FRANKED MAIL,267.81,267.81,Pat Harrigan,R,NC,10,119,2026Q1,true
H001101,2026 HON. PAT HARRIGAN,OFFICIAL EXPENSES OF MEMBERS,PERSONNEL COMPENSATION,311423.06,311423.06,Pat Harrigan,R,NC,10,119,2026Q1,true
H001101,2026 HON. PAT HARRIGAN,OFFICIAL EXPENSES OF MEMBERS,TRAVEL,19270.86,19270.86,Pat Harrigan,R,NC,10,119,2026Q1,true
H001101,2026 HON. PAT HARRIGAN,OFFICIAL EXPENSES OF MEMBERS,RENT COMMUNICATION UTILITIES,3994.26,3994.26,Pat Harrigan,R,NC,10,119,2026Q1,true
H001101,2026 HON. PAT HARRIGAN,OFFICIAL EXPENSES OF MEMBERS,PRINTING AND REPRODUCTION,2125.8,2125.8,Pat Harrigan,R,NC,10,119,2026Q1,true
H001101,2026 HON. PAT HARRIGAN,OFFICIAL EXPENSES OF MEMBERS,SUPPLIES AND MATERIALS,2391.47,2391.47,Pat Harrigan,R,NC,10,119,2026Q1,true
H001101,2026 HON. PAT HARRIGAN,OFFICIAL EXPENSES OF MEMBERS,EQUIPMENT,495.18,495.18,Pat Harrigan,R,NC,10,119,2026Q1,true
H001101,2026 HON. PAT HARRIGAN,INTERN ALLOWANCES,PERSONNEL COMPENSATION,6725,6725,Pat Harrigan,R,NC,10,119,2026Q1,true
H001052,2026 HON. ANDY HARRIS,OFFICIAL EXPENSES OF MEMBERS,FRANKED MAIL,96.3,96.3,Andy Harris,R,MD,1,119,2026Q1,true
H001052,2026 HON. ANDY HARRIS,OFFICIAL EXPENSES OF MEMBERS,PERSONNEL COMPENSATION,302946.83,302946.83,Andy Harris,R,MD,1,119,2026Q1,true
H001052,2026 HON. ANDY HARRIS,OFFICIAL EXPENSES OF MEMBERS,TRAVEL,4326.72,4326.72,Andy Harris,R,MD,1,119,2026Q1,true
H001052,2026 HON. ANDY HARRIS,OFFICIAL EXPENSES OF MEMBERS,RENT COMMUNICATION UTILITIES,6993.22,6993.22,Andy Harris,R,MD,1,119,2026Q1,true
H001052,2026 HON. ANDY HARRIS,OFFICIAL EXPENSES OF MEMBERS,PRINTING AND REPRODUCTION,236,236,Andy Harris,R,MD,1,119,2026Q1,true
H001052,2026 HON. ANDY HARRIS,OFFICIAL EXPENSES OF MEMBERS,OTHER SERVICES,2068.98,2068.98,Andy Harris,R,MD,1,119,2026Q1,true
H001052,2026 HON. ANDY HARRIS,OFFICIAL EXPENSES OF MEMBERS,SUPPLIES AND MATERIALS,6836.11,6836.11,Andy Harris,R,MD,1,119,2026Q1,true
H001052,2026 HON. ANDY HARRIS,OFFICIAL EXPENSES OF MEMBERS,EQUIPMENT,1691.8,1691.8,Andy Harris,R,MD,1,119,2026Q1,true
H001052,2026 HON. ANDY HARRIS,INTERN ALLOWANCES,PERSONNEL COMPENSATION,13421.15,13421.15,Andy Harris,R,MD,1,119,2026Q1,true
H001102,2026 HON. MARK HARRIS,OFFICIAL EXPENSES OF MEMBERS,FRANKED MAIL,-75.96,-75.96,Mark Harris,R,NC,8,119,2026Q1,true
H001102,2026 HON. MARK HARRIS,OFFICIAL EXPENSES OF MEMBERS,PERSONNEL COMPENSATION,304354.44,304354.44,Mark Harris,R,NC,8,119,2026Q1,true
H001102,2026 HON. MARK HARRIS,OFFICIAL EXPENSES OF MEMBERS,TRAVEL,16757.27,16757.27,Mark Harris,R,NC,8,119,2026Q1,true
H001102,2026 HON. MARK HARRIS,OFFICIAL EXPENSES OF MEMBERS,RENT COMMUNICATION UTILITIES,16207.58,16207.58,Mark Harris,R,NC,8,119,2026Q1,true
H001102,2026 HON. MARK HARRIS,OFFICIAL EXPENSES OF MEMBERS,PRINTING AND REPRODUCTION,2020.44,2020.44,Mark Harris,R,NC,8,119,2026Q1,true
H001102,2026 HON. MARK HARRIS,OFFICIAL EXPENSES OF MEMBERS,SUPPLIES AND MATERIALS,995.85,995.85,Mark Harris,R,NC,8,119,2026Q1,true
H001102,2026 HON. MARK HARRIS,OFFICIAL EXPENSES OF MEMBERS,EQUIPMENT,360,360,Mark Harris,R,NC,8,119,2026Q1,true
H001102,2026 HON. MARK HARRIS,INTERN ALLOWANCES,PERSONNEL COMPENSATION,7060,7060,Mark Harris,R,NC,8,119,2026Q1,true
H001086,2026 HON. DIANA HARSHBARGER,OFFICIAL EXPENSES OF MEMBERS,FRANKED MAIL,1351.28,1351.28,Diana Harshbarger,R,TN,1,119,2026Q1,true
H001086,2026 HON. DIANA HARSHBARGER,OFFICIAL EXPENSES OF MEMBERS,PERSONNEL COMPENSATION,236904.42,236904.42,Diana Harshbarger,R,TN,1,119,2026Q1,true
H001086,2026 HON. DIANA HARSHBARGER,OFFICIAL EXPENSES OF MEMBERS,TRAVEL,5545.22,5545.22,Diana Harshbarger,R,TN,1,119,2026Q1,true
H001086,2026 HON. DIANA HARSHBARGER,OFFICIAL EXPENSES OF MEMBERS,RENT COMMUNICATION UTILITIES,4944.85,4944.85,Diana Harshbarger,R,TN,1,119,2026Q1,true
H001086,2026 HON. DIANA HARSHBARGER,OFFICIAL EXPENSES OF MEMBERS,PRINTING AND REPRODUCTION,93.5,93.5,Diana Harshbarger,R,TN,1,119,2026Q1,true
H001086,2026 HON. DIANA HARSHBARGER,OFFICIAL EXPENSES OF MEMBERS,SUPPLIES AND MATERIALS,4642.81,4642.81,Diana Harshbarger,R,TN,1,119,2026Q1,true
H001086,2026 HON. DIANA HARSHBARGER,OFFICIAL EXPENSES OF MEMBERS,EQUIPMENT,861,861,Diana Harshbarger,R,TN,1,119,2026Q1,true
H001086,2026 HON. DIANA HARSHBARGER,INTERN ALLOWANCES,PERSONNEL COMPENSATION,17016.67,17016.67,Diana Harshbarger,R,TN,1,119,2026Q1,true
H001081,2026 HON. JAHANA HAYES,OFFICIAL EXPENSES OF MEMBERS,FRANKED MAIL,199.79,199.79,Jahana Hayes,D,CT,5,119,2026Q1,true
H001081,2026 HON. JAHANA HAYES,OFFICIAL EXPENSES OF MEMBERS,PERSONNEL COMPENSATION,339738.19,339738.19,Jahana Hayes,D,CT,5,119,2026Q1,true
H001081,2026 HON. JAHANA HAYES,OFFICIAL EXPENSES OF MEMBERS,TRAVEL,14916.82,14916.82,Jahana Hayes,D,CT,5,119,2026Q1,true
H001081,2026 HON. JAHANA HAYES,OFFICIAL EXPENSES OF MEMBERS,RENT COMMUNICATION UTILITIES,6348.83,6348.83,Jahana Hayes,D,CT,5,119,2026Q1,true
H001081,2026 HON. JAHANA HAYES,OFFICIAL EXPENSES OF MEMBERS,PRINTING AND REPRODUCTION,2481.83,2481.83,Jahana Hayes,D,CT,5,119,2026Q1,true
H001081,2026 HON. JAHANA HAYES,OFFICIAL EXPENSES OF MEMBERS,OTHER SERVICES,533.44,533.44,Jahana Hayes,D,CT,5,119,2026Q1,true
H001081,2026 HON. JAHANA HAYES,OFFICIAL EXPENSES OF MEMBERS,SUPPLIES AND MATERIALS,1374.84,1374.84,Jahana Hayes,D,CT,5,119,2026Q1,true
H001081,2026 HON. JAHANA HAYES,OFFICIAL EXPENSES OF MEMBERS,EQUIPMENT,9169.03,9169.03,Jahana Hayes,D,CT,5,119,2026Q1,true
H001081,2026 HON. JAHANA HAYES,INTERN ALLOWANCES,PERSONNEL COMPENSATION,5950.15,5950.15,Jahana Hayes,D,CT,5,119,2026Q1,true
H001082,2026 HON. KEVIN HERN,OFFICIAL EXPENSES OF MEMBERS,FRANKED MAIL,24409.73,24409.73,Kevin Hern,R,OK,1,119,2026Q1,true
H001082,2026 HON. KEVIN HERN,OFFICIAL EXPENSES OF MEMBERS,PERSONNEL COMPENSATION,308055.04,308055.04,Kevin Hern,R,OK,1,119,2026Q1,true
H001082,2026 HON. KEVIN HERN,OFFICIAL EXPENSES OF MEMBERS,TRAVEL,24982.06,24982.06,Kevin Hern,R,OK,1,119,2026Q1,true
H001082,2026 HON. KEVIN HERN,OFFICIAL EXPENSES OF MEMBERS,RENT COMMUNICATION UTILITIES,2521.75,2521.75,Kevin Hern,R,OK,1,119,2026Q1,true
H001082,2026 HON. KEVIN HERN,OFFICIAL EXPENSES OF MEMBERS,PRINTING AND REPRODUCTION,1495.47,1495.47,Kevin Hern,R,OK,1,119,2026Q1,true
H001082,2026 HON. KEVIN HERN,OFFICIAL EXPENSES OF MEMBERS,SUPPLIES AND MATERIALS,979.97,979.97,Kevin Hern,R,OK,1,119,2026Q1,true
H001082,2026 HON. KEVIN HERN,OFFICIAL EXPENSES OF MEMBERS,EQUIPMENT,949,949,Kevin Hern,R,OK,1,119,2026Q1,true
H001082,2026 HON. KEVIN HERN,INTERN ALLOWANCES,PERSONNEL COMPENSATION,7348.34,7348.34,Kevin Hern,R,OK,1,119,2026Q1,true
H001103,2026 HON. PABLO JOSE HERNANDEZ,OFFICIAL EXPENSES OF MEMBERS,FRANKED MAIL,7.66,7.66,Pablo José Hernández,D,PR,0,119,2026Q1,true
H001103,2026 HON. PABLO JOSE HERNANDEZ,OFFICIAL EXPENSES OF MEMBERS,PERSONNEL COMPENSATION,413169.02,413169.02,Pablo José Hernández,D,PR,0,119,2026Q1,true
H001103,2026 HON. PABLO JOSE HERNANDEZ,OFFICIAL EXPENSES OF MEMBERS,TRAVEL,25817.15,25817.15,Pablo José Hernández,D,PR,0,119,2026Q1,true
H001103,2026 HON. PABLO JOSE HERNANDEZ,OFFICIAL EXPENSES OF MEMBERS,RENT COMMUNICATION UTILITIES,4450.26,4450.26,Pablo José Hernández,D,PR,0,119,2026Q1,true
H001103,2026 HON. PABLO JOSE HERNANDEZ,OFFICIAL EXPENSES OF MEMBERS,PRINTING AND REPRODUCTION,7.6,7.6,Pablo José Hernández,D,PR,0,119,2026Q1,true
H001103,2026 HON. PABLO JOSE HERNANDEZ,OFFICIAL EXPENSES OF MEMBERS,OTHER SERVICES,6357,6357,Pablo José Hernández,D,PR,0,119,2026Q1,true
H001103,2026 HON. PABLO JOSE HERNANDEZ,OFFICIAL EXPENSES OF MEMBERS,SUPPLIES AND MATERIALS,12548.34,12548.34,Pablo José Hernández,D,PR,0,119,2026Q1,true
H001103,2026 HON. PABLO JOSE HERNANDEZ,OFFICIAL EXPENSES OF MEMBERS,EQUIPMENT,618,618,Pablo José Hernández,D,PR,0,119,2026Q1,true
H001103,2026 HON. PABLO JOSE HERNANDEZ,INTERN ALLOWANCES,PERSONNEL COMPENSATION,10565.03,10565.03,Pablo José Hernández,D,PR,0,119,2026Q1,true
H001077,2026 HON. CLAY HIGGINS,OFFICIAL EXPENSES OF MEMBERS,FRANKED MAIL,148.14,148.14,Clay Higgins,R,LA,3,119,2026Q1,true
H001077,2026 HON. CLAY HIGGINS,OFFICIAL EXPENSES OF MEMBERS,PERSONNEL COMPENSATION,296574.24,296574.24,Clay Higgins,R,LA,3,119,2026Q1,true
H001077,2026 HON. CLAY HIGGINS,OFFICIAL EXPENSES OF MEMBERS,TRAVEL,26366.39,26366.39,Clay Higgins,R,LA,3,119,2026Q1,true
H001077,2026 HON. CLAY HIGGINS,OFFICIAL EXPENSES OF MEMBERS,RENT COMMUNICATION UTILITIES,16508.42,16508.42,Clay Higgins,R,LA,3,119,2026Q1,true
H001077,2026 HON. CLAY HIGGINS,OFFICIAL EXPENSES OF MEMBERS,PRINTING AND REPRODUCTION,503.8,503.8,Clay Higgins,R,LA,3,119,2026Q1,true
H001077,2026 HON. CLAY HIGGINS,OFFICIAL EXPENSES OF MEMBERS,OTHER SERVICES,450,450,Clay Higgins,R,LA,3,119,2026Q1,true
H001077,2026 HON. CLAY HIGGINS,OFFICIAL EXPENSES OF MEMBERS,SUPPLIES AND MATERIALS,6791.15,6791.15,Clay Higgins,R,LA,3,119,2026Q1,true
H001077,2026 HON. CLAY HIGGINS,OFFICIAL EXPENSES OF MEMBERS,EQUIPMENT,1002,1002,Clay Higgins,R,LA,3,119,2026Q1,true
H001077,2026 HON. CLAY HIGGINS,INTERN ALLOWANCES,PERSONNEL COMPENSATION,5066.67,5066.67,Clay Higgins,R,LA,3,119,2026Q1,true
H001072,2026 HON. J. FRENCH HILL,OFFICIAL EXPENSES OF MEMBERS,FRANKED MAIL,1022.86,1022.86,J. French Hill,R,AR,2,119,2026Q1,true
H001072,2026 HON. J. FRENCH HILL,OFFICIAL EXPENSES OF MEMBERS,PERSONNEL COMPENSATION,343383.29,343383.29,J. French Hill,R,AR,2,119,2026Q1,true
H001072,2026 HON. J. FRENCH HILL,OFFICIAL EXPENSES OF MEMBERS,TRAVEL,11121.56,11121.56,J. French Hill,R,AR,2,119,2026Q1,true
H001072,2026 HON. J. FRENCH HILL,OFFICIAL EXPENSES OF MEMBERS,RENT COMMUNICATION UTILITIES,24684.14,24684.14,J. French Hill,R,AR,2,119,2026Q1,true
H001072,2026 HON. J. FRENCH HILL,OFFICIAL EXPENSES OF MEMBERS,PRINTING AND REPRODUCTION,1770.67,1770.67,J. French Hill,R,AR,2,119,2026Q1,true
H001072,2026 HON. J. FRENCH HILL,OFFICIAL EXPENSES OF MEMBERS,OTHER SERVICES,8773.91,8773.91,J. French Hill,R,AR,2,119,2026Q1,true
H001072,2026 HON. J. FRENCH HILL,OFFICIAL EXPENSES OF MEMBERS,SUPPLIES AND MATERIALS,8041.26,8041.26,J. French Hill,R,AR,2,119,2026Q1,true
H001072,2026 HON. J. FRENCH HILL,OFFICIAL EXPENSES OF MEMBERS,EQUIPMENT,588,588,J. French Hill,R,AR,2,119,2026Q1,true
H001072,2026 HON. J. FRENCH HILL,INTERN ALLOWANCES,PERSONNEL COMPENSATION,5233.34,5233.34,J. French Hill,R,AR,2,119,2026Q1,true
H001047,2026 HON. JAMES A. HIMES,OFFICIAL EXPENSES OF MEMBERS,FRANKED MAIL,152.64,152.64,James A. Himes,D,CT,4,119,2026Q1,true
H001047,2026 HON. JAMES A. HIMES,OFFICIAL EXPENSES OF MEMBERS,PERSONNEL COMPENSATION,332227.7,332227.7,James A. Himes,D,CT,4,119,2026Q1,true
H001047,2026 HON. JAMES A. HIMES,OFFICIAL EXPENSES OF MEMBERS,TRAVEL,7361.3,7361.3,James A. Himes,D,CT,4,119,2026Q1,true
H001047,2026 HON. JAMES A. HIMES,OFFICIAL EXPENSES OF MEMBERS,RENT COMMUNICATION UTILITIES,2663.1,2663.1,James A. Himes,D,CT,4,119,2026Q1,true
H001047,2026 HON. JAMES A. HIMES,OFFICIAL EXPENSES OF MEMBERS,PRINTING AND REPRODUCTION,110.4,110.4,James A. Himes,D,CT,4,119,2026Q1,true
H001047,2026 HON. JAMES A. HIMES,OFFICIAL EXPENSES OF MEMBERS,OTHER SERVICES,453.17,453.17,James A. Himes,D,CT,4,119,2026Q1,true
H001047,2026 HON. JAMES A. HIMES,OFFICIAL EXPENSES OF MEMBERS,SUPPLIES AND MATERIALS,1068.58,1068.58,James A. Himes,D,CT,4,119,2026Q1,true
H001047,2026 HON. JAMES A. HIMES,INTERN ALLOWANCES,PERSONNEL COMPENSATION,3741.4,3741.4,James A. Himes,D,CT,4,119,2026Q1,true
H001091,2026 HON. ASHLEY HINSON,OFFICIAL EXPENSES OF MEMBERS,FRANKED MAIL,5153.25,5153.25,Ashley Hinson,R,IA,1,119,2026Q1,true
H001091,2026 HON. ASHLEY HINSON,OFFICIAL EXPENSES OF MEMBERS,PERSONNEL COMPENSATION,330778.89,330778.89,Ashley Hinson,R,IA,1,119,2026Q1,true
H001091,2026 HON. ASHLEY HINSON,OFFICIAL EXPENSES OF MEMBERS,TRAVEL,22757.69,22757.69,Ashley Hinson,R,IA,1,119,2026Q1,true
H001091,2026 HON. ASHLEY HINSON,OFFICIAL EXPENSES OF MEMBERS,RENT COMMUNICATION UTILITIES,6524.86,6524.86,Ashley Hinson,R,IA,1,119,2026Q1,true
H001091,2026 HON. ASHLEY HINSON,OFFICIAL EXPENSES OF MEMBERS,PRINTING AND REPRODUCTION,1.9,1.9,Ashley Hinson,R,IA,1,119,2026Q1,true
H001091,2026 HON. ASHLEY HINSON,OFFICIAL EXPENSES OF MEMBERS,OTHER SERVICES,1206.54,1206.54,Ashley Hinson,R,IA,1,119,2026Q1,true
H001091,2026 HON. ASHLEY HINSON,OFFICIAL EXPENSES OF MEMBERS,SUPPLIES AND MATERIALS,885.94,885.94,Ashley Hinson,R,IA,1,119,2026Q1,true
H001091,2026 HON. ASHLEY HINSON,OFFICIAL EXPENSES OF MEMBERS,EQUIPMENT,666.39,666.39,Ashley Hinson,R,IA,1,119,2026Q1,true
H001091,2026 HON. ASHLEY HINSON,INTERN ALLOWANCES,PERSONNEL COMPENSATION,5266.67,5266.67,Ashley Hinson,R,IA,1,119,2026Q1,true
H001066,2026 HON. STEVEN HORSFORD,OFFICIAL EXPENSES OF MEMBERS,FRANKED MAIL,1308.68,1308.68,Steven Horsford,D,NV,4,119,2026Q1,true
H001066,2026 HON. STEVEN HORSFORD,OFFICIAL EXPENSES OF MEMBERS,PERSONNEL COMPENSATION,323418.35,323418.35,Steven Horsford,D,NV,4,119,2026Q1,true
H001066,2026 HON. STEVEN HORSFORD,OFFICIAL EXPENSES OF MEMBERS,TRAVEL,14793.29,14793.29,Steven Horsford,D,NV,4,119,2026Q1,true
H001066,2026 HON. STEVEN HORSFORD,OFFICIAL EXPENSES OF MEMBERS,RENT COMMUNICATION UTILITIES,2220.75,2220.75,Steven Horsford,D,NV,4,119,2026Q1,true
H001066,2026 HON. STEVEN HORSFORD,OFFICIAL EXPENSES OF MEMBERS,PRINTING AND REPRODUCTION,12176.96,12176.96,Steven Horsford,D,NV,4,119,2026Q1,true
H001066,2026 HON. STEVEN HORSFORD,OFFICIAL EXPENSES OF MEMBERS,OTHER SERVICES,12447.13,12447.13,Steven Horsford,D,NV,4,119,2026Q1,true
H001066,2026 HON. STEVEN HORSFORD,OFFICIAL EXPENSES OF MEMBERS,SUPPLIES AND MATERIALS,2719.17,2719.17,Steven Horsford,D,NV,4,119,2026Q1,true
H001066,2026 HON. STEVEN HORSFORD,OFFICIAL EXPENSES OF MEMBERS,EQUIPMENT,645,645,Steven Horsford,D,NV,4,119,2026Q1,true
H001066,2026 HON. STEVEN HORSFORD,INTERN ALLOWANCES,PERSONNEL COMPENSATION,7850.43,7850.43,Steven Horsford,D,NV,4,119,2026Q1,true
H001093,2026 HON. ERIN HOUCHIN,OFFICIAL EXPENSES OF MEMBERS,FRANKED MAIL,-28.75,-28.75,Erin Houchin,R,IN,9,119,2026Q1,true
H001093,2026 HON. ERIN HOUCHIN,OFFICIAL EXPENSES OF MEMBERS,PERSONNEL COMPENSATION,269166.74,269166.74,Erin Houchin,R,IN,9,119,2026Q1,true
H001093,2026 HON. ERIN HOUCHIN,OFFICIAL EXPENSES OF MEMBERS,TRAVEL,13220.78,13220.78,Erin Houchin,R,IN,9,119,2026Q1,true
H001093,2026 HON. ERIN HOUCHIN,OFFICIAL EXPENSES OF MEMBERS,RENT COMMUNICATION UTILITIES,22733.73,22733.73,Erin Houchin,R,IN,9,119,2026Q1,true
H001093,2026 HON. ERIN HOUCHIN,OFFICIAL EXPENSES OF MEMBERS,PRINTING AND REPRODUCTION,8726.96,8726.96,Erin Houchin,R,IN,9,119,2026Q1,true
H001093,2026 HON. ERIN HOUCHIN,OFFICIAL EXPENSES OF MEMBERS,OTHER SERVICES,20517.75,20517.75,Erin Houchin,R,IN,9,119,2026Q1,true
H001093,2026 HON. ERIN HOUCHIN,OFFICIAL EXPENSES OF MEMBERS,SUPPLIES AND MATERIALS,9271.42,9271.42,Erin Houchin,R,IN,9,119,2026Q1,true
H001093,2026 HON. ERIN HOUCHIN,OFFICIAL EXPENSES OF MEMBERS,EQUIPMENT,465,465,Erin Houchin,R,IN,9,119,2026Q1,true
H001093,2026 HON. ERIN HOUCHIN,INTERN ALLOWANCES,PERSONNEL COMPENSATION,7466.67,7466.67,Erin Houchin,R,IN,9,119,2026Q1,true
H001085,2026 HON. CHRISSY HOULAHAN,OFFICIAL EXPENSES OF MEMBERS,FRANKED MAIL,627.92,627.92,Chrissy Houlahan,D,PA,6,119,2026Q1,true
H001085,2026 HON. CHRISSY HOULAHAN,OFFICIAL EXPENSES OF MEMBERS,PERSONNEL COMPENSATION,379957.03,379957.03,Chrissy Houlahan,D,PA,6,119,2026Q1,true
H001085,2026 HON. CHRISSY HOULAHAN,OFFICIAL EXPENSES OF MEMBERS,TRAVEL,2635.22,2635.22,Chrissy Houlahan,D,PA,6,119,2026Q1,true
H001085,2026 HON. CHRISSY HOULAHAN,OFFICIAL EXPENSES OF MEMBERS,RENT COMMUNICATION UTILITIES,21069.92,21069.92,Chrissy Houlahan,D,PA,6,119,2026Q1,true
H001085,2026 HON. CHRISSY HOULAHAN,OFFICIAL EXPENSES OF MEMBERS,PRINTING AND REPRODUCTION,3567.5,3567.5,Chrissy Houlahan,D,PA,6,119,2026Q1,true
H001085,2026 HON. CHRISSY HOULAHAN,OFFICIAL EXPENSES OF MEMBERS,OTHER SERVICES,7302.74,7302.74,Chrissy Houlahan,D,PA,6,119,2026Q1,true
H001085,2026 HON. CHRISSY HOULAHAN,OFFICIAL EXPENSES OF MEMBERS,SUPPLIES AND MATERIALS,4119.76,4119.76,Chrissy Houlahan,D,PA,6,119,2026Q1,true
H001085,2026 HON. CHRISSY HOULAHAN,OFFICIAL EXPENSES OF MEMBERS,EQUIPMENT,5148.79,5148.79,Chrissy Houlahan,D,PA,6,119,2026Q1,true
H001085,2026 HON. CHRISSY HOULAHAN,INTERN ALLOWANCES,PERSONNEL COMPENSATION,11963.47,11963.47,Chrissy Houlahan,D,PA,6,119,2026Q1,true
H000874,2026 HON. STENY H. HOYER,OFFICIAL EXPENSES OF MEMBERS,FRANKED MAIL,-356.42,-356.42,Steny H. Hoyer,D,MD,5,119,2026Q1,true
H000874,2026 HON. STENY H. HOYER,OFFICIAL EXPENSES OF MEMBERS,PERSONNEL COMPENSATION,319225.49,319225.49,Steny H. Hoyer,D,MD,5,119,2026Q1,true
H000874,2026 HON. STENY H. HOYER,OFFICIAL EXPENSES OF MEMBERS,TRAVEL,12.99,12.99,Steny H. Hoyer,D,MD,5,119,2026Q1,true
H000874,2026 HON. STENY H. HOYER,OFFICIAL EXPENSES OF MEMBERS,RENT COMMUNICATION UTILITIES,5221.24,5221.24,Steny H. Hoyer,D,MD,5,119,2026Q1,true
H000874,2026 HON. STENY H. HOYER,OFFICIAL EXPENSES OF MEMBERS,PRINTING AND REPRODUCTION,1024,1024,Steny H. Hoyer,D,MD,5,119,2026Q1,true
H000874,2026 HON. STENY H. HOYER,OFFICIAL EXPENSES OF MEMBERS,OTHER SERVICES,12572.23,12572.23,Steny H. Hoyer,D,MD,5,119,2026Q1,true
H000874,2026 HON. STENY H. HOYER,OFFICIAL EXPENSES OF MEMBERS,SUPPLIES AND MATERIALS,5759.99,5759.99,Steny H. Hoyer,D,MD,5,119,2026Q1,true
H000874,2026 HON. STENY H. HOYER,OFFICIAL EXPENSES OF MEMBERS,EQUIPMENT,735,735,Steny H. Hoyer,D,MD,5,119,2026Q1,true
H000874,2026 HON. STENY H. HOYER,INTERN ALLOWANCES,PERSONNEL COMPENSATION,150,150,Steny H. Hoyer,D,MD,5,119,2026Q1,true
H001094,2026 HON. VAL T. HOYLE,OFFICIAL EXPENSES OF MEMBERS,PERSONNEL COMPENSATION,317618.2,317618.2,Val T. Hoyle,D,OR,4,119,2026Q1,true
H001094,2026 HON. VAL T. HOYLE,OFFICIAL EXPENSES OF MEMBERS,TRAVEL,10769.4,10769.4,Val T. Hoyle,D,OR,4,119,2026Q1,true
H001094,2026 HON. VAL T. HOYLE,OFFICIAL EXPENSES OF MEMBERS,RENT COMMUNICATION UTILITIES,3376.67,3376.67,Val T. Hoyle,D,OR,4,119,2026Q1,true
H001094,2026 HON. VAL T. HOYLE,OFFICIAL EXPENSES OF MEMBERS,PRINTING AND REPRODUCTION,5945,5945,Val T. Hoyle,D,OR,4,119,2026Q1,true
H001094,2026 HON. VAL T. HOYLE,OFFICIAL EXPENSES OF MEMBERS,OTHER SERVICES,1050.86,1050.86,Val T. Hoyle,D,OR,4,119,2026Q1,true
H001094,2026 HON. VAL T. HOYLE,OFFICIAL EXPENSES OF MEMBERS,SUPPLIES AND MATERIALS,2896.16,2896.16,Val T. Hoyle,D,OR,4,119,2026Q1,true
H001094,2026 HON. VAL T. HOYLE,INTERN ALLOWANCES,PERSONNEL COMPENSATION,11780,11780,Val T. Hoyle,D,OR,4,119,2026Q1,true
H001067,2026 HON. RICHARD HUDSON,OFFICIAL EXPENSES OF MEMBERS,FRANKED MAIL,6.66,6.66,Richard Hudson,R,NC,8,119,2026Q1,true
H001067,2026 HON. RICHARD HUDSON,OFFICIAL EXPENSES OF MEMBERS,PERSONNEL COMPENSATION,348791.4,348791.4,Richard Hudson,R,NC,8,119,2026Q1,true
H001067,2026 HON. RICHARD HUDSON,OFFICIAL EXPENSES OF MEMBERS,TRAVEL,13963.38,13963.38,Richard Hudson,R,NC,8,119,2026Q1,true
H001067,2026 HON. RICHARD HUDSON,OFFICIAL EXPENSES OF MEMBERS,RENT COMMUNICATION UTILITIES,7476.71,7476.71,Richard Hudson,R,NC,8,119,2026Q1,true
H001067,2026 HON. RICHARD HUDSON,OFFICIAL EXPENSES OF MEMBERS,PRINTING AND REPRODUCTION,766.1,766.1,Richard Hudson,R,NC,8,119,2026Q1,true
H001067,2026 HON. RICHARD HUDSON,OFFICIAL EXPENSES OF MEMBERS,OTHER SERVICES,6150,6150,Richard Hudson,R,NC,8,119,2026Q1,true
H001067,2026 HON. RICHARD HUDSON,OFFICIAL EXPENSES OF MEMBERS,SUPPLIES AND MATERIALS,1902.99,1902.99,Richard Hudson,R,NC,8,119,2026Q1,true
H001067,2026 HON. RICHARD HUDSON,OFFICIAL EXPENSES OF MEMBERS,EQUIPMENT,345,345,Richard Hudson,R,NC,8,119,2026Q1,true
H001067,2026 HON. RICHARD HUDSON,INTERN ALLOWANCES,PERSONNEL COMPENSATION,8499.99,8499.99,Richard Hudson,R,NC,8,119,2026Q1,true
H001068,2026 HON. JARED HUFFMAN,OFFICIAL EXPENSES OF MEMBERS,FRANKED MAIL,178.51,178.51,Jared Huffman,D,CA,2,119,2026Q1,true
H001068,2026 HON. JARED HUFFMAN,OFFICIAL EXPENSES OF MEMBERS,PERSONNEL COMPENSATION,356300.53,356300.53,Jared Huffman,D,CA,2,119,2026Q1,true
H001068,2026 HON. JARED HUFFMAN,OFFICIAL EXPENSES OF MEMBERS,TRAVEL,9908.25,9908.25,Jared Huffman,D,CA,2,119,2026Q1,true
H001068,2026 HON. JARED HUFFMAN,OFFICIAL EXPENSES OF MEMBERS,RENT COMMUNICATION UTILITIES,7493.38,7493.38,Jared Huffman,D,CA,2,119,2026Q1,true
H001068,2026 HON. JARED HUFFMAN,OFFICIAL EXPENSES OF MEMBERS,PRINTING AND REPRODUCTION,40229,40229,Jared Huffman,D,CA,2,119,2026Q1,true
H001068,2026 HON. JARED HUFFMAN,OFFICIAL EXPENSES OF MEMBERS,OTHER SERVICES,7428.06,7428.06,Jared Huffman,D,CA,2,119,2026Q1,true
H001068,2026 HON. JARED HUFFMAN,OFFICIAL EXPENSES OF MEMBERS,SUPPLIES AND MATERIALS,12624.12,12624.12,Jared Huffman,D,CA,2,119,2026Q1,true
H001068,2026 HON. JARED HUFFMAN,OFFICIAL EXPENSES OF MEMBERS,EQUIPMENT,1059.6,1059.6,Jared Huffman,D,CA,2,119,2026Q1,true
H001068,2026 HON. JARED HUFFMAN,INTERN ALLOWANCES,PERSONNEL COMPENSATION,9246.87,9246.87,Jared Huffman,D,CA,2,119,2026Q1,true
H001058,2026 HON. BILL HUIZENGA,OFFICIAL EXPENSES OF MEMBERS,FRANKED MAIL,73.79,73.79,Bill Huizenga,R,MI,2,119,2026Q1,true
H001058,2026 HON. BILL HUIZENGA,OFFICIAL EXPENSES OF MEMBERS,PERSONNEL COMPENSATION,313932.19,313932.19,Bill Huizenga,R,MI,2,119,2026Q1,true
H001058,2026 HON. BILL HUIZENGA,OFFICIAL EXPENSES OF MEMBERS,TRAVEL,13650.03,13650.03,Bill Huizenga,R,MI,2,119,2026Q1,true
H001058,2026 HON. BILL HUIZENGA,OFFICIAL EXPENSES OF MEMBERS,RENT COMMUNICATION UTILITIES,7383.69,7383.69,Bill Huizenga,R,MI,2,119,2026Q1,true
H001058,2026 HON. BILL HUIZENGA,OFFICIAL EXPENSES OF MEMBERS,PRINTING AND REPRODUCTION,222.68,222.68,Bill Huizenga,R,MI,2,119,2026Q1,true
H001058,2026 HON. BILL HUIZENGA,OFFICIAL EXPENSES OF MEMBERS,OTHER SERVICES,1391,1391,Bill Huizenga,R,MI,2,119,2026Q1,true
H001058,2026 HON. BILL HUIZENGA,OFFICIAL EXPENSES OF MEMBERS,SUPPLIES AND MATERIALS,2879.57,2879.57,Bill Huizenga,R,MI,2,119,2026Q1,true
H001058,2026 HON. BILL HUIZENGA,OFFICIAL EXPENSES OF MEMBERS,EQUIPMENT,1178,1178,Bill Huizenga,R,MI,2,119,2026Q1,true
H001058,2026 HON. BILL HUIZENGA,INTERN ALLOWANCES,PERSONNEL COMPENSATION,11348.39,11348.39,Bill Huizenga,R,MI,2,119,2026Q1,true
H001095,2026 HON. WESLEY HUNT,OFFICIAL EXPENSES OF MEMBERS,FRANKED MAIL,-72.55,-72.55,Wesley Hunt,R,TX,38,119,2026Q1,true
H001095,2026 HON. WESLEY HUNT,OFFICIAL EXPENSES OF MEMBERS,PERSONNEL COMPENSATION,358860,358860,Wesley Hunt,R,TX,38,119,2026Q1,true
H001095,2026 HON. WESLEY HUNT,OFFICIAL EXPENSES OF MEMBERS,TRAVEL,30756.24,30756.24,Wesley Hunt,R,TX,38,119,2026Q1,true
H001095,2026 HON. WESLEY HUNT,OFFICIAL EXPENSES OF MEMBERS,RENT COMMUNICATION UTILITIES,21050.42,21050.42,Wesley Hunt,R,TX,38,119,2026Q1,true
H001095,2026 HON. WESLEY HUNT,OFFICIAL EXPENSES OF MEMBERS,PRINTING AND REPRODUCTION,429.7,429.7,Wesley Hunt,R,TX,38,119,2026Q1,true
H001095,2026 HON. WESLEY HUNT,OFFICIAL EXPENSES OF MEMBERS,OTHER SERVICES,25664.16,25664.16,Wesley Hunt,R,TX,38,119,2026Q1,true
H001095,2026 HON. WESLEY HUNT,OFFICIAL EXPENSES OF MEMBERS,SUPPLIES AND MATERIALS,3524.08,3524.08,Wesley Hunt,R,TX,38,119,2026Q1,true
H001095,2026 HON. WESLEY HUNT,OFFICIAL EXPENSES OF MEMBERS,EQUIPMENT,1353,1353,Wesley Hunt,R,TX,38,119,2026Q1,true
H001095,2026 HON. WESLEY HUNT,INTERN ALLOWANCES,PERSONNEL COMPENSATION,5500,5500,Wesley Hunt,R,TX,38,119,2026Q1,true
H001100,2026 HON. JEFF HURD,OFFICIAL EXPENSES OF MEMBERS,FRANKED MAIL,-82.03,-82.03,Jeff Hurd,R,CO,3,119,2026Q1,true
H001100,2026 HON. JEFF HURD,OFFICIAL EXPENSES OF MEMBERS,PERSONNEL COMPENSATION,349830.52,349830.52,Jeff Hurd,R,CO,3,119,2026Q1,true
H001100,2026 HON. JEFF HURD,OFFICIAL EXPENSES OF MEMBERS,TRAVEL,14847.38,14847.38,Jeff Hurd,R,CO,3,119,2026Q1,true
H001100,2026 HON. JEFF HURD,OFFICIAL EXPENSES OF MEMBERS,RENT COMMUNICATION UTILITIES,24686.04,24686.04,Jeff Hurd,R,CO,3,119,2026Q1,true
H001100,2026 HON. JEFF HURD,OFFICIAL EXPENSES OF MEMBERS,PRINTING AND REPRODUCTION,2537.74,2537.74,Jeff Hurd,R,CO,3,119,2026Q1,true
H001100,2026 HON. JEFF HURD,OFFICIAL EXPENSES OF MEMBERS,OTHER SERVICES,11045,11045,Jeff Hurd,R,CO,3,119,2026Q1,true
H001100,2026 HON. JEFF HURD,OFFICIAL EXPENSES OF MEMBERS,SUPPLIES AND MATERIALS,11317.43,11317.43,Jeff Hurd,R,CO,3,119,2026Q1,true
H001100,2026 HON. JEFF HURD,OFFICIAL EXPENSES OF MEMBERS,EQUIPMENT,825,825,Jeff Hurd,R,CO,3,119,2026Q1,true
H001100,2026 HON. JEFF HURD,INTERN ALLOWANCES,PERSONNEL COMPENSATION,8400,8400,Jeff Hurd,R,CO,3,119,2026Q1,true
I000056,2026 HON. DARRELL ISSA,OFFICIAL EXPENSES OF MEMBERS,FRANKED MAIL,-73.2,-73.2,Darrell Issa,R,CA,50,119,2026Q1,true
I000056,2026 HON. DARRELL ISSA,OFFICIAL EXPENSES OF MEMBERS,PERSONNEL COMPENSATION,348541.69,348541.69,Darrell Issa,R,CA,50,119,2026Q1,true
I000056,2026 HON. DARRELL ISSA,OFFICIAL EXPENSES OF MEMBERS,TRAVEL,18568.51,18568.51,Darrell Issa,R,CA,50,119,2026Q1,true
I000056,2026 HON. DARRELL ISSA,OFFICIAL EXPENSES OF MEMBERS,RENT COMMUNICATION UTILITIES,4053.72,4053.72,Darrell Issa,R,CA,50,119,2026Q1,true
I000056,2026 HON. DARRELL ISSA,OFFICIAL EXPENSES OF MEMBERS,PRINTING AND REPRODUCTION,3388.03,3388.03,Darrell Issa,R,CA,50,119,2026Q1,true
I000056,2026 HON. DARRELL ISSA,OFFICIAL EXPENSES OF MEMBERS,OTHER SERVICES,15887.54,15887.54,Darrell Issa,R,CA,50,119,2026Q1,true
I000056,2026 HON. DARRELL ISSA,OFFICIAL EXPENSES OF MEMBERS,SUPPLIES AND MATERIALS,1639.52,1639.52,Darrell Issa,R,CA,50,119,2026Q1,true
I000056,2026 HON. DARRELL ISSA,OFFICIAL EXPENSES OF MEMBERS,EQUIPMENT,554.87,554.87,Darrell Issa,R,CA,50,119,2026Q1,true
I000056,2026 HON. DARRELL ISSA,INTERN ALLOWANCES,PERSONNEL COMPENSATION,11966.67,11966.67,Darrell Issa,R,CA,50,119,2026Q1,true
I000058,2026 HON. GLENN IVEY,OFFICIAL EXPENSES OF MEMBERS,FRANKED MAIL,61.33,61.33,Glenn Ivey,D,MD,4,119,2026Q1,true
I000058,2026 HON. GLENN IVEY,OFFICIAL EXPENSES OF MEMBERS,PERSONNEL COMPENSATION,313468.54,313468.54,Glenn Ivey,D,MD,4,119,2026Q1,true
I000058,2026 HON. GLENN IVEY,OFFICIAL EXPENSES OF MEMBERS,TRAVEL,2156.02,2156.02,Glenn Ivey,D,MD,4,119,2026Q1,true
I000058,2026 HON. GLENN IVEY,OFFICIAL EXPENSES OF MEMBERS,RENT COMMUNICATION UTILITIES,19104.05,19104.05,Glenn Ivey,D,MD,4,119,2026Q1,true
I000058,2026 HON. GLENN IVEY,OFFICIAL EXPENSES OF MEMBERS,PRINTING AND REPRODUCTION,9290.36,9290.36,Glenn Ivey,D,MD,4,119,2026Q1,true
I000058,2026 HON. GLENN IVEY,OFFICIAL EXPENSES OF MEMBERS,OTHER SERVICES,17.81,17.81,Glenn Ivey,D,MD,4,119,2026Q1,true
I000058,2026 HON. GLENN IVEY,OFFICIAL EXPENSES OF MEMBERS,SUPPLIES AND MATERIALS,3732.76,3732.76,Glenn Ivey,D,MD,4,119,2026Q1,true
I000058,2026 HON. GLENN IVEY,OFFICIAL EXPENSES OF MEMBERS,EQUIPMENT,444,444,Glenn Ivey,D,MD,4,119,2026Q1,true
I000058,2026 HON. GLENN IVEY,INTERN ALLOWANCES,PERSONNEL COMPENSATION,8200,8200,Glenn Ivey,D,MD,4,119,2026Q1,true
J000311,2026 HON. BRIAN JACK,OFFICIAL EXPENSES OF MEMBERS,FRANKED MAIL,-204.4,-204.4,Brian Jack,R,GA,3,119,2026Q1,true
J000311,2026 HON. BRIAN JACK,OFFICIAL EXPENSES OF MEMBERS,PERSONNEL COMPENSATION,294053.38,294053.38,Brian Jack,R,GA,3,119,2026Q1,true
J000311,2026 HON. BRIAN JACK,OFFICIAL EXPENSES OF MEMBERS,TRAVEL,5011.05,5011.05,Brian Jack,R,GA,3,119,2026Q1,true
J000311,2026 HON. BRIAN JACK,OFFICIAL EXPENSES OF MEMBERS,RENT COMMUNICATION UTILITIES,10657.94,10657.94,Brian Jack,R,GA,3,119,2026Q1,true
J000311,2026 HON. BRIAN JACK,OFFICIAL EXPENSES OF MEMBERS,PRINTING AND REPRODUCTION,18039.66,18039.66,Brian Jack,R,GA,3,119,2026Q1,true
J000311,2026 HON. BRIAN JACK,OFFICIAL EXPENSES OF MEMBERS,OTHER SERVICES,3417,3417,Brian Jack,R,GA,3,119,2026Q1,true
J000311,2026 HON. BRIAN JACK,OFFICIAL EXPENSES OF MEMBERS,SUPPLIES AND MATERIALS,1443.97,1443.97,Brian Jack,R,GA,3,119,2026Q1,true
J000311,2026 HON. BRIAN JACK,OFFICIAL EXPENSES OF MEMBERS,EQUIPMENT,800.23,800.23,Brian Jack,R,GA,3,119,2026Q1,true
J000311,2026 HON. BRIAN JACK,INTERN ALLOWANCES,PERSONNEL COMPENSATION,8116.67,8116.67,Brian Jack,R,GA,3,119,2026Q1,true
J000309,2026 HON. JONATHAN L. JACKSON,OFFICIAL EXPENSES OF MEMBERS,FRANKED MAIL,-26.96,-26.96,Jonathan L. Jackson,D,IL,1,119,2026Q1,true
J000309,2026 HON. JONATHAN L. JACKSON,OFFICIAL EXPENSES OF MEMBERS,PERSONNEL COMPENSATION,298925.86,298925.86,Jonathan L. Jackson,D,IL,1,119,2026Q1,true
J000309,2026 HON. JONATHAN L. JACKSON,OFFICIAL EXPENSES OF MEMBERS,TRAVEL,24894.11,24894.11,Jonathan L. Jackson,D,IL,1,119,2026Q1,true
J000309,2026 HON. JONATHAN L. JACKSON,OFFICIAL EXPENSES OF MEMBERS,RENT COMMUNICATION UTILITIES,25898.36,25898.36,Jonathan L. Jackson,D,IL,1,119,2026Q1,true
J000309,2026 HON. JONATHAN L. JACKSON,OFFICIAL EXPENSES OF MEMBERS,PRINTING AND REPRODUCTION,1024.8,1024.8,Jonathan L. Jackson,D,IL,1,119,2026Q1,true
J000309,2026 HON. JONATHAN L. JACKSON,OFFICIAL EXPENSES OF MEMBERS,OTHER SERVICES,26491.26,26491.26,Jonathan L. Jackson,D,IL,1,119,2026Q1,true
J000309,2026 HON. JONATHAN L. JACKSON,OFFICIAL EXPENSES OF MEMBERS,SUPPLIES AND MATERIALS,7495.57,7495.57,Jonathan L. Jackson,D,IL,1,119,2026Q1,true
J000309,2026 HON. JONATHAN L. JACKSON,OFFICIAL EXPENSES OF MEMBERS,EQUIPMENT,1650,1650,Jonathan L. Jackson,D,IL,1,119,2026Q1,true
J000309,2026 HON. JONATHAN L. JACKSON,INTERN ALLOWANCES,PERSONNEL COMPENSATION,17526.67,17526.67,Jonathan L. Jackson,D,IL,1,119,2026Q1,true
J000304,2026 HON. RONNY JACKSON,OFFICIAL EXPENSES OF MEMBERS,FRANKED MAIL,-10.92,-10.92,Ronny Jackson,R,TX,13,119,2026Q1,true
J000304,2026 HON. RONNY JACKSON,OFFICIAL EXPENSES OF MEMBERS,PERSONNEL COMPENSATION,308000.01,308000.01,Ronny Jackson,R,TX,13,119,2026Q1,true
J000304,2026 HON. RONNY JACKSON,OFFICIAL EXPENSES OF MEMBERS,TRAVEL,18097.22,18097.22,Ronny Jackson,R,TX,13,119,2026Q1,true
J000304,2026 HON. RONNY JACKSON,OFFICIAL EXPENSES OF MEMBERS,RENT COMMUNICATION UTILITIES,7509.03,7509.03,Ronny Jackson,R,TX,13,119,2026Q1,true
J000304,2026 HON. RONNY JACKSON,OFFICIAL EXPENSES OF MEMBERS,PRINTING AND REPRODUCTION,4650.5,4650.5,Ronny Jackson,R,TX,13,119,2026Q1,true
J000304,2026 HON. RONNY JACKSON,OFFICIAL EXPENSES OF MEMBERS,OTHER SERVICES,6727.57,6727.57,Ronny Jackson,R,TX,13,119,2026Q1,true
J000304,2026 HON. RONNY JACKSON,OFFICIAL EXPENSES OF MEMBERS,SUPPLIES AND MATERIALS,2839.35,2839.35,Ronny Jackson,R,TX,13,119,2026Q1,true
J000304,2026 HON. RONNY JACKSON,OFFICIAL EXPENSES OF MEMBERS,EQUIPMENT,1791,1791,Ronny Jackson,R,TX,13,119,2026Q1,true
J000304,2026 HON. RONNY JACKSON,INTERN ALLOWANCES,PERSONNEL COMPENSATION,7899.99,7899.99,Ronny Jackson,R,TX,13,119,2026Q1,true
J000305,2026 HON. SARA JACOBS,OFFICIAL EXPENSES OF MEMBERS,FRANKED MAIL,-50.62,-50.62,Sara Jacobs,D,CA,53,119,2026Q1,true
J000305,2026 HON. SARA JACOBS,OFFICIAL EXPENSES OF MEMBERS,PERSONNEL COMPENSATION,346193.69,346193.69,Sara Jacobs,D,CA,53,119,2026Q1,true
J000305,2026 HON. SARA JACOBS,OFFICIAL EXPENSES OF MEMBERS,TRAVEL,1992.48,1992.48,Sara Jacobs,D,CA,53,119,2026Q1,true
J000305,2026 HON. SARA JACOBS,OFFICIAL EXPENSES OF MEMBERS,RENT COMMUNICATION UTILITIES,23233.57,23233.57,Sara Jacobs,D,CA,53,119,2026Q1,true
J000305,2026 HON. SARA JACOBS,OFFICIAL EXPENSES OF MEMBERS,PRINTING AND REPRODUCTION,5100.7,5100.7,Sara Jacobs,D,CA,53,119,2026Q1,true
J000305,2026 HON. SARA JACOBS,OFFICIAL EXPENSES OF MEMBERS,OTHER SERVICES,11297.38,11297.38,Sara Jacobs,D,CA,53,119,2026Q1,true
J000305,2026 HON. SARA JACOBS,OFFICIAL EXPENSES OF MEMBERS,SUPPLIES AND MATERIALS,822.96,822.96,Sara Jacobs,D,CA,53,119,2026Q1,true
J000305,2026 HON. SARA JACOBS,INTERN ALLOWANCES,PERSONNEL COMPENSATION,34505.17,34505.17,Sara Jacobs,D,CA,53,119,2026Q1,true
J000307,2026 HON. JOHN JAMES,OFFICIAL EXPENSES OF MEMBERS,FRANKED MAIL,-58.05,-58.05,John James,R,MI,10,119,2026Q1,true
J000307,2026 HON. JOHN JAMES,OFFICIAL EXPENSES OF MEMBERS,PERSONNEL COMPENSATION,229538.2,229538.2,John James,R,MI,10,119,2026Q1,true
J000307,2026 HON. JOHN JAMES,OFFICIAL EXPENSES OF MEMBERS,TRAVEL,7698.08,7698.08,John James,R,MI,10,119,2026Q1,true
J000307,2026 HON. JOHN JAMES,OFFICIAL EXPENSES OF MEMBERS,RENT COMMUNICATION UTILITIES,3622.99,3622.99,John James,R,MI,10,119,2026Q1,true
J000307,2026 HON. JOHN JAMES,OFFICIAL EXPENSES OF MEMBERS,PRINTING AND REPRODUCTION,303,303,John James,R,MI,10,119,2026Q1,true
J000307,2026 HON. JOHN JAMES,OFFICIAL EXPENSES OF MEMBERS,OTHER SERVICES,64.36,64.36,John James,R,MI,10,119,2026Q1,true
J000307,2026 HON. JOHN JAMES,OFFICIAL EXPENSES OF MEMBERS,SUPPLIES AND MATERIALS,3362.17,3362.17,John James,R,MI,10,119,2026Q1,true
J000307,2026 HON. JOHN JAMES,OFFICIAL EXPENSES OF MEMBERS,EQUIPMENT,6044,6044,John James,R,MI,10,119,2026Q1,true
J000307,2026 HON. JOHN JAMES,INTERN ALLOWANCES,PERSONNEL COMPENSATION,3810,3810,John James,R,MI,10,119,2026Q1,true
J000298,2026 HON. PRAMILA JAYAPAL,OFFICIAL EXPENSES OF MEMBERS,FRANKED MAIL,-45.6,-45.6,Pramila Jayapal,D,WA,7,119,2026Q1,true
J000298,2026 HON. PRAMILA JAYAPAL,OFFICIAL EXPENSES OF MEMBERS,PERSONNEL COMPENSATION,363535.97,363535.97,Pramila Jayapal,D,WA,7,119,2026Q1,true
J000298,2026 HON. PRAMILA JAYAPAL,OFFICIAL EXPENSES OF MEMBERS,TRAVEL,22888.89,22888.89,Pramila Jayapal,D,WA,7,119,2026Q1,true
J000298,2026 HON. PRAMILA JAYAPAL,OFFICIAL EXPENSES OF MEMBERS,RENT COMMUNICATION UTILITIES,27579.91,27579.91,Pramila Jayapal,D,WA,7,119,2026Q1,true
J000298,2026 HON. PRAMILA JAYAPAL,OFFICIAL EXPENSES OF MEMBERS,PRINTING AND REPRODUCTION,152.52,152.52,Pramila Jayapal,D,WA,7,119,2026Q1,true
J000298,2026 HON. PRAMILA JAYAPAL,OFFICIAL EXPENSES OF MEMBERS,OTHER SERVICES,13165.2,13165.2,Pramila Jayapal,D,WA,7,119,2026Q1,true
J000298,2026 HON. PRAMILA JAYAPAL,OFFICIAL EXPENSES OF MEMBERS,SUPPLIES AND MATERIALS,14494.71,14494.71,Pramila Jayapal,D,WA,7,119,2026Q1,true
J000298,2026 HON. PRAMILA JAYAPAL,OFFICIAL EXPENSES OF MEMBERS,EQUIPMENT,792,792,Pramila Jayapal,D,WA,7,119,2026Q1,true
J000298,2026 HON. PRAMILA JAYAPAL,INTERN ALLOWANCES,PERSONNEL COMPENSATION,13195,13195,Pramila Jayapal,D,WA,7,119,2026Q1,true
J000294,2026 HON. HAKEEM S. JEFFRIES,OFFICIAL EXPENSES OF MEMBERS,FRANKED MAIL,-28.5,-28.5,Hakeem S. Jeffries,D,NY,8,119,2026Q1,true
J000294,2026 HON. HAKEEM S. JEFFRIES,OFFICIAL EXPENSES OF MEMBERS,PERSONNEL COMPENSATION,191522.28,191522.28,Hakeem S. Jeffries,D,NY,8,119,2026Q1,true
J000294,2026 HON. HAKEEM S. JEFFRIES,OFFICIAL EXPENSES OF MEMBERS,TRAVEL,6867.9,6867.9,Hakeem S. Jeffries,D,NY,8,119,2026Q1,true
J000294,2026 HON. HAKEEM S. JEFFRIES,OFFICIAL EXPENSES OF MEMBERS,RENT COMMUNICATION UTILITIES,29773.98,29773.98,Hakeem S. Jeffries,D,NY,8,119,2026Q1,true
J000294,2026 HON. HAKEEM S. JEFFRIES,OFFICIAL EXPENSES OF MEMBERS,PRINTING AND REPRODUCTION,33496.58,33496.58,Hakeem S. Jeffries,D,NY,8,119,2026Q1,true
J000294,2026 HON. HAKEEM S. JEFFRIES,OFFICIAL EXPENSES OF MEMBERS,OTHER SERVICES,67.95,67.95,Hakeem S. Jeffries,D,NY,8,119,2026Q1,true
J000294,2026 HON. HAKEEM S. JEFFRIES,OFFICIAL EXPENSES OF MEMBERS,SUPPLIES AND MATERIALS,8986.19,8986.19,Hakeem S. Jeffries,D,NY,8,119,2026Q1,true
J000294,2026 HON. HAKEEM S. JEFFRIES,OFFICIAL EXPENSES OF MEMBERS,EQUIPMENT,372,372,Hakeem S. Jeffries,D,NY,8,119,2026Q1,true
J000294,2026 HON. HAKEEM S. JEFFRIES,INTERN ALLOWANCES,PERSONNEL COMPENSATION,9507.59,9507.59,Hakeem S. Jeffries,D,NY,8,119,2026Q1,true
J000301,2026 HON. DUSTY JOHNSON,OFFICIAL EXPENSES OF MEMBERS,FRANKED MAIL,34980.64,34980.64,Dusty Johnson,R,SD,0,119,2026Q1,true
J000301,2026 HON. DUSTY JOHNSON,OFFICIAL EXPENSES OF MEMBERS,PERSONNEL COMPENSATION,330190.75,330190.75,Dusty Johnson,R,SD,0,119,2026Q1,true
J000301,2026 HON. DUSTY JOHNSON,OFFICIAL EXPENSES OF MEMBERS,TRAVEL,17982.96,17982.96,Dusty Johnson,R,SD,0,119,2026Q1,true
J000301,2026 HON. DUSTY JOHNSON,OFFICIAL EXPENSES OF MEMBERS,RENT COMMUNICATION UTILITIES,39177.1,39177.1,Dusty Johnson,R,SD,0,119,2026Q1,true
J000301,2026 HON. DUSTY JOHNSON,OFFICIAL EXPENSES OF MEMBERS,PRINTING AND REPRODUCTION,46970.81,46970.81,Dusty Johnson,R,SD,0,119,2026Q1,true
J000301,2026 HON. DUSTY JOHNSON,OFFICIAL EXPENSES OF MEMBERS,OTHER SERVICES,277.84,277.84,Dusty Johnson,R,SD,0,119,2026Q1,true
J000301,2026 HON. DUSTY JOHNSON,OFFICIAL EXPENSES OF MEMBERS,SUPPLIES AND MATERIALS,13756.39,13756.39,Dusty Johnson,R,SD,0,119,2026Q1,true
J000301,2026 HON. DUSTY JOHNSON,INTERN ALLOWANCES,PERSONNEL COMPENSATION,11416.66,11416.66,Dusty Johnson,R,SD,0,119,2026Q1,true
J000288,"2026 HON. HENRY C. ""HANK"" JOHNSON JR.",OFFICIAL EXPENSES OF MEMBERS,FRANKED MAIL,11.42,11.42,"Henry C. ""Hank"" Johnson, Jr.",D,GA,4,119,2026Q1,true
J000288,"2026 HON. HENRY C. ""HANK"" JOHNSON JR.",OFFICIAL EXPENSES OF MEMBERS,PERSONNEL COMPENSATION,322133.57,322133.57,"Henry C. ""Hank"" Johnson, Jr.",D,GA,4,119,2026Q1,true
J000288,"2026 HON. HENRY C. ""HANK"" JOHNSON JR.",OFFICIAL EXPENSES OF MEMBERS,TRAVEL,9189.2,9189.2,"Henry C. ""Hank"" Johnson, Jr.",D,GA,4,119,2026Q1,true
J000288,"2026 HON. HENRY C. ""HANK"" JOHNSON JR.",OFFICIAL EXPENSES OF MEMBERS,RENT COMMUNICATION UTILITIES,11655.87,11655.87,"Henry C. ""Hank"" Johnson, Jr.",D,GA,4,119,2026Q1,true
J000288,"2026 HON. HENRY C. ""HANK"" JOHNSON JR.",OFFICIAL EXPENSES OF MEMBERS,PRINTING AND REPRODUCTION,69202.62,69202.62,"Henry C. ""Hank"" Johnson, Jr.",D,GA,4,119,2026Q1,true
J000288,"2026 HON. HENRY C. ""HANK"" JOHNSON JR.",OFFICIAL EXPENSES OF MEMBERS,OTHER SERVICES,12755.99,12755.99,"Henry C. ""Hank"" Johnson, Jr.",D,GA,4,119,2026Q1,true
J000288,"2026 HON. HENRY C. ""HANK"" JOHNSON JR.",OFFICIAL EXPENSES OF MEMBERS,SUPPLIES AND MATERIALS,19938.58,19938.58,"Henry C. ""Hank"" Johnson, Jr.",D,GA,4,119,2026Q1,true
J000288,"2026 HON. HENRY C. ""HANK"" JOHNSON JR.",OFFICIAL EXPENSES OF MEMBERS,EQUIPMENT,827.64,827.64,"Henry C. ""Hank"" Johnson, Jr.",D,GA,4,119,2026Q1,true
J000288,"2026 HON. HENRY C. ""HANK"" JOHNSON JR.",INTERN ALLOWANCES,PERSONNEL COMPENSATION,9437.5,9437.5,"Henry C. ""Hank"" Johnson, Jr.",D,GA,4,119,2026Q1,true
J000310,2026 HON. JULIE JOHNSON,OFFICIAL EXPENSES OF MEMBERS,FRANKED MAIL,27007.47,27007.47,Julie Johnson,D,TX,32,119,2026Q1,true
J000310,2026 HON. JULIE JOHNSON,OFFICIAL EXPENSES OF MEMBERS,PERSONNEL COMPENSATION,312859.97,312859.97,Julie Johnson,D,TX,32,119,2026Q1,true
J000310,2026 HON. JULIE JOHNSON,OFFICIAL EXPENSES OF MEMBERS,TRAVEL,10527.27,10527.27,Julie Johnson,D,TX,32,119,2026Q1,true
J000310,2026 HON. JULIE JOHNSON,OFFICIAL EXPENSES OF MEMBERS,RENT COMMUNICATION UTILITIES,60827.15,60827.15,Julie Johnson,D,TX,32,119,2026Q1,true
J000310,2026 HON. JULIE JOHNSON,OFFICIAL EXPENSES OF MEMBERS,PRINTING AND REPRODUCTION,66757.3,66757.3,Julie Johnson,D,TX,32,119,2026Q1,true
J000310,2026 HON. JULIE JOHNSON,OFFICIAL EXPENSES OF MEMBERS,OTHER SERVICES,2745.76,2745.76,Julie Johnson,D,TX,32,119,2026Q1,true
J000310,2026 HON. JULIE JOHNSON,OFFICIAL EXPENSES OF MEMBERS,SUPPLIES AND MATERIALS,1249.5,1249.5,Julie Johnson,D,TX,32,119,2026Q1,true
J000310,2026 HON. JULIE JOHNSON,OFFICIAL EXPENSES OF MEMBERS,EQUIPMENT,906,906,Julie Johnson,D,TX,32,119,2026Q1,true
J000310,2026 HON. JULIE JOHNSON,INTERN ALLOWANCES,PERSONNEL COMPENSATION,8046.67,8046.67,Julie Johnson,D,TX,32,119,2026Q1,true
J000299,2026 HON. MIKE JOHNSON,OFFICIAL EXPENSES OF MEMBERS,FRANKED MAIL,63.43,63.43,Mike Johnson,R,LA,4,119,2026Q1,true
J000299,2026 HON. MIKE JOHNSON,OFFICIAL EXPENSES OF MEMBERS,PERSONNEL COMPENSATION,309690.72,309690.72,Mike Johnson,R,LA,4,119,2026Q1,true
J000299,2026 HON. MIKE JOHNSON,OFFICIAL EXPENSES OF MEMBERS,TRAVEL,18367.82,18367.82,Mike Johnson,R,LA,4,119,2026Q1,true
J000299,2026 HON. MIKE JOHNSON,OFFICIAL EXPENSES OF MEMBERS,RENT COMMUNICATION UTILITIES,23238.89,23238.89,Mike Johnson,R,LA,4,119,2026Q1,true
J000299,2026 HON. MIKE JOHNSON,OFFICIAL EXPENSES OF MEMBERS,PRINTING AND REPRODUCTION,5075.24,5075.24,Mike Johnson,R,LA,4,119,2026Q1,true
J000299,2026 HON. MIKE JOHNSON,OFFICIAL EXPENSES OF MEMBERS,OTHER SERVICES,5635,5635,Mike Johnson,R,LA,4,119,2026Q1,true
J000299,2026 HON. MIKE JOHNSON,OFFICIAL EXPENSES OF MEMBERS,SUPPLIES AND MATERIALS,2037.8,2037.8,Mike Johnson,R,LA,4,119,2026Q1,true
J000299,2026 HON. MIKE JOHNSON,OFFICIAL EXPENSES OF MEMBERS,EQUIPMENT,1362,1362,Mike Johnson,R,LA,4,119,2026Q1,true
J000289,2026 HON. JIM JORDAN,OFFICIAL EXPENSES OF MEMBERS,FRANKED MAIL,-1.96,-1.96,Jim Jordan,R,OH,4,119,2026Q1,true
J000289,2026 HON. JIM JORDAN,OFFICIAL EXPENSES OF MEMBERS,PERSONNEL COMPENSATION,349548.34,349548.34,Jim Jordan,R,OH,4,119,2026Q1,true
J000289,2026 HON. JIM JORDAN,OFFICIAL EXPENSES OF MEMBERS,TRAVEL,5923.21,5923.21,Jim Jordan,R,OH,4,119,2026Q1,true
J000289,2026 HON. JIM JORDAN,OFFICIAL EXPENSES OF MEMBERS,RENT COMMUNICATION UTILITIES,3265.57,3265.57,Jim Jordan,R,OH,4,119,2026Q1,true
J000289,2026 HON. JIM JORDAN,OFFICIAL EXPENSES OF MEMBERS,PRINTING AND REPRODUCTION,1064.55,1064.55,Jim Jordan,R,OH,4,119,2026Q1,true
J000289,2026 HON. JIM JORDAN,OFFICIAL EXPENSES OF MEMBERS,OTHER SERVICES,42.38,42.38,Jim Jordan,R,OH,4,119,2026Q1,true
J000289,2026 HON. JIM JORDAN,OFFICIAL EXPENSES OF MEMBERS,SUPPLIES AND MATERIALS,1168.82,1168.82,Jim Jordan,R,OH,4,119,2026Q1,true
J000289,2026 HON. JIM JORDAN,OFFICIAL EXPENSES OF MEMBERS,EQUIPMENT,412.93,412.93,Jim Jordan,R,OH,4,119,2026Q1,true
J000289,2026 HON. JIM JORDAN,INTERN ALLOWANCES,PERSONNEL COMPENSATION,6950,6950,Jim Jordan,R,OH,4,119,2026Q1,true
J000295,2026 HON. DAVID P. JOYCE,OFFICIAL EXPENSES OF MEMBERS,FRANKED MAIL,-150.66,-150.66,David P. Joyce,R,OH,14,119,2026Q1,true
J000295,2026 HON. DAVID P. JOYCE,OFFICIAL EXPENSES OF MEMBERS,PERSONNEL COMPENSATION,291693.92,291693.92,David P. Joyce,R,OH,14,119,2026Q1,true
J000295,2026 HON. DAVID P. JOYCE,OFFICIAL EXPENSES OF MEMBERS,TRAVEL,7422.79,7422.79,David P. Joyce,R,OH,14,119,2026Q1,true
J000295,2026 HON. DAVID P. JOYCE,OFFICIAL EXPENSES OF MEMBERS,RENT COMMUNICATION UTILITIES,9658.25,9658.25,David P. Joyce,R,OH,14,119,2026Q1,true
J000295,2026 HON. DAVID P. JOYCE,OFFICIAL EXPENSES OF MEMBERS,PRINTING AND REPRODUCTION,1.9,1.9,David P. Joyce,R,OH,14,119,2026Q1,true
J000295,2026 HON. DAVID P. JOYCE,OFFICIAL EXPENSES OF MEMBERS,OTHER SERVICES,10981.39,10981.39,David P. Joyce,R,OH,14,119,2026Q1,true
J000295,2026 HON. DAVID P. JOYCE,OFFICIAL EXPENSES OF MEMBERS,SUPPLIES AND MATERIALS,10608.74,10608.74,David P. Joyce,R,OH,14,119,2026Q1,true
J000295,2026 HON. DAVID P. JOYCE,OFFICIAL EXPENSES OF MEMBERS,EQUIPMENT,720,720,David P. Joyce,R,OH,14,119,2026Q1,true
J000295,2026 HON. DAVID P. JOYCE,INTERN ALLOWANCES,PERSONNEL COMPENSATION,12631.13,12631.13,David P. Joyce,R,OH,14,119,2026Q1,true
J000302,2026 HON. JOHN JOYCE,OFFICIAL EXPENSES OF MEMBERS,FRANKED MAIL,70.87,70.87,John Joyce,R,PA,13,119,2026Q1,true
J000302,2026 HON. JOHN JOYCE,OFFICIAL EXPENSES OF MEMBERS,PERSONNEL COMPENSATION,269441.33,269441.33,John Joyce,R,PA,13,119,2026Q1,true
J000302,2026 HON. JOHN JOYCE,OFFICIAL EXPENSES OF MEMBERS,TRAVEL,4077.68,4077.68,John Joyce,R,PA,13,119,2026Q1,true
J000302,2026 HON. JOHN JOYCE,OFFICIAL EXPENSES OF MEMBERS,RENT COMMUNICATION UTILITIES,4330.94,4330.94,John Joyce,R,PA,13,119,2026Q1,true
J000302,2026 HON. JOHN JOYCE,OFFICIAL EXPENSES OF MEMBERS,PRINTING AND REPRODUCTION,1569.75,1569.75,John Joyce,R,PA,13,119,2026Q1,true
J000302,2026 HON. JOHN JOYCE,OFFICIAL EXPENSES OF MEMBERS,OTHER SERVICES,450.83,450.83,John Joyce,R,PA,13,119,2026Q1,true
J000302,2026 HON. JOHN JOYCE,OFFICIAL EXPENSES OF MEMBERS,SUPPLIES AND MATERIALS,873.94,873.94,John Joyce,R,PA,13,119,2026Q1,true
J000302,2026 HON. JOHN JOYCE,OFFICIAL EXPENSES OF MEMBERS,EQUIPMENT,465,465,John Joyce,R,PA,13,119,2026Q1,true
J000302,2026 HON. JOHN JOYCE,INTERN ALLOWANCES,PERSONNEL COMPENSATION,3791.67,3791.67,John Joyce,R,PA,13,119,2026Q1,true
K000400,2026 HON. SYDNEY KAMLAGER-DOVE,OFFICIAL EXPENSES OF MEMBERS,FRANKED MAIL,117.04,117.04,Sydney Kamlager-Dove,D,CA,37,119,2026Q1,true
K000400,2026 HON. SYDNEY KAMLAGER-DOVE,OFFICIAL EXPENSES OF MEMBERS,PERSONNEL COMPENSATION,314864.79,314864.79,Sydney Kamlager-Dove,D,CA,37,119,2026Q1,true
K000400,2026 HON. SYDNEY KAMLAGER-DOVE,OFFICIAL EXPENSES OF MEMBERS,TRAVEL,11001.24,11001.24,Sydney Kamlager-Dove,D,CA,37,119,2026Q1,true
K000400,2026 HON. SYDNEY KAMLAGER-DOVE,OFFICIAL EXPENSES OF MEMBERS,RENT COMMUNICATION UTILITIES,38506.52,38506.52,Sydney Kamlager-Dove,D,CA,37,119,2026Q1,true
K000400,2026 HON. SYDNEY KAMLAGER-DOVE,OFFICIAL EXPENSES OF MEMBERS,PRINTING AND REPRODUCTION,2101.59,2101.59,Sydney Kamlager-Dove,D,CA,37,119,2026Q1,true
K000400,2026 HON. SYDNEY KAMLAGER-DOVE,OFFICIAL EXPENSES OF MEMBERS,OTHER SERVICES,6547.07,6547.07,Sydney Kamlager-Dove,D,CA,37,119,2026Q1,true
K000400,2026 HON. SYDNEY KAMLAGER-DOVE,OFFICIAL EXPENSES OF MEMBERS,SUPPLIES AND MATERIALS,2995.24,2995.24,Sydney Kamlager-Dove,D,CA,37,119,2026Q1,true
K000400,2026 HON. SYDNEY KAMLAGER-DOVE,OFFICIAL EXPENSES OF MEMBERS,EQUIPMENT,1140,1140,Sydney Kamlager-Dove,D,CA,37,119,2026Q1,true
K000400,2026 HON. SYDNEY KAMLAGER-DOVE,INTERN ALLOWANCES,PERSONNEL COMPENSATION,12640,12640,Sydney Kamlager-Dove,D,CA,37,119,2026Q1,true
K000009,2026 HON. MARCY KAPTUR,OFFICIAL EXPENSES OF MEMBERS,FRANKED MAIL,394.49,394.49,Marcy Kaptur,D,OH,9,119,2026Q1,true
K000009,2026 HON. MARCY KAPTUR,OFFICIAL EXPENSES OF MEMBERS,PERSONNEL COMPENSATION,309008.58,309008.58,Marcy Kaptur,D,OH,9,119,2026Q1,true
K000009,2026 HON. MARCY KAPTUR,OFFICIAL EXPENSES OF MEMBERS,TRAVEL,7098.33,7098.33,Marcy Kaptur,D,OH,9,119,2026Q1,true
K000009,2026 HON. MARCY KAPTUR,OFFICIAL EXPENSES OF MEMBERS,RENT COMMUNICATION UTILITIES,4560.29,4560.29,Marcy Kaptur,D,OH,9,119,2026Q1,true
K000009,2026 HON. MARCY KAPTUR,OFFICIAL EXPENSES OF MEMBERS,PRINTING AND REPRODUCTION,273,273,Marcy Kaptur,D,OH,9,119,2026Q1,true
K000009,2026 HON. MARCY KAPTUR,OFFICIAL EXPENSES OF MEMBERS,SUPPLIES AND MATERIALS,4729.69,4729.69,Marcy Kaptur,D,OH,9,119,2026Q1,true
K000009,2026 HON. MARCY KAPTUR,OFFICIAL EXPENSES OF MEMBERS,EQUIPMENT,456,456,Marcy Kaptur,D,OH,9,119,2026Q1,true
K000009,2026 HON. MARCY KAPTUR,INTERN ALLOWANCES,PERSONNEL COMPENSATION,11728,11728,Marcy Kaptur,D,OH,9,119,2026Q1,true
K000398,2026 HON. THOMAS H. KEAN JR.,OFFICIAL EXPENSES OF MEMBERS,FRANKED MAIL,-78.29,-78.29,"Thomas H. Kean, Jr.",R,NJ,7,119,2026Q1,true
K000398,2026 HON. THOMAS H. KEAN JR.,OFFICIAL EXPENSES OF MEMBERS,PERSONNEL COMPENSATION,328351.08,328351.08,"Thomas H. Kean, Jr.",R,NJ,7,119,2026Q1,true
K000398,2026 HON. THOMAS H. KEAN JR.,OFFICIAL EXPENSES OF MEMBERS,TRAVEL,4754.74,4754.74,"Thomas H. Kean, Jr.",R,NJ,7,119,2026Q1,true
K000398,2026 HON. THOMAS H. KEAN JR.,OFFICIAL EXPENSES OF MEMBERS,RENT COMMUNICATION UTILITIES,1867.18,1867.18,"Thomas H. Kean, Jr.",R,NJ,7,119,2026Q1,true
K000398,2026 HON. THOMAS H. KEAN JR.,OFFICIAL EXPENSES OF MEMBERS,PRINTING AND REPRODUCTION,1108.16,1108.16,"Thomas H. Kean, Jr.",R,NJ,7,119,2026Q1,true
K000398,2026 HON. THOMAS H. KEAN JR.,OFFICIAL EXPENSES OF MEMBERS,OTHER SERVICES,1687.5,1687.5,"Thomas H. Kean, Jr.",R,NJ,7,119,2026Q1,true
K000398,2026 HON. THOMAS H. KEAN JR.,OFFICIAL EXPENSES OF MEMBERS,SUPPLIES AND MATERIALS,2562.71,2562.71,"Thomas H. Kean, Jr.",R,NJ,7,119,2026Q1,true
K000398,2026 HON. THOMAS H. KEAN JR.,OFFICIAL EXPENSES OF MEMBERS,EQUIPMENT,2180,2180,"Thomas H. Kean, Jr.",R,NJ,7,119,2026Q1,true
K000398,2026 HON. THOMAS H. KEAN JR.,INTERN ALLOWANCES,PERSONNEL COMPENSATION,11363.58,11363.58,"Thomas H. Kean, Jr.",R,NJ,7,119,2026Q1,true
K000375,2026 HON. WILLIAM R. KEATING,OFFICIAL EXPENSES OF MEMBERS,FRANKED MAIL,26.92,26.92,William R. Keating,D,MA,9,119,2026Q1,true
K000375,2026 HON. WILLIAM R. KEATING,OFFICIAL EXPENSES OF MEMBERS,PERSONNEL COMPENSATION,337333.31,337333.31,William R. Keating,D,MA,9,119,2026Q1,true
K000375,2026 HON. WILLIAM R. KEATING,OFFICIAL EXPENSES OF MEMBERS,TRAVEL,10797.89,10797.89,William R. Keating,D,MA,9,119,2026Q1,true
K000375,2026 HON. WILLIAM R. KEATING,OFFICIAL EXPENSES OF MEMBERS,RENT COMMUNICATION UTILITIES,2560.04,2560.04,William R. Keating,D,MA,9,119,2026Q1,true
K000375,2026 HON. WILLIAM R. KEATING,OFFICIAL EXPENSES OF MEMBERS,OTHER SERVICES,2385.05,2385.05,William R. Keating,D,MA,9,119,2026Q1,true
K000375,2026 HON. WILLIAM R. KEATING,OFFICIAL EXPENSES OF MEMBERS,SUPPLIES AND MATERIALS,1221.35,1221.35,William R. Keating,D,MA,9,119,2026Q1,true
K000375,2026 HON. WILLIAM R. KEATING,OFFICIAL EXPENSES OF MEMBERS,EQUIPMENT,1860,1860,William R. Keating,D,MA,9,119,2026Q1,true
K000375,2026 HON. WILLIAM R. KEATING,INTERN ALLOWANCES,PERSONNEL COMPENSATION,9819.79,9819.79,William R. Keating,D,MA,9,119,2026Q1,true
K000376,2026 HON. MIKE KELLY,OFFICIAL EXPENSES OF MEMBERS,FRANKED MAIL,953.79,953.79,Mike Kelly,R,PA,16,119,2026Q1,true
K000376,2026 HON. MIKE KELLY,OFFICIAL EXPENSES OF MEMBERS,PERSONNEL COMPENSATION,290411.14,290411.14,Mike Kelly,R,PA,16,119,2026Q1,true
K000376,2026 HON. MIKE KELLY,OFFICIAL EXPENSES OF MEMBERS,TRAVEL,6350.52,6350.52,Mike Kelly,R,PA,16,119,2026Q1,true
K000376,2026 HON. MIKE KELLY,OFFICIAL EXPENSES OF MEMBERS,TRANSPORTATION OF THINGS,5.95,5.95,Mike Kelly,R,PA,16,119,2026Q1,true
K000376,2026 HON. MIKE KELLY,OFFICIAL EXPENSES OF MEMBERS,RENT COMMUNICATION UTILITIES,28759.29,28759.29,Mike Kelly,R,PA,16,119,2026Q1,true
K000376,2026 HON. MIKE KELLY,OFFICIAL EXPENSES OF MEMBERS,PRINTING AND REPRODUCTION,982.19,982.19,Mike Kelly,R,PA,16,119,2026Q1,true
K000376,2026 HON. MIKE KELLY,OFFICIAL EXPENSES OF MEMBERS,OTHER SERVICES,3023.92,3023.92,Mike Kelly,R,PA,16,119,2026Q1,true
K000376,2026 HON. MIKE KELLY,OFFICIAL EXPENSES OF MEMBERS,SUPPLIES AND MATERIALS,6286.73,6286.73,Mike Kelly,R,PA,16,119,2026Q1,true
K000376,2026 HON. MIKE KELLY,OFFICIAL EXPENSES OF MEMBERS,EQUIPMENT,5956.05,5956.05,Mike Kelly,R,PA,16,119,2026Q1,true
K000376,2026 HON. MIKE KELLY,INTERN ALLOWANCES,PERSONNEL COMPENSATION,9840,9840,Mike Kelly,R,PA,16,119,2026Q1,true
K000385,2026 HON. ROBIN L. KELLY,OFFICIAL EXPENSES OF MEMBERS,FRANKED MAIL,49.19,49.19,Robin L. Kelly,D,IL,2,119,2026Q1,true
K000385,2026 HON. ROBIN L. KELLY,OFFICIAL EXPENSES OF MEMBERS,PERSONNEL COMPENSATION,325153,325153,Robin L. Kelly,D,IL,2,119,2026Q1,true
K000385,2026 HON. ROBIN L. KELLY,OFFICIAL EXPENSES OF MEMBERS,TRAVEL,10657.66,10657.66,Robin L. Kelly,D,IL,2,119,2026Q1,true
K000385,2026 HON. ROBIN L. KELLY,OFFICIAL EXPENSES OF MEMBERS,RENT COMMUNICATION UTILITIES,32341.04,32341.04,Robin L. Kelly,D,IL,2,119,2026Q1,true
K000385,2026 HON. ROBIN L. KELLY,OFFICIAL EXPENSES OF MEMBERS,PRINTING AND REPRODUCTION,49308.48,49308.48,Robin L. Kelly,D,IL,2,119,2026Q1,true
K000385,2026 HON. ROBIN L. KELLY,OFFICIAL EXPENSES OF MEMBERS,OTHER SERVICES,6430.97,6430.97,Robin L. Kelly,D,IL,2,119,2026Q1,true
K000385,2026 HON. ROBIN L. KELLY,OFFICIAL EXPENSES OF MEMBERS,SUPPLIES AND MATERIALS,10710.16,10710.16,Robin L. Kelly,D,IL,2,119,2026Q1,true
K000385,2026 HON. ROBIN L. KELLY,OFFICIAL EXPENSES OF MEMBERS,EQUIPMENT,4129.77,4129.77,Robin L. Kelly,D,IL,2,119,2026Q1,true
K000385,2026 HON. ROBIN L. KELLY,INTERN ALLOWANCES,PERSONNEL COMPENSATION,11600.02,11600.02,Robin L. Kelly,D,IL,2,119,2026Q1,true
K000388,2026 HON. TRENT KELLY,OFFICIAL EXPENSES OF MEMBERS,FRANKED MAIL,11.45,11.45,Trent Kelly,R,MS,1,119,2026Q1,true
K000388,2026 HON. TRENT KELLY,OFFICIAL EXPENSES OF MEMBERS,PERSONNEL COMPENSATION,319024.49,319024.49,Trent Kelly,R,MS,1,119,2026Q1,true
K000388,2026 HON. TRENT KELLY,OFFICIAL EXPENSES OF MEMBERS,TRAVEL,13739.83,13739.83,Trent Kelly,R,MS,1,119,2026Q1,true
K000388,2026 HON. TRENT KELLY,OFFICIAL EXPENSES OF MEMBERS,RENT COMMUNICATION UTILITIES,3045.93,3045.93,Trent Kelly,R,MS,1,119,2026Q1,true
K000388,2026 HON. TRENT KELLY,OFFICIAL EXPENSES OF MEMBERS,PRINTING AND REPRODUCTION,1968,1968,Trent Kelly,R,MS,1,119,2026Q1,true
K000388,2026 HON. TRENT KELLY,OFFICIAL EXPENSES OF MEMBERS,OTHER SERVICES,1250,1250,Trent Kelly,R,MS,1,119,2026Q1,true
K000388,2026 HON. TRENT KELLY,OFFICIAL EXPENSES OF MEMBERS,SUPPLIES AND MATERIALS,2330.97,2330.97,Trent Kelly,R,MS,1,119,2026Q1,true
K000388,2026 HON. TRENT KELLY,OFFICIAL EXPENSES OF MEMBERS,EQUIPMENT,487,487,Trent Kelly,R,MS,1,119,2026Q1,true
K000388,2026 HON. TRENT KELLY,INTERN ALLOWANCES,PERSONNEL COMPENSATION,5903.33,5903.33,Trent Kelly,R,MS,1,119,2026Q1,true
K000403,2026 HON. MIKE KENNEDY,OFFICIAL EXPENSES OF MEMBERS,FRANKED MAIL,-22.1,-22.1,Mike Kennedy,R,UT,3,119,2026Q1,true
K000403,2026 HON. MIKE KENNEDY,OFFICIAL EXPENSES OF MEMBERS,PERSONNEL COMPENSATION,267556.7,267556.7,Mike Kennedy,R,UT,3,119,2026Q1,true
K000403,2026 HON. MIKE KENNEDY,OFFICIAL EXPENSES OF MEMBERS,TRAVEL,23426.86,23426.86,Mike Kennedy,R,UT,3,119,2026Q1,true
K000403,2026 HON. MIKE KENNEDY,OFFICIAL EXPENSES OF MEMBERS,RENT COMMUNICATION UTILITIES,2541.51,2541.51,Mike Kennedy,R,UT,3,119,2026Q1,true
K000403,2026 HON. MIKE KENNEDY,OFFICIAL EXPENSES OF MEMBERS,PRINTING AND REPRODUCTION,814.5,814.5,Mike Kennedy,R,UT,3,119,2026Q1,true
K000403,2026 HON. MIKE KENNEDY,OFFICIAL EXPENSES OF MEMBERS,OTHER SERVICES,273,273,Mike Kennedy,R,UT,3,119,2026Q1,true
K000403,2026 HON. MIKE KENNEDY,OFFICIAL EXPENSES OF MEMBERS,SUPPLIES AND MATERIALS,787.24,787.24,Mike Kennedy,R,UT,3,119,2026Q1,true
K000403,2026 HON. MIKE KENNEDY,OFFICIAL EXPENSES OF MEMBERS,EQUIPMENT,2024,2024,Mike Kennedy,R,UT,3,119,2026Q1,true
K000403,2026 HON. MIKE KENNEDY,INTERN ALLOWANCES,PERSONNEL COMPENSATION,6200,6200,Mike Kennedy,R,UT,3,119,2026Q1,true
K000402,2026 HON. TIMOTHY M. KENNEDY,OFFICIAL EXPENSES OF MEMBERS,FRANKED MAIL,-94.64,-94.64,Timothy M. Kennedy,D,NY,26,119,2026Q1,true
K000402,2026 HON. TIMOTHY M. KENNEDY,OFFICIAL EXPENSES OF MEMBERS,PERSONNEL COMPENSATION,339311.13,339311.13,Timothy M. Kennedy,D,NY,26,119,2026Q1,true
K000402,2026 HON. TIMOTHY M. KENNEDY,OFFICIAL EXPENSES OF MEMBERS,TRAVEL,13918.1,13918.1,Timothy M. Kennedy,D,NY,26,119,2026Q1,true
K000402,2026 HON. TIMOTHY M. KENNEDY,OFFICIAL EXPENSES OF MEMBERS,RENT COMMUNICATION UTILITIES,6767.81,6767.81,Timothy M. Kennedy,D,NY,26,119,2026Q1,true
K000402,2026 HON. TIMOTHY M. KENNEDY,OFFICIAL EXPENSES OF MEMBERS,PRINTING AND REPRODUCTION,285.18,285.18,Timothy M. Kennedy,D,NY,26,119,2026Q1,true
K000402,2026 HON. TIMOTHY M. KENNEDY,OFFICIAL EXPENSES OF MEMBERS,OTHER SERVICES,7495.88,7495.88,Timothy M. Kennedy,D,NY,26,119,2026Q1,true
K000402,2026 HON. TIMOTHY M. KENNEDY,OFFICIAL EXPENSES OF MEMBERS,SUPPLIES AND MATERIALS,6206.01,6206.01,Timothy M. Kennedy,D,NY,26,119,2026Q1,true
K000402,2026 HON. TIMOTHY M. KENNEDY,OFFICIAL EXPENSES OF MEMBERS,EQUIPMENT,204.8,204.8,Timothy M. Kennedy,D,NY,26,119,2026Q1,true
K000402,2026 HON. TIMOTHY M. KENNEDY,INTERN ALLOWANCES,PERSONNEL COMPENSATION,11242.78,11242.78,Timothy M. Kennedy,D,NY,26,119,2026Q1,true
K000389,2026 HON. RO KHANNA,OFFICIAL EXPENSES OF MEMBERS,FRANKED MAIL,-129.71,-129.71,Ro Khanna,D,CA,17,119,2026Q1,true
K000389,2026 HON. RO KHANNA,OFFICIAL EXPENSES OF MEMBERS,PERSONNEL COMPENSATION,357244.13,357244.13,Ro Khanna,D,CA,17,119,2026Q1,true
K000389,2026 HON. RO KHANNA,OFFICIAL EXPENSES OF MEMBERS,TRAVEL,4088.72,4088.72,Ro Khanna,D,CA,17,119,2026Q1,true
K000389,2026 HON. RO KHANNA,OFFICIAL EXPENSES OF MEMBERS,RENT COMMUNICATION UTILITIES,3620.19,3620.19,Ro Khanna,D,CA,17,119,2026Q1,true
K000389,2026 HON. RO KHANNA,OFFICIAL EXPENSES OF MEMBERS,PRINTING AND REPRODUCTION,208.46,208.46,Ro Khanna,D,CA,17,119,2026Q1,true
K000389,2026 HON. RO KHANNA,OFFICIAL EXPENSES OF MEMBERS,OTHER SERVICES,3332.78,3332.78,Ro Khanna,D,CA,17,119,2026Q1,true
K000389,2026 HON. RO KHANNA,OFFICIAL EXPENSES OF MEMBERS,SUPPLIES AND MATERIALS,1577.73,1577.73,Ro Khanna,D,CA,17,119,2026Q1,true
K000389,2026 HON. RO KHANNA,OFFICIAL EXPENSES OF MEMBERS,EQUIPMENT,1002,1002,Ro Khanna,D,CA,17,119,2026Q1,true
K000389,2026 HON. RO KHANNA,INTERN ALLOWANCES,PERSONNEL COMPENSATION,5716.67,5716.67,Ro Khanna,D,CA,17,119,2026Q1,true
K000399,2026 HON. JENNIFER A. KIGGANS,OFFICIAL EXPENSES OF MEMBERS,FRANKED MAIL,155.02,155.02,Jennifer A. Kiggans,R,VA,2,119,2026Q1,true
K000399,2026 HON. JENNIFER A. KIGGANS,OFFICIAL EXPENSES OF MEMBERS,PERSONNEL COMPENSATION,262099.98,262099.98,Jennifer A. Kiggans,R,VA,2,119,2026Q1,true
K000399,2026 HON. JENNIFER A. KIGGANS,OFFICIAL EXPENSES OF MEMBERS,TRAVEL,8678.79,8678.79,Jennifer A. Kiggans,R,VA,2,119,2026Q1,true
K000399,2026 HON. JENNIFER A. KIGGANS,OFFICIAL EXPENSES OF MEMBERS,RENT COMMUNICATION UTILITIES,12890.1,12890.1,Jennifer A. Kiggans,R,VA,2,119,2026Q1,true
K000399,2026 HON. JENNIFER A. KIGGANS,OFFICIAL EXPENSES OF MEMBERS,PRINTING AND REPRODUCTION,140928.44,140928.44,Jennifer A. Kiggans,R,VA,2,119,2026Q1,true
K000399,2026 HON. JENNIFER A. KIGGANS,OFFICIAL EXPENSES OF MEMBERS,OTHER SERVICES,10935,10935,Jennifer A. Kiggans,R,VA,2,119,2026Q1,true
K000399,2026 HON. JENNIFER A. KIGGANS,OFFICIAL EXPENSES OF MEMBERS,SUPPLIES AND MATERIALS,10008.35,10008.35,Jennifer A. Kiggans,R,VA,2,119,2026Q1,true
K000399,2026 HON. JENNIFER A. KIGGANS,OFFICIAL EXPENSES OF MEMBERS,EQUIPMENT,801,801,Jennifer A. Kiggans,R,VA,2,119,2026Q1,true
K000399,2026 HON. JENNIFER A. KIGGANS,INTERN ALLOWANCES,PERSONNEL COMPENSATION,6266.67,6266.67,Jennifer A. Kiggans,R,VA,2,119,2026Q1,true
K000401,2026 HON. KEVIN KILEY,OFFICIAL EXPENSES OF MEMBERS,FRANKED MAIL,2318.55,2318.55,Kevin Kiley,R,CA,3,119,2026Q1,true
K000401,2026 HON. KEVIN KILEY,OFFICIAL EXPENSES OF MEMBERS,PERSONNEL COMPENSATION,271818.03,271818.03,Kevin Kiley,R,CA,3,119,2026Q1,true
K000401,2026 HON. KEVIN KILEY,OFFICIAL EXPENSES OF MEMBERS,TRAVEL,2541.84,2541.84,Kevin Kiley,R,CA,3,119,2026Q1,true
K000401,2026 HON. KEVIN KILEY,OFFICIAL EXPENSES OF MEMBERS,RENT COMMUNICATION UTILITIES,1731.02,1731.02,Kevin Kiley,R,CA,3,119,2026Q1,true
K000401,2026 HON. KEVIN KILEY,OFFICIAL EXPENSES OF MEMBERS,PRINTING AND REPRODUCTION,282.5,282.5,Kevin Kiley,R,CA,3,119,2026Q1,true
K000401,2026 HON. KEVIN KILEY,OFFICIAL EXPENSES OF MEMBERS,OTHER SERVICES,398,398,Kevin Kiley,R,CA,3,119,2026Q1,true
K000401,2026 HON. KEVIN KILEY,OFFICIAL EXPENSES OF MEMBERS,SUPPLIES AND MATERIALS,8188.71,8188.71,Kevin Kiley,R,CA,3,119,2026Q1,true
K000401,2026 HON. KEVIN KILEY,INTERN ALLOWANCES,PERSONNEL COMPENSATION,5585,5585,Kevin Kiley,R,CA,3,119,2026Q1,true
K000397,2026 HON. YOUNG KIM,OFFICIAL EXPENSES OF MEMBERS,FRANKED MAIL,24626.55,24626.55,Young Kim,R,CA,39,119,2026Q1,true
K000397,2026 HON. YOUNG KIM,OFFICIAL EXPENSES OF MEMBERS,PERSONNEL COMPENSATION,242632.79,242632.79,Young Kim,R,CA,39,119,2026Q1,true
K000397,2026 HON. YOUNG KIM,OFFICIAL EXPENSES OF MEMBERS,TRAVEL,21299.99,21299.99,Young Kim,R,CA,39,119,2026Q1,true
K000397,2026 HON. YOUNG KIM,OFFICIAL EXPENSES OF MEMBERS,RENT COMMUNICATION UTILITIES,3947.71,3947.71,Young Kim,R,CA,39,119,2026Q1,true
K000397,2026 HON. YOUNG KIM,OFFICIAL EXPENSES OF MEMBERS,PRINTING AND REPRODUCTION,29854.96,29854.96,Young Kim,R,CA,39,119,2026Q1,true
K000397,2026 HON. YOUNG KIM,OFFICIAL EXPENSES OF MEMBERS,OTHER SERVICES,6120,6120,Young Kim,R,CA,39,119,2026Q1,true
K000397,2026 HON. YOUNG KIM,OFFICIAL EXPENSES OF MEMBERS,SUPPLIES AND MATERIALS,2936.4,2936.4,Young Kim,R,CA,39,119,2026Q1,true
K000397,2026 HON. YOUNG KIM,OFFICIAL EXPENSES OF MEMBERS,EQUIPMENT,1146,1146,Young Kim,R,CA,39,119,2026Q1,true
K000397,2026 HON. YOUNG KIM,INTERN ALLOWANCES,PERSONNEL COMPENSATION,9366.27,9366.27,Young Kim,R,CA,39,119,2026Q1,true
K000404,2026 HON. KIMBERLYN KING-HINDS,OFFICIAL EXPENSES OF MEMBERS,FRANKED MAIL,30.67,30.67,Kimberlyn King-Hinds,R,MP,0,119,2026Q1,true
K000404,2026 HON. KIMBERLYN KING-HINDS,OFFICIAL EXPENSES OF MEMBERS,PERSONNEL COMPENSATION,286419.23,286419.23,Kimberlyn King-Hinds,R,MP,0,119,2026Q1,true
K000404,2026 HON. KIMBERLYN KING-HINDS,OFFICIAL EXPENSES OF MEMBERS,TRAVEL,53577.73,53577.73,Kimberlyn King-Hinds,R,MP,0,119,2026Q1,true
K000404,2026 HON. KIMBERLYN KING-HINDS,OFFICIAL EXPENSES OF MEMBERS,TRANSPORTATION OF THINGS,169.45,169.45,Kimberlyn King-Hinds,R,MP,0,119,2026Q1,true
K000404,2026 HON. KIMBERLYN KING-HINDS,OFFICIAL EXPENSES OF MEMBERS,RENT COMMUNICATION UTILITIES,6223.21,6223.21,Kimberlyn King-Hinds,R,MP,0,119,2026Q1,true
K000404,2026 HON. KIMBERLYN KING-HINDS,OFFICIAL EXPENSES OF MEMBERS,PRINTING AND REPRODUCTION,200,200,Kimberlyn King-Hinds,R,MP,0,119,2026Q1,true
K000404,2026 HON. KIMBERLYN KING-HINDS,OFFICIAL EXPENSES OF MEMBERS,OTHER SERVICES,3035.42,3035.42,Kimberlyn King-Hinds,R,MP,0,119,2026Q1,true
K000404,2026 HON. KIMBERLYN KING-HINDS,OFFICIAL EXPENSES OF MEMBERS,SUPPLIES AND MATERIALS,4960.87,4960.87,Kimberlyn King-Hinds,R,MP,0,119,2026Q1,true
K000404,2026 HON. KIMBERLYN KING-HINDS,OFFICIAL EXPENSES OF MEMBERS,EQUIPMENT,297,297,Kimberlyn King-Hinds,R,MP,0,119,2026Q1,true
K000404,2026 HON. KIMBERLYN KING-HINDS,INTERN ALLOWANCES,PERSONNEL COMPENSATION,527.78,527.78,Kimberlyn King-Hinds,R,MP,0,119,2026Q1,true
K000405,2026 HON. BRAD KNOTT,OFFICIAL EXPENSES OF MEMBERS,FRANKED MAIL,22.78,22.78,Brad Knott,R,NC,13,119,2026Q1,true
K000405,2026 HON. BRAD KNOTT,OFFICIAL EXPENSES OF MEMBERS,PERSONNEL COMPENSATION,235127.75,235127.75,Brad Knott,R,NC,13,119,2026Q1,true
K000405,2026 HON. BRAD KNOTT,OFFICIAL EXPENSES OF MEMBERS,TRAVEL,11010.66,11010.66,Brad Knott,R,NC,13,119,2026Q1,true
K000405,2026 HON. BRAD KNOTT,OFFICIAL EXPENSES OF MEMBERS,TRANSPORTATION OF THINGS,19.43,19.43,Brad Knott,R,NC,13,119,2026Q1,true
K000405,2026 HON. BRAD KNOTT,OFFICIAL EXPENSES OF MEMBERS,RENT COMMUNICATION UTILITIES,2522.21,2522.21,Brad Knott,R,NC,13,119,2026Q1,true
K000405,2026 HON. BRAD KNOTT,OFFICIAL EXPENSES OF MEMBERS,PRINTING AND REPRODUCTION,86.5,86.5,Brad Knott,R,NC,13,119,2026Q1,true
K000405,2026 HON. BRAD KNOTT,OFFICIAL EXPENSES OF MEMBERS,OTHER SERVICES,339.98,339.98,Brad Knott,R,NC,13,119,2026Q1,true
K000405,2026 HON. BRAD KNOTT,OFFICIAL EXPENSES OF MEMBERS,SUPPLIES AND MATERIALS,3618.24,3618.24,Brad Knott,R,NC,13,119,2026Q1,true
K000405,2026 HON. BRAD KNOTT,OFFICIAL EXPENSES OF MEMBERS,EQUIPMENT,182.82,182.82,Brad Knott,R,NC,13,119,2026Q1,true
K000405,2026 HON. BRAD KNOTT,INTERN ALLOWANCES,PERSONNEL COMPENSATION,12033.34,12033.34,Brad Knott,R,NC,13,119,2026Q1,true
K000391,2026 HON. RAJA KRISHNAMOORTHI,OFFICIAL EXPENSES OF MEMBERS,FRANKED MAIL,5.1,5.1,Raja Krishnamoorthi,D,IL,8,119,2026Q1,true
K000391,2026 HON. RAJA KRISHNAMOORTHI,OFFICIAL EXPENSES OF MEMBERS,PERSONNEL COMPENSATION,372239.73,372239.73,Raja Krishnamoorthi,D,IL,8,119,2026Q1,true
K000391,2026 HON. RAJA KRISHNAMOORTHI,OFFICIAL EXPENSES OF MEMBERS,TRAVEL,9244.42,9244.42,Raja Krishnamoorthi,D,IL,8,119,2026Q1,true
K000391,2026 HON. RAJA KRISHNAMOORTHI,OFFICIAL EXPENSES OF MEMBERS,RENT COMMUNICATION UTILITIES,7622.28,7622.28,Raja Krishnamoorthi,D,IL,8,119,2026Q1,true
K000391,2026 HON. RAJA KRISHNAMOORTHI,OFFICIAL EXPENSES OF MEMBERS,PRINTING AND REPRODUCTION,291.58,291.58,Raja Krishnamoorthi,D,IL,8,119,2026Q1,true
K000391,2026 HON. RAJA KRISHNAMOORTHI,OFFICIAL EXPENSES OF MEMBERS,OTHER SERVICES,222.58,222.58,Raja Krishnamoorthi,D,IL,8,119,2026Q1,true
K000391,2026 HON. RAJA KRISHNAMOORTHI,OFFICIAL EXPENSES OF MEMBERS,SUPPLIES AND MATERIALS,12194.88,12194.88,Raja Krishnamoorthi,D,IL,8,119,2026Q1,true
K000391,2026 HON. RAJA KRISHNAMOORTHI,OFFICIAL EXPENSES OF MEMBERS,EQUIPMENT,638.06,638.06,Raja Krishnamoorthi,D,IL,8,119,2026Q1,true
K000392,2026 HON. DAVID KUSTOFF,OFFICIAL EXPENSES OF MEMBERS,FRANKED MAIL,-18.15,-18.15,David Kustoff,R,TN,8,119,2026Q1,true
K000392,2026 HON. DAVID KUSTOFF,OFFICIAL EXPENSES OF MEMBERS,PERSONNEL COMPENSATION,293251.39,293251.39,David Kustoff,R,TN,8,119,2026Q1,true
K000392,2026 HON. DAVID KUSTOFF,OFFICIAL EXPENSES OF MEMBERS,TRAVEL,25101.86,25101.86,David Kustoff,R,TN,8,119,2026Q1,true
K000392,2026 HON. DAVID KUSTOFF,OFFICIAL EXPENSES OF MEMBERS,RENT COMMUNICATION UTILITIES,9197.55,9197.55,David Kustoff,R,TN,8,119,2026Q1,true
K000392,2026 HON. DAVID KUSTOFF,OFFICIAL EXPENSES OF MEMBERS,PRINTING AND REPRODUCTION,795.2,795.2,David Kustoff,R,TN,8,119,2026Q1,true
K000392,2026 HON. DAVID KUSTOFF,OFFICIAL EXPENSES OF MEMBERS,OTHER SERVICES,15656.55,15656.55,David Kustoff,R,TN,8,119,2026Q1,true
K000392,2026 HON. DAVID KUSTOFF,OFFICIAL EXPENSES OF MEMBERS,SUPPLIES AND MATERIALS,2322.47,2322.47,David Kustoff,R,TN,8,119,2026Q1,true
K000392,2026 HON. DAVID KUSTOFF,OFFICIAL EXPENSES OF MEMBERS,EQUIPMENT,4176,4176,David Kustoff,R,TN,8,119,2026Q1,true
K000392,2026 HON. DAVID KUSTOFF,INTERN ALLOWANCES,PERSONNEL COMPENSATION,4800,4800,David Kustoff,R,TN,8,119,2026Q1,true
L000585,2026 HON. DARIN LAHOOD,OFFICIAL EXPENSES OF MEMBERS,FRANKED MAIL,9510.74,9510.74,Darin LaHood,R,IL,18,119,2026Q1,true
L000585,2026 HON. DARIN LAHOOD,OFFICIAL EXPENSES OF MEMBERS,PERSONNEL COMPENSATION,295793.71,295793.71,Darin LaHood,R,IL,18,119,2026Q1,true
L000585,2026 HON. DARIN LAHOOD,OFFICIAL EXPENSES OF MEMBERS,TRAVEL,3961.75,3961.75,Darin LaHood,R,IL,18,119,2026Q1,true
L000585,2026 HON. DARIN LAHOOD,OFFICIAL EXPENSES OF MEMBERS,RENT COMMUNICATION UTILITIES,6500.67,6500.67,Darin LaHood,R,IL,18,119,2026Q1,true
L000585,2026 HON. DARIN LAHOOD,OFFICIAL EXPENSES OF MEMBERS,PRINTING AND REPRODUCTION,10362,10362,Darin LaHood,R,IL,18,119,2026Q1,true
L000585,2026 HON. DARIN LAHOOD,OFFICIAL EXPENSES OF MEMBERS,OTHER SERVICES,158,158,Darin LaHood,R,IL,18,119,2026Q1,true
L000585,2026 HON. DARIN LAHOOD,OFFICIAL EXPENSES OF MEMBERS,SUPPLIES AND MATERIALS,34660.26,34660.26,Darin LaHood,R,IL,18,119,2026Q1,true
L000585,2026 HON. DARIN LAHOOD,OFFICIAL EXPENSES OF MEMBERS,EQUIPMENT,1031.15,1031.15,Darin LaHood,R,IL,18,119,2026Q1,true
L000585,2026 HON. DARIN LAHOOD,INTERN ALLOWANCES,PERSONNEL COMPENSATION,7729.17,7729.17,Darin LaHood,R,IL,18,119,2026Q1,true
L000598,2026 HON. NICK LALOTA,OFFICIAL EXPENSES OF MEMBERS,FRANKED MAIL,123.93,123.93,Nick LaLota,R,NY,1,119,2026Q1,true
L000598,2026 HON. NICK LALOTA,OFFICIAL EXPENSES OF MEMBERS,PERSONNEL COMPENSATION,311639.42,311639.42,Nick LaLota,R,NY,1,119,2026Q1,true
L000598,2026 HON. NICK LALOTA,OFFICIAL EXPENSES OF MEMBERS,TRAVEL,17382.75,17382.75,Nick LaLota,R,NY,1,119,2026Q1,true
L000598,2026 HON. NICK LALOTA,OFFICIAL EXPENSES OF MEMBERS,RENT COMMUNICATION UTILITIES,11178.09,11178.09,Nick LaLota,R,NY,1,119,2026Q1,true
L000598,2026 HON. NICK LALOTA,OFFICIAL EXPENSES OF MEMBERS,PRINTING AND REPRODUCTION,288946.96,288946.96,Nick LaLota,R,NY,1,119,2026Q1,true
L000598,2026 HON. NICK LALOTA,OFFICIAL EXPENSES OF MEMBERS,OTHER SERVICES,576.22,576.22,Nick LaLota,R,NY,1,119,2026Q1,true
L000598,2026 HON. NICK LALOTA,OFFICIAL EXPENSES OF MEMBERS,SUPPLIES AND MATERIALS,6191.45,6191.45,Nick LaLota,R,NY,1,119,2026Q1,true
L000598,2026 HON. NICK LALOTA,OFFICIAL EXPENSES OF MEMBERS,EQUIPMENT,1002,1002,Nick LaLota,R,NY,1,119,2026Q1,true
L000598,2026 HON. NICK LALOTA,INTERN ALLOWANCES,PERSONNEL COMPENSATION,9886.54,9886.54,Nick LaLota,R,NY,1,119,2026Q1,true
L000578,2026 HON. DOUG LAMALFA,OFFICIAL EXPENSES OF MEMBERS,FRANKED MAIL,379.26,379.26,Doug LaMalfa,R,CA,1,119,2026Q1,true
L000578,2026 HON. DOUG LAMALFA,OFFICIAL EXPENSES OF MEMBERS,PERSONNEL COMPENSATION,349584.71,349584.71,Doug LaMalfa,R,CA,1,119,2026Q1,true
L000578,2026 HON. DOUG LAMALFA,OFFICIAL EXPENSES OF MEMBERS,TRAVEL,3746.97,3746.97,Doug LaMalfa,R,CA,1,119,2026Q1,true
L000578,2026 HON. DOUG LAMALFA,OFFICIAL EXPENSES OF MEMBERS,RENT COMMUNICATION UTILITIES,7429.29,7429.29,Doug LaMalfa,R,CA,1,119,2026Q1,true
L000578,2026 HON. DOUG LAMALFA,OFFICIAL EXPENSES OF MEMBERS,OTHER SERVICES,1704,1704,Doug LaMalfa,R,CA,1,119,2026Q1,true
L000578,2026 HON. DOUG LAMALFA,OFFICIAL EXPENSES OF MEMBERS,SUPPLIES AND MATERIALS,1060.79,1060.79,Doug LaMalfa,R,CA,1,119,2026Q1,true
L000578,2026 HON. DOUG LAMALFA,OFFICIAL EXPENSES OF MEMBERS,EQUIPMENT,1470,1470,Doug LaMalfa,R,CA,1,119,2026Q1,true
L000601,2026 HON. GREG LANDSMAN,OFFICIAL EXPENSES OF MEMBERS,FRANKED MAIL,-24.14,-24.14,Greg Landsman,D,OH,1,119,2026Q1,true
L000601,2026 HON. GREG LANDSMAN,OFFICIAL EXPENSES OF MEMBERS,PERSONNEL COMPENSATION,316094.4,316094.4,Greg Landsman,D,OH,1,119,2026Q1,true
L000601,2026 HON. GREG LANDSMAN,OFFICIAL EXPENSES OF MEMBERS,TRAVEL,9315.4,9315.4,Greg Landsman,D,OH,1,119,2026Q1,true
L000601,2026 HON. GREG LANDSMAN,OFFICIAL EXPENSES OF MEMBERS,RENT COMMUNICATION UTILITIES,11928.3,11928.3,Greg Landsman,D,OH,1,119,2026Q1,true
L000601,2026 HON. GREG LANDSMAN,OFFICIAL EXPENSES OF MEMBERS,PRINTING AND REPRODUCTION,54242.24,54242.24,Greg Landsman,D,OH,1,119,2026Q1,true
L000601,2026 HON. GREG LANDSMAN,OFFICIAL EXPENSES OF MEMBERS,OTHER SERVICES,14818.85,14818.85,Greg Landsman,D,OH,1,119,2026Q1,true
L000601,2026 HON. GREG LANDSMAN,OFFICIAL EXPENSES OF MEMBERS,SUPPLIES AND MATERIALS,10541.26,10541.26,Greg Landsman,D,OH,1,119,2026Q1,true
L000601,2026 HON. GREG LANDSMAN,OFFICIAL EXPENSES OF MEMBERS,EQUIPMENT,744,744,Greg Landsman,D,OH,1,119,2026Q1,true
L000601,2026 HON. GREG LANDSMAN,INTERN ALLOWANCES,PERSONNEL COMPENSATION,12798,12798,Greg Landsman,D,OH,1,119,2026Q1,true
L000600,2026 HON. NICHOLAS A. LANGWORTHY,OFFICIAL EXPENSES OF MEMBERS,FRANKED MAIL,-38.75,-38.75,Nicholas A. Langworthy,R,NY,23,119,2026Q1,true
L000600,2026 HON. NICHOLAS A. LANGWORTHY,OFFICIAL EXPENSES OF MEMBERS,PERSONNEL COMPENSATION,268081.08,268081.08,Nicholas A. Langworthy,R,NY,23,119,2026Q1,true
L000600,2026 HON. NICHOLAS A. LANGWORTHY,OFFICIAL EXPENSES OF MEMBERS,TRAVEL,14400.8,14400.8,Nicholas A. Langworthy,R,NY,23,119,2026Q1,true
L000600,2026 HON. NICHOLAS A. LANGWORTHY,OFFICIAL EXPENSES OF MEMBERS,RENT COMMUNICATION UTILITIES,24301.18,24301.18,Nicholas A. Langworthy,R,NY,23,119,2026Q1,true
L000600,2026 HON. NICHOLAS A. LANGWORTHY,OFFICIAL EXPENSES OF MEMBERS,PRINTING AND REPRODUCTION,58242.2,58242.2,Nicholas A. Langworthy,R,NY,23,119,2026Q1,true
L000600,2026 HON. NICHOLAS A. LANGWORTHY,OFFICIAL EXPENSES OF MEMBERS,OTHER SERVICES,647.08,647.08,Nicholas A. Langworthy,R,NY,23,119,2026Q1,true
L000600,2026 HON. NICHOLAS A. LANGWORTHY,OFFICIAL EXPENSES OF MEMBERS,SUPPLIES AND MATERIALS,5035.7,5035.7,Nicholas A. Langworthy,R,NY,23,119,2026Q1,true
L000600,2026 HON. NICHOLAS A. LANGWORTHY,OFFICIAL EXPENSES OF MEMBERS,EQUIPMENT,834.42,834.42,Nicholas A. Langworthy,R,NY,23,119,2026Q1,true
L000600,2026 HON. NICHOLAS A. LANGWORTHY,INTERN ALLOWANCES,PERSONNEL COMPENSATION,10322,10322,Nicholas A. Langworthy,R,NY,23,119,2026Q1,true
L000560,2026 HON. RICK LARSEN,OFFICIAL EXPENSES OF MEMBERS,FRANKED MAIL,406.57,406.57,Rick Larsen,D,WA,2,119,2026Q1,true
L000560,2026 HON. RICK LARSEN,OFFICIAL EXPENSES OF MEMBERS,PERSONNEL COMPENSATION,343775.97,343775.97,Rick Larsen,D,WA,2,119,2026Q1,true
L000560,2026 HON. RICK LARSEN,OFFICIAL EXPENSES OF MEMBERS,TRAVEL,14337.15,14337.15,Rick Larsen,D,WA,2,119,2026Q1,true
L000560,2026 HON. RICK LARSEN,OFFICIAL EXPENSES OF MEMBERS,RENT COMMUNICATION UTILITIES,12851.65,12851.65,Rick Larsen,D,WA,2,119,2026Q1,true
L000560,2026 HON. RICK LARSEN,OFFICIAL EXPENSES OF MEMBERS,PRINTING AND REPRODUCTION,567,567,Rick Larsen,D,WA,2,119,2026Q1,true
L000560,2026 HON. RICK LARSEN,OFFICIAL EXPENSES OF MEMBERS,OTHER SERVICES,14276.18,14276.18,Rick Larsen,D,WA,2,119,2026Q1,true
L000560,2026 HON. RICK LARSEN,OFFICIAL EXPENSES OF MEMBERS,SUPPLIES AND MATERIALS,2997.82,2997.82,Rick Larsen,D,WA,2,119,2026Q1,true
L000560,2026 HON. RICK LARSEN,OFFICIAL EXPENSES OF MEMBERS,EQUIPMENT,1014,1014,Rick Larsen,D,WA,2,119,2026Q1,true
L000560,2026 HON. RICK LARSEN,INTERN ALLOWANCES,PERSONNEL COMPENSATION,14580,14580,Rick Larsen,D,WA,2,119,2026Q1,true
L000557,2026 HON. JOHN B. LARSON,OFFICIAL EXPENSES OF MEMBERS,FRANKED MAIL,88.91,88.91,John B. Larson,D,CT,1,119,2026Q1,true
L000557,2026 HON. JOHN B. LARSON,OFFICIAL EXPENSES OF MEMBERS,PERSONNEL COMPENSATION,347877.73,347877.73,John B. Larson,D,CT,1,119,2026Q1,true
L000557,2026 HON. JOHN B. LARSON,OFFICIAL EXPENSES OF MEMBERS,TRAVEL,10378.53,10378.53,John B. Larson,D,CT,1,119,2026Q1,true
L000557,2026 HON. JOHN B. LARSON,OFFICIAL EXPENSES OF MEMBERS,RENT COMMUNICATION UTILITIES,15903.95,15903.95,John B. Larson,D,CT,1,119,2026Q1,true
L000557,2026 HON. JOHN B. LARSON,OFFICIAL EXPENSES OF MEMBERS,PRINTING AND REPRODUCTION,54684.67,54684.67,John B. Larson,D,CT,1,119,2026Q1,true
L000557,2026 HON. JOHN B. LARSON,OFFICIAL EXPENSES OF MEMBERS,OTHER SERVICES,3900,3900,John B. Larson,D,CT,1,119,2026Q1,true
L000557,2026 HON. JOHN B. LARSON,OFFICIAL EXPENSES OF MEMBERS,SUPPLIES AND MATERIALS,12335.26,12335.26,John B. Larson,D,CT,1,119,2026Q1,true
L000557,2026 HON. JOHN B. LARSON,INTERN ALLOWANCES,PERSONNEL COMPENSATION,12536.44,12536.44,John B. Larson,D,CT,1,119,2026Q1,true
L000606,2026 HON. GEORGE LATIMER,OFFICIAL EXPENSES OF MEMBERS,FRANKED MAIL,-25.09,-25.09,George Latimer,D,NY,16,119,2026Q1,true
L000606,2026 HON. GEORGE LATIMER,OFFICIAL EXPENSES OF MEMBERS,PERSONNEL COMPENSATION,348379.7,348379.7,George Latimer,D,NY,16,119,2026Q1,true
L000606,2026 HON. GEORGE LATIMER,OFFICIAL EXPENSES OF MEMBERS,TRAVEL,9229.35,9229.35,George Latimer,D,NY,16,119,2026Q1,true
L000606,2026 HON. GEORGE LATIMER,OFFICIAL EXPENSES OF MEMBERS,RENT COMMUNICATION UTILITIES,4654.89,4654.89,George Latimer,D,NY,16,119,2026Q1,true
L000606,2026 HON. GEORGE LATIMER,OFFICIAL EXPENSES OF MEMBERS,PRINTING AND REPRODUCTION,1092.9,1092.9,George Latimer,D,NY,16,119,2026Q1,true
L000606,2026 HON. GEORGE LATIMER,OFFICIAL EXPENSES OF MEMBERS,OTHER SERVICES,3738.09,3738.09,George Latimer,D,NY,16,119,2026Q1,true
L000606,2026 HON. GEORGE LATIMER,OFFICIAL EXPENSES OF MEMBERS,SUPPLIES AND MATERIALS,5251.55,5251.55,George Latimer,D,NY,16,119,2026Q1,true
L000606,2026 HON. GEORGE LATIMER,OFFICIAL EXPENSES OF MEMBERS,EQUIPMENT,495,495,George Latimer,D,NY,16,119,2026Q1,true
L000606,2026 HON. GEORGE LATIMER,INTERN ALLOWANCES,PERSONNEL COMPENSATION,7780,7780,George Latimer,D,NY,16,119,2026Q1,true
L000566,2026 HON. ROBERT E. LATTA,OFFICIAL EXPENSES OF MEMBERS,FRANKED MAIL,1107.35,1107.35,Robert E. Latta,R,OH,5,119,2026Q1,true
L000566,2026 HON. ROBERT E. LATTA,OFFICIAL EXPENSES OF MEMBERS,PERSONNEL COMPENSATION,254990.62,254990.62,Robert E. Latta,R,OH,5,119,2026Q1,true
L000566,2026 HON. ROBERT E. LATTA,OFFICIAL EXPENSES OF MEMBERS,TRAVEL,3801.88,3801.88,Robert E. Latta,R,OH,5,119,2026Q1,true
L000566,2026 HON. ROBERT E. LATTA,OFFICIAL EXPENSES OF MEMBERS,RENT COMMUNICATION UTILITIES,9920.99,9920.99,Robert E. Latta,R,OH,5,119,2026Q1,true
L000566,2026 HON. ROBERT E. LATTA,OFFICIAL EXPENSES OF MEMBERS,PRINTING AND REPRODUCTION,51662,51662,Robert E. Latta,R,OH,5,119,2026Q1,true
L000566,2026 HON. ROBERT E. LATTA,OFFICIAL EXPENSES OF MEMBERS,OTHER SERVICES,25270.74,25270.74,Robert E. Latta,R,OH,5,119,2026Q1,true
L000566,2026 HON. ROBERT E. LATTA,OFFICIAL EXPENSES OF MEMBERS,SUPPLIES AND MATERIALS,19450.17,19450.17,Robert E. Latta,R,OH,5,119,2026Q1,true
L000566,2026 HON. ROBERT E. LATTA,OFFICIAL EXPENSES OF MEMBERS,EQUIPMENT,1755,1755,Robert E. Latta,R,OH,5,119,2026Q1,true
L000566,2026 HON. ROBERT E. LATTA,INTERN ALLOWANCES,PERSONNEL COMPENSATION,1353.33,1353.33,Robert E. Latta,R,OH,5,119,2026Q1,true
L000599,2026 HON. MICHAEL LAWLER,OFFICIAL EXPENSES OF MEMBERS,FRANKED MAIL,6083.38,6083.38,Michael Lawler,R,NY,17,119,2026Q1,true
L000599,2026 HON. MICHAEL LAWLER,OFFICIAL EXPENSES OF MEMBERS,PERSONNEL COMPENSATION,332777.72,332777.72,Michael Lawler,R,NY,17,119,2026Q1,true
L000599,2026 HON. MICHAEL LAWLER,OFFICIAL EXPENSES OF MEMBERS,TRAVEL,8400.78,8400.78,Michael Lawler,R,NY,17,119,2026Q1,true
L000599,2026 HON. MICHAEL LAWLER,OFFICIAL EXPENSES OF MEMBERS,RENT COMMUNICATION UTILITIES,10252.81,10252.81,Michael Lawler,R,NY,17,119,2026Q1,true
L000599,2026 HON. MICHAEL LAWLER,OFFICIAL EXPENSES OF MEMBERS,PRINTING AND REPRODUCTION,5942.9,5942.9,Michael Lawler,R,NY,17,119,2026Q1,true
L000599,2026 HON. MICHAEL LAWLER,OFFICIAL EXPENSES OF MEMBERS,OTHER SERVICES,7599.53,7599.53,Michael Lawler,R,NY,17,119,2026Q1,true
L000599,2026 HON. MICHAEL LAWLER,OFFICIAL EXPENSES OF MEMBERS,SUPPLIES AND MATERIALS,3325.86,3325.86,Michael Lawler,R,NY,17,119,2026Q1,true
L000599,2026 HON. MICHAEL LAWLER,OFFICIAL EXPENSES OF MEMBERS,EQUIPMENT,559.5,559.5,Michael Lawler,R,NY,17,119,2026Q1,true
L000597,2026 HON. LAUREL M. LEE,OFFICIAL EXPENSES OF MEMBERS,FRANKED MAIL,4.23,4.23,Laurel M. Lee,R,FL,15,119,2026Q1,true
L000597,2026 HON. LAUREL M. LEE,OFFICIAL EXPENSES OF MEMBERS,PERSONNEL COMPENSATION,264357.73,264357.73,Laurel M. Lee,R,FL,15,119,2026Q1,true
L000597,2026 HON. LAUREL M. LEE,OFFICIAL EXPENSES OF MEMBERS,TRAVEL,12522.28,12522.28,Laurel M. Lee,R,FL,15,119,2026Q1,true
L000597,2026 HON. LAUREL M. LEE,OFFICIAL EXPENSES OF MEMBERS,RENT COMMUNICATION UTILITIES,14067.46,14067.46,Laurel M. Lee,R,FL,15,119,2026Q1,true
L000597,2026 HON. LAUREL M. LEE,OFFICIAL EXPENSES OF MEMBERS,PRINTING AND REPRODUCTION,554.5,554.5,Laurel M. Lee,R,FL,15,119,2026Q1,true
L000597,2026 HON. LAUREL M. LEE,OFFICIAL EXPENSES OF MEMBERS,OTHER SERVICES,9537.73,9537.73,Laurel M. Lee,R,FL,15,119,2026Q1,true
L000597,2026 HON. LAUREL M. LEE,OFFICIAL EXPENSES OF MEMBERS,SUPPLIES AND MATERIALS,13143.38,13143.38,Laurel M. Lee,R,FL,15,119,2026Q1,true
L000597,2026 HON. LAUREL M. LEE,OFFICIAL EXPENSES OF MEMBERS,EQUIPMENT,729,729,Laurel M. Lee,R,FL,15,119,2026Q1,true
L000597,2026 HON. LAUREL M. LEE,INTERN ALLOWANCES,PERSONNEL COMPENSATION,4300,4300,Laurel M. Lee,R,FL,15,119,2026Q1,true
L000602,2026 HON. SUMMER L. LEE,OFFICIAL EXPENSES OF MEMBERS,FRANKED MAIL,-34.05,-34.05,Summer L. Lee,D,PA,12,119,2026Q1,true
L000602,2026 HON. SUMMER L. LEE,OFFICIAL EXPENSES OF MEMBERS,PERSONNEL COMPENSATION,344744.44,344744.44,Summer L. Lee,D,PA,12,119,2026Q1,true
L000602,2026 HON. SUMMER L. LEE,OFFICIAL EXPENSES OF MEMBERS,TRAVEL,13354.96,13354.96,Summer L. Lee,D,PA,12,119,2026Q1,true
L000602,2026 HON. SUMMER L. LEE,OFFICIAL EXPENSES OF MEMBERS,RENT COMMUNICATION UTILITIES,16713.83,16713.83,Summer L. Lee,D,PA,12,119,2026Q1,true
L000602,2026 HON. SUMMER L. LEE,OFFICIAL EXPENSES OF MEMBERS,PRINTING AND REPRODUCTION,2191.6,2191.6,Summer L. Lee,D,PA,12,119,2026Q1,true
L000602,2026 HON. SUMMER L. LEE,OFFICIAL EXPENSES OF MEMBERS,OTHER SERVICES,11145,11145,Summer L. Lee,D,PA,12,119,2026Q1,true
L000602,2026 HON. SUMMER L. LEE,OFFICIAL EXPENSES OF MEMBERS,SUPPLIES AND MATERIALS,3718.73,3718.73,Summer L. Lee,D,PA,12,119,2026Q1,true
L000602,2026 HON. SUMMER L. LEE,OFFICIAL EXPENSES OF MEMBERS,EQUIPMENT,588,588,Summer L. Lee,D,PA,12,119,2026Q1,true
L000602,2026 HON. SUMMER L. LEE,INTERN ALLOWANCES,PERSONNEL COMPENSATION,4125.34,4125.34,Summer L. Lee,D,PA,12,119,2026Q1,true
L000590,2026 HON. SUSIE LEE,OFFICIAL EXPENSES OF MEMBERS,FRANKED MAIL,279.4,279.4,Susie Lee,D,NV,3,119,2026Q1,true
L000590,2026 HON. SUSIE LEE,OFFICIAL EXPENSES OF MEMBERS,PERSONNEL COMPENSATION,318157.23,318157.23,Susie Lee,D,NV,3,119,2026Q1,true
L000590,2026 HON. SUSIE LEE,OFFICIAL EXPENSES OF MEMBERS,TRAVEL,16127.63,16127.63,Susie Lee,D,NV,3,119,2026Q1,true
L000590,2026 HON. SUSIE LEE,OFFICIAL EXPENSES OF MEMBERS,RENT COMMUNICATION UTILITIES,10149.7,10149.7,Susie Lee,D,NV,3,119,2026Q1,true
L000590,2026 HON. SUSIE LEE,OFFICIAL EXPENSES OF MEMBERS,PRINTING AND REPRODUCTION,343.18,343.18,Susie Lee,D,NV,3,119,2026Q1,true
L000590,2026 HON. SUSIE LEE,OFFICIAL EXPENSES OF MEMBERS,OTHER SERVICES,2996.5,2996.5,Susie Lee,D,NV,3,119,2026Q1,true
L000590,2026 HON. SUSIE LEE,OFFICIAL EXPENSES OF MEMBERS,SUPPLIES AND MATERIALS,1764.28,1764.28,Susie Lee,D,NV,3,119,2026Q1,true
L000590,2026 HON. SUSIE LEE,OFFICIAL EXPENSES OF MEMBERS,EQUIPMENT,1261.59,1261.59,Susie Lee,D,NV,3,119,2026Q1,true
L000590,2026 HON. SUSIE LEE,INTERN ALLOWANCES,PERSONNEL COMPENSATION,9660,9660,Susie Lee,D,NV,3,119,2026Q1,true
L000273,2026 HON. TERESA LEGER FERNANDEZ,OFFICIAL EXPENSES OF MEMBERS,PERSONNEL COMPENSATION,341782.23,341782.23,Teresa Leger Fernandez,D,NM,3,119,2026Q1,true
L000273,2026 HON. TERESA LEGER FERNANDEZ,OFFICIAL EXPENSES OF MEMBERS,TRAVEL,8619.18,8619.18,Teresa Leger Fernandez,D,NM,3,119,2026Q1,true
L000273,2026 HON. TERESA LEGER FERNANDEZ,OFFICIAL EXPENSES OF MEMBERS,RENT COMMUNICATION UTILITIES,9588.53,9588.53,Teresa Leger Fernandez,D,NM,3,119,2026Q1,true
L000273,2026 HON. TERESA LEGER FERNANDEZ,OFFICIAL EXPENSES OF MEMBERS,PRINTING AND REPRODUCTION,512.16,512.16,Teresa Leger Fernandez,D,NM,3,119,2026Q1,true
L000273,2026 HON. TERESA LEGER FERNANDEZ,OFFICIAL EXPENSES OF MEMBERS,OTHER SERVICES,15216.91,15216.91,Teresa Leger Fernandez,D,NM,3,119,2026Q1,true
L000273,2026 HON. TERESA LEGER FERNANDEZ,OFFICIAL EXPENSES OF MEMBERS,SUPPLIES AND MATERIALS,3395.18,3395.18,Teresa Leger Fernandez,D,NM,3,119,2026Q1,true
L000273,2026 HON. TERESA LEGER FERNANDEZ,OFFICIAL EXPENSES OF MEMBERS,EQUIPMENT,1296,1296,Teresa Leger Fernandez,D,NM,3,119,2026Q1,true
L000273,2026 HON. TERESA LEGER FERNANDEZ,INTERN ALLOWANCES,PERSONNEL COMPENSATION,11450,11450,Teresa Leger Fernandez,D,NM,3,119,2026Q1,true
L000595,2026 HON. JULIA LETLOW,OFFICIAL EXPENSES OF MEMBERS,FRANKED MAIL,-21.09,-21.09,Julia Letlow,R,LA,5,119,2026Q1,true
L000595,2026 HON. JULIA LETLOW,OFFICIAL EXPENSES OF MEMBERS,PERSONNEL COMPENSATION,308444.84,308444.84,Julia Letlow,R,LA,5,119,2026Q1,true
L000595,2026 HON. JULIA LETLOW,OFFICIAL EXPENSES OF MEMBERS,TRAVEL,22293,22293,Julia Letlow,R,LA,5,119,2026Q1,true
L000595,2026 HON. JULIA LETLOW,OFFICIAL EXPENSES OF MEMBERS,RENT COMMUNICATION UTILITIES,9634.69,9634.69,Julia Letlow,R,LA,5,119,2026Q1,true
L000595,2026 HON. JULIA LETLOW,OFFICIAL EXPENSES OF MEMBERS,PRINTING AND REPRODUCTION,91893.35,91893.35,Julia Letlow,R,LA,5,119,2026Q1,true
L000595,2026 HON. JULIA LETLOW,OFFICIAL EXPENSES OF MEMBERS,OTHER SERVICES,18934.86,18934.86,Julia Letlow,R,LA,5,119,2026Q1,true
L000595,2026 HON. JULIA LETLOW,OFFICIAL EXPENSES OF MEMBERS,SUPPLIES AND MATERIALS,3240.94,3240.94,Julia Letlow,R,LA,5,119,2026Q1,true
L000595,2026 HON. JULIA LETLOW,OFFICIAL EXPENSES OF MEMBERS,EQUIPMENT,345,345,Julia Letlow,R,LA,5,119,2026Q1,true
L000595,2026 HON. JULIA LETLOW,INTERN ALLOWANCES,PERSONNEL COMPENSATION,3863.66,3863.66,Julia Letlow,R,LA,5,119,2026Q1,true
L000593,2026 HON. MIKE LEVIN,OFFICIAL EXPENSES OF MEMBERS,FRANKED MAIL,7.61,7.61,Mike Levin,D,CA,49,119,2026Q1,true
L000593,2026 HON. MIKE LEVIN,OFFICIAL EXPENSES OF MEMBERS,PERSONNEL COMPENSATION,355666.64,355666.64,Mike Levin,D,CA,49,119,2026Q1,true
L000593,2026 HON. MIKE LEVIN,OFFICIAL EXPENSES OF MEMBERS,TRAVEL,16267.86,16267.86,Mike Levin,D,CA,49,119,2026Q1,true
L000593,2026 HON. MIKE LEVIN,OFFICIAL EXPENSES OF MEMBERS,RENT COMMUNICATION UTILITIES,30350.14,30350.14,Mike Levin,D,CA,49,119,2026Q1,true
L000593,2026 HON. MIKE LEVIN,OFFICIAL EXPENSES OF MEMBERS,PRINTING AND REPRODUCTION,2743.76,2743.76,Mike Levin,D,CA,49,119,2026Q1,true
L000593,2026 HON. MIKE LEVIN,OFFICIAL EXPENSES OF MEMBERS,OTHER SERVICES,11769,11769,Mike Levin,D,CA,49,119,2026Q1,true
L000593,2026 HON. MIKE LEVIN,OFFICIAL EXPENSES OF MEMBERS,SUPPLIES AND MATERIALS,9094.76,9094.76,Mike Levin,D,CA,49,119,2026Q1,true
L000593,2026 HON. MIKE LEVIN,OFFICIAL EXPENSES OF MEMBERS,EQUIPMENT,1332.13,1332.13,Mike Levin,D,CA,49,119,2026Q1,true
L000593,2026 HON. MIKE LEVIN,INTERN ALLOWANCES,PERSONNEL COMPENSATION,16320,16320,Mike Levin,D,CA,49,119,2026Q1,true
L000607,2026 HON. SAM T. LICCARDO,OFFICIAL EXPENSES OF MEMBERS,FRANKED MAIL,32.15,32.15,Sam T. Liccardo,D,CA,16,119,2026Q1,true
L000607,2026 HON. SAM T. LICCARDO,OFFICIAL EXPENSES OF MEMBERS,PERSONNEL COMPENSATION,352893.87,352893.87,Sam T. Liccardo,D,CA,16,119,2026Q1,true
L000607,2026 HON. SAM T. LICCARDO,OFFICIAL EXPENSES OF MEMBERS,TRAVEL,8618.07,8618.07,Sam T. Liccardo,D,CA,16,119,2026Q1,true
L000607,2026 HON. SAM T. LICCARDO,OFFICIAL EXPENSES OF MEMBERS,RENT COMMUNICATION UTILITIES,16740.15,16740.15,Sam T. Liccardo,D,CA,16,119,2026Q1,true
L000607,2026 HON. SAM T. LICCARDO,OFFICIAL EXPENSES OF MEMBERS,PRINTING AND REPRODUCTION,969.66,969.66,Sam T. Liccardo,D,CA,16,119,2026Q1,true
L000607,2026 HON. SAM T. LICCARDO,OFFICIAL EXPENSES OF MEMBERS,SUPPLIES AND MATERIALS,3020.29,3020.29,Sam T. Liccardo,D,CA,16,119,2026Q1,true
L000607,2026 HON. SAM T. LICCARDO,OFFICIAL EXPENSES OF MEMBERS,EQUIPMENT,1235.4,1235.4,Sam T. Liccardo,D,CA,16,119,2026Q1,true
L000607,2026 HON. SAM T. LICCARDO,INTERN ALLOWANCES,PERSONNEL COMPENSATION,12375,12375,Sam T. Liccardo,D,CA,16,119,2026Q1,true
L000582,2026 HON. TED LIEU,OFFICIAL EXPENSES OF MEMBERS,FRANKED MAIL,-56.22,-56.22,Ted Lieu,D,CA,33,119,2026Q1,true
L000582,2026 HON. TED LIEU,OFFICIAL EXPENSES OF MEMBERS,PERSONNEL COMPENSATION,399350,399350,Ted Lieu,D,CA,33,119,2026Q1,true
L000582,2026 HON. TED LIEU,OFFICIAL EXPENSES OF MEMBERS,TRAVEL,7297.17,7297.17,Ted Lieu,D,CA,33,119,2026Q1,true
L000582,2026 HON. TED LIEU,OFFICIAL EXPENSES OF MEMBERS,RENT COMMUNICATION UTILITIES,9740.69,9740.69,Ted Lieu,D,CA,33,119,2026Q1,true
L000582,2026 HON. TED LIEU,OFFICIAL EXPENSES OF MEMBERS,PRINTING AND REPRODUCTION,193,193,Ted Lieu,D,CA,33,119,2026Q1,true
L000582,2026 HON. TED LIEU,OFFICIAL EXPENSES OF MEMBERS,OTHER SERVICES,8045.02,8045.02,Ted Lieu,D,CA,33,119,2026Q1,true
L000582,2026 HON. TED LIEU,OFFICIAL EXPENSES OF MEMBERS,SUPPLIES AND MATERIALS,4512.5,4512.5,Ted Lieu,D,CA,33,119,2026Q1,true
L000582,2026 HON. TED LIEU,OFFICIAL EXPENSES OF MEMBERS,EQUIPMENT,861,861,Ted Lieu,D,CA,33,119,2026Q1,true
L000582,2026 HON. TED LIEU,INTERN ALLOWANCES,PERSONNEL COMPENSATION,9846.67,9846.67,Ted Lieu,D,CA,33,119,2026Q1,true
L000397,2026 HON. ZOE LOFGREN,OFFICIAL EXPENSES OF MEMBERS,FRANKED MAIL,179.4,179.4,Zoe Lofgren,D,CA,19,119,2026Q1,true
L000397,2026 HON. ZOE LOFGREN,OFFICIAL EXPENSES OF MEMBERS,PERSONNEL COMPENSATION,317917.09,317917.09,Zoe Lofgren,D,CA,19,119,2026Q1,true
L000397,2026 HON. ZOE LOFGREN,OFFICIAL EXPENSES OF MEMBERS,TRAVEL,16227.71,16227.71,Zoe Lofgren,D,CA,19,119,2026Q1,true
L000397,2026 HON. ZOE LOFGREN,OFFICIAL EXPENSES OF MEMBERS,RENT COMMUNICATION UTILITIES,19320.86,19320.86,Zoe Lofgren,D,CA,19,119,2026Q1,true
L000397,2026 HON. ZOE LOFGREN,OFFICIAL EXPENSES OF MEMBERS,OTHER SERVICES,14880.52,14880.52,Zoe Lofgren,D,CA,19,119,2026Q1,true
L000397,2026 HON. ZOE LOFGREN,OFFICIAL EXPENSES OF MEMBERS,SUPPLIES AND MATERIALS,2744.83,2744.83,Zoe Lofgren,D,CA,19,119,2026Q1,true
L000397,2026 HON. ZOE LOFGREN,OFFICIAL EXPENSES OF MEMBERS,EQUIPMENT,1002,1002,Zoe Lofgren,D,CA,19,119,2026Q1,true
L000397,2026 HON. ZOE LOFGREN,INTERN ALLOWANCES,PERSONNEL COMPENSATION,6660.01,6660.01,Zoe Lofgren,D,CA,19,119,2026Q1,true
L000583,2026 HON. BARRY LOUDERMILK,OFFICIAL EXPENSES OF MEMBERS,FRANKED MAIL,-10.64,-10.64,Barry Loudermilk,R,GA,11,119,2026Q1,true
L000583,2026 HON. BARRY LOUDERMILK,OFFICIAL EXPENSES OF MEMBERS,PERSONNEL COMPENSATION,316510.29,316510.29,Barry Loudermilk,R,GA,11,119,2026Q1,true
L000583,2026 HON. BARRY LOUDERMILK,OFFICIAL EXPENSES OF MEMBERS,TRAVEL,27838.63,27838.63,Barry Loudermilk,R,GA,11,119,2026Q1,true
L000583,2026 HON. BARRY LOUDERMILK,OFFICIAL EXPENSES OF MEMBERS,RENT COMMUNICATION UTILITIES,5911.79,5911.79,Barry Loudermilk,R,GA,11,119,2026Q1,true
L000583,2026 HON. BARRY LOUDERMILK,OFFICIAL EXPENSES OF MEMBERS,PRINTING AND REPRODUCTION,115.5,115.5,Barry Loudermilk,R,GA,11,119,2026Q1,true
L000583,2026 HON. BARRY LOUDERMILK,OFFICIAL EXPENSES OF MEMBERS,OTHER SERVICES,7314.47,7314.47,Barry Loudermilk,R,GA,11,119,2026Q1,true
L000583,2026 HON. BARRY LOUDERMILK,OFFICIAL EXPENSES OF MEMBERS,SUPPLIES AND MATERIALS,2616.93,2616.93,Barry Loudermilk,R,GA,11,119,2026Q1,true
L000583,2026 HON. BARRY LOUDERMILK,OFFICIAL EXPENSES OF MEMBERS,EQUIPMENT,1200,1200,Barry Loudermilk,R,GA,11,119,2026Q1,true
L000583,2026 HON. BARRY LOUDERMILK,INTERN ALLOWANCES,PERSONNEL COMPENSATION,2919.83,2919.83,Barry Loudermilk,R,GA,11,119,2026Q1,true
L000491,2026 HON. FRANK D. LUCAS,OFFICIAL EXPENSES OF MEMBERS,FRANKED MAIL,1306.44,1306.44,Frank D. Lucas,R,OK,3,119,2026Q1,true
L000491,2026 HON. FRANK D. LUCAS,OFFICIAL EXPENSES OF MEMBERS,PERSONNEL COMPENSATION,302346.61,302346.61,Frank D. Lucas,R,OK,3,119,2026Q1,true
L000491,2026 HON. FRANK D. LUCAS,OFFICIAL EXPENSES OF MEMBERS,TRAVEL,21462.63,21462.63,Frank D. Lucas,R,OK,3,119,2026Q1,true
L000491,2026 HON. FRANK D. LUCAS,OFFICIAL EXPENSES OF MEMBERS,RENT COMMUNICATION UTILITIES,4167.6,4167.6,Frank D. Lucas,R,OK,3,119,2026Q1,true
L000491,2026 HON. FRANK D. LUCAS,OFFICIAL EXPENSES OF MEMBERS,PRINTING AND REPRODUCTION,944.9,944.9,Frank D. Lucas,R,OK,3,119,2026Q1,true
L000491,2026 HON. FRANK D. LUCAS,OFFICIAL EXPENSES OF MEMBERS,OTHER SERVICES,6900,6900,Frank D. Lucas,R,OK,3,119,2026Q1,true
L000491,2026 HON. FRANK D. LUCAS,OFFICIAL EXPENSES OF MEMBERS,SUPPLIES AND MATERIALS,2559.83,2559.83,Frank D. Lucas,R,OK,3,119,2026Q1,true
L000491,2026 HON. FRANK D. LUCAS,OFFICIAL EXPENSES OF MEMBERS,EQUIPMENT,668.07,668.07,Frank D. Lucas,R,OK,3,119,2026Q1,true
L000491,2026 HON. FRANK D. LUCAS,INTERN ALLOWANCES,PERSONNEL COMPENSATION,4260,4260,Frank D. Lucas,R,OK,3,119,2026Q1,true
L000596,2026 HON. ANNA PAULINA LUNA,OFFICIAL EXPENSES OF MEMBERS,FRANKED MAIL,51068.47,51068.47,Anna Paulina Luna,R,FL,13,119,2026Q1,true
L000596,2026 HON. ANNA PAULINA LUNA,OFFICIAL EXPENSES OF MEMBERS,PERSONNEL COMPENSATION,278417.75,278417.75,Anna Paulina Luna,R,FL,13,119,2026Q1,true
L000596,2026 HON. ANNA PAULINA LUNA,OFFICIAL EXPENSES OF MEMBERS,TRAVEL,24912.72,24912.72,Anna Paulina Luna,R,FL,13,119,2026Q1,true
L000596,2026 HON. ANNA PAULINA LUNA,OFFICIAL EXPENSES OF MEMBERS,RENT COMMUNICATION UTILITIES,3379.79,3379.79,Anna Paulina Luna,R,FL,13,119,2026Q1,true
L000596,2026 HON. ANNA PAULINA LUNA,OFFICIAL EXPENSES OF MEMBERS,PRINTING AND REPRODUCTION,1862.43,1862.43,Anna Paulina Luna,R,FL,13,119,2026Q1,true
L000596,2026 HON. ANNA PAULINA LUNA,OFFICIAL EXPENSES OF MEMBERS,OTHER SERVICES,2110.97,2110.97,Anna Paulina Luna,R,FL,13,119,2026Q1,true
L000596,2026 HON. ANNA PAULINA LUNA,OFFICIAL EXPENSES OF MEMBERS,SUPPLIES AND MATERIALS,3451.38,3451.38,Anna Paulina Luna,R,FL,13,119,2026Q1,true
L000596,2026 HON. ANNA PAULINA LUNA,OFFICIAL EXPENSES OF MEMBERS,EQUIPMENT,1513,1513,Anna Paulina Luna,R,FL,13,119,2026Q1,true
L000596,2026 HON. ANNA PAULINA LUNA,INTERN ALLOWANCES,PERSONNEL COMPENSATION,8962.66,8962.66,Anna Paulina Luna,R,FL,13,119,2026Q1,true
L000603,2026 HON. MORGAN LUTTRELL,OFFICIAL EXPENSES OF MEMBERS,FRANKED MAIL,-83.43,-83.43,Morgan Luttrell,R,TX,8,119,2026Q1,true
L000603,2026 HON. MORGAN LUTTRELL,OFFICIAL EXPENSES OF MEMBERS,PERSONNEL COMPENSATION,366543.35,366543.35,Morgan Luttrell,R,TX,8,119,2026Q1,true
L000603,2026 HON. MORGAN LUTTRELL,OFFICIAL EXPENSES OF MEMBERS,TRAVEL,10671.44,10671.44,Morgan Luttrell,R,TX,8,119,2026Q1,true
L000603,2026 HON. MORGAN LUTTRELL,OFFICIAL EXPENSES OF MEMBERS,RENT COMMUNICATION UTILITIES,3197.65,3197.65,Morgan Luttrell,R,TX,8,119,2026Q1,true
L000603,2026 HON. MORGAN LUTTRELL,OFFICIAL EXPENSES OF MEMBERS,PRINTING AND REPRODUCTION,113.3,113.3,Morgan Luttrell,R,TX,8,119,2026Q1,true
L000603,2026 HON. MORGAN LUTTRELL,OFFICIAL EXPENSES OF MEMBERS,OTHER SERVICES,625.56,625.56,Morgan Luttrell,R,TX,8,119,2026Q1,true
L000603,2026 HON. MORGAN LUTTRELL,OFFICIAL EXPENSES OF MEMBERS,SUPPLIES AND MATERIALS,1105.17,1105.17,Morgan Luttrell,R,TX,8,119,2026Q1,true
L000603,2026 HON. MORGAN LUTTRELL,OFFICIAL EXPENSES OF MEMBERS,EQUIPMENT,2910,2910,Morgan Luttrell,R,TX,8,119,2026Q1,true
L000603,2026 HON. MORGAN LUTTRELL,INTERN ALLOWANCES,PERSONNEL COMPENSATION,9400.01,9400.01,Morgan Luttrell,R,TX,8,119,2026Q1,true
L000562,2026 HON. STEPHEN F. LYNCH,OFFICIAL EXPENSES OF MEMBERS,FRANKED MAIL,-108.5,-108.5,Stephen F. Lynch,D,MA,8,119,2026Q1,true
L000562,2026 HON. STEPHEN F. LYNCH,OFFICIAL EXPENSES OF MEMBERS,PERSONNEL COMPENSATION,369456.3,369456.3,Stephen F. Lynch,D,MA,8,119,2026Q1,true
L000562,2026 HON. STEPHEN F. LYNCH,OFFICIAL EXPENSES OF MEMBERS,TRAVEL,2858.48,2858.48,Stephen F. Lynch,D,MA,8,119,2026Q1,true
L000562,2026 HON. STEPHEN F. LYNCH,OFFICIAL EXPENSES OF MEMBERS,RENT COMMUNICATION UTILITIES,23356.54,23356.54,Stephen F. Lynch,D,MA,8,119,2026Q1,true
L000562,2026 HON. STEPHEN F. LYNCH,OFFICIAL EXPENSES OF MEMBERS,PRINTING AND REPRODUCTION,99,99,Stephen F. Lynch,D,MA,8,119,2026Q1,true
L000562,2026 HON. STEPHEN F. LYNCH,OFFICIAL EXPENSES OF MEMBERS,OTHER SERVICES,1.05,1.05,Stephen F. Lynch,D,MA,8,119,2026Q1,true
L000562,2026 HON. STEPHEN F. LYNCH,OFFICIAL EXPENSES OF MEMBERS,SUPPLIES AND MATERIALS,1913.39,1913.39,Stephen F. Lynch,D,MA,8,119,2026Q1,true
L000562,2026 HON. STEPHEN F. LYNCH,INTERN ALLOWANCES,PERSONNEL COMPENSATION,11409.66,11409.66,Stephen F. Lynch,D,MA,8,119,2026Q1,true
M000194,2026 HON. NANCY MACE,OFFICIAL EXPENSES OF MEMBERS,FRANKED MAIL,273.26,273.26,Nancy Mace,R,SC,1,119,2026Q1,true
M000194,2026 HON. NANCY MACE,OFFICIAL EXPENSES OF MEMBERS,PERSONNEL COMPENSATION,275343.06,275343.06,Nancy Mace,R,SC,1,119,2026Q1,true
M000194,2026 HON. NANCY MACE,OFFICIAL EXPENSES OF MEMBERS,TRAVEL,13825.72,13825.72,Nancy Mace,R,SC,1,119,2026Q1,true
M000194,2026 HON. NANCY MACE,OFFICIAL EXPENSES OF MEMBERS,RENT COMMUNICATION UTILITIES,34503.36,34503.36,Nancy Mace,R,SC,1,119,2026Q1,true
M000194,2026 HON. NANCY MACE,OFFICIAL EXPENSES OF MEMBERS,OTHER SERVICES,11050,11050,Nancy Mace,R,SC,1,119,2026Q1,true
M000194,2026 HON. NANCY MACE,OFFICIAL EXPENSES OF MEMBERS,SUPPLIES AND MATERIALS,863.63,863.63,Nancy Mace,R,SC,1,119,2026Q1,true
M000194,2026 HON. NANCY MACE,OFFICIAL EXPENSES OF MEMBERS,EQUIPMENT,966,966,Nancy Mace,R,SC,1,119,2026Q1,true
M000194,2026 HON. NANCY MACE,INTERN ALLOWANCES,PERSONNEL COMPENSATION,9825.01,9825.01,Nancy Mace,R,SC,1,119,2026Q1,true
M001230,2026 HON. RYAN MACKENZIE,OFFICIAL EXPENSES OF MEMBERS,FRANKED MAIL,-39.71,-39.71,Ryan Mackenzie,R,PA,7,119,2026Q1,true
M001230,2026 HON. RYAN MACKENZIE,OFFICIAL EXPENSES OF MEMBERS,PERSONNEL COMPENSATION,346646.73,346646.73,Ryan Mackenzie,R,PA,7,119,2026Q1,true
M001230,2026 HON. RYAN MACKENZIE,OFFICIAL EXPENSES OF MEMBERS,TRAVEL,14047.95,14047.95,Ryan Mackenzie,R,PA,7,119,2026Q1,true
M001230,2026 HON. RYAN MACKENZIE,OFFICIAL EXPENSES OF MEMBERS,RENT COMMUNICATION UTILITIES,15858.47,15858.47,Ryan Mackenzie,R,PA,7,119,2026Q1,true
M001230,2026 HON. RYAN MACKENZIE,OFFICIAL EXPENSES OF MEMBERS,PRINTING AND REPRODUCTION,24411.23,24411.23,Ryan Mackenzie,R,PA,7,119,2026Q1,true
M001230,2026 HON. RYAN MACKENZIE,OFFICIAL EXPENSES OF MEMBERS,OTHER SERVICES,1039.05,1039.05,Ryan Mackenzie,R,PA,7,119,2026Q1,true
M001230,2026 HON. RYAN MACKENZIE,OFFICIAL EXPENSES OF MEMBERS,SUPPLIES AND MATERIALS,5586.76,5586.76,Ryan Mackenzie,R,PA,7,119,2026Q1,true
M001230,2026 HON. RYAN MACKENZIE,OFFICIAL EXPENSES OF MEMBERS,EQUIPMENT,4549.44,4549.44,Ryan Mackenzie,R,PA,7,119,2026Q1,true
M001230,2026 HON. RYAN MACKENZIE,INTERN ALLOWANCES,PERSONNEL COMPENSATION,11216.66,11216.66,Ryan Mackenzie,R,PA,7,119,2026Q1,true
M001223,2026 HON. SETH MAGAZINER,OFFICIAL EXPENSES OF MEMBERS,FRANKED MAIL,51.65,51.65,Seth Magaziner,D,RI,2,119,2026Q1,true
M001223,2026 HON. SETH MAGAZINER,OFFICIAL EXPENSES OF MEMBERS,PERSONNEL COMPENSATION,329578.05,329578.05,Seth Magaziner,D,RI,2,119,2026Q1,true
M001223,2026 HON. SETH MAGAZINER,OFFICIAL EXPENSES OF MEMBERS,TRAVEL,8085.83,8085.83,Seth Magaziner,D,RI,2,119,2026Q1,true
M001223,2026 HON. SETH MAGAZINER,OFFICIAL EXPENSES OF MEMBERS,RENT COMMUNICATION UTILITIES,14212.72,14212.72,Seth Magaziner,D,RI,2,119,2026Q1,true
M001223,2026 HON. SETH MAGAZINER,OFFICIAL EXPENSES OF MEMBERS,PRINTING AND REPRODUCTION,1313.5,1313.5,Seth Magaziner,D,RI,2,119,2026Q1,true
M001223,2026 HON. SETH MAGAZINER,OFFICIAL EXPENSES OF MEMBERS,OTHER SERVICES,886.39,886.39,Seth Magaziner,D,RI,2,119,2026Q1,true
M001223,2026 HON. SETH MAGAZINER,OFFICIAL EXPENSES OF MEMBERS,SUPPLIES AND MATERIALS,4030.39,4030.39,Seth Magaziner,D,RI,2,119,2026Q1,true
M001223,2026 HON. SETH MAGAZINER,OFFICIAL EXPENSES OF MEMBERS,EQUIPMENT,663,663,Seth Magaziner,D,RI,2,119,2026Q1,true
M001223,2026 HON. SETH MAGAZINER,INTERN ALLOWANCES,PERSONNEL COMPENSATION,9901.49,9901.49,Seth Magaziner,D,RI,2,119,2026Q1,true
M000317,2026 HON. NICOLE MALLIOTAKIS,OFFICIAL EXPENSES OF MEMBERS,FRANKED MAIL,308.37,308.37,Nicole Malliotakis,R,NY,11,119,2026Q1,true
M000317,2026 HON. NICOLE MALLIOTAKIS,OFFICIAL EXPENSES OF MEMBERS,PERSONNEL COMPENSATION,293217.79,293217.79,Nicole Malliotakis,R,NY,11,119,2026Q1,true
M000317,2026 HON. NICOLE MALLIOTAKIS,OFFICIAL EXPENSES OF MEMBERS,TRAVEL,8401.81,8401.81,Nicole Malliotakis,R,NY,11,119,2026Q1,true
M000317,2026 HON. NICOLE MALLIOTAKIS,OFFICIAL EXPENSES OF MEMBERS,RENT COMMUNICATION UTILITIES,4517.52,4517.52,Nicole Malliotakis,R,NY,11,119,2026Q1,true
M000317,2026 HON. NICOLE MALLIOTAKIS,OFFICIAL EXPENSES OF MEMBERS,PRINTING AND REPRODUCTION,27961.8,27961.8,Nicole Malliotakis,R,NY,11,119,2026Q1,true
M000317,2026 HON. NICOLE MALLIOTAKIS,OFFICIAL EXPENSES OF MEMBERS,OTHER SERVICES,4937.28,4937.28,Nicole Malliotakis,R,NY,11,119,2026Q1,true
M000317,2026 HON. NICOLE MALLIOTAKIS,OFFICIAL EXPENSES OF MEMBERS,SUPPLIES AND MATERIALS,4098.42,4098.42,Nicole Malliotakis,R,NY,11,119,2026Q1,true
M000317,2026 HON. NICOLE MALLIOTAKIS,OFFICIAL EXPENSES OF MEMBERS,EQUIPMENT,1152,1152,Nicole Malliotakis,R,NY,11,119,2026Q1,true
M000317,2026 HON. NICOLE MALLIOTAKIS,INTERN ALLOWANCES,PERSONNEL COMPENSATION,12281.67,12281.67,Nicole Malliotakis,R,NY,11,119,2026Q1,true
M001228,2026 HON. CELESTE MALOY,OFFICIAL EXPENSES OF MEMBERS,FRANKED MAIL,-152.35,-152.35,Celeste Maloy,R,UT,2,119,2026Q1,true
M001228,2026 HON. CELESTE MALOY,OFFICIAL EXPENSES OF MEMBERS,PERSONNEL COMPENSATION,270911.14,270911.14,Celeste Maloy,R,UT,2,119,2026Q1,true
M001228,2026 HON. CELESTE MALOY,OFFICIAL EXPENSES OF MEMBERS,TRAVEL,21252.23,21252.23,Celeste Maloy,R,UT,2,119,2026Q1,true
M001228,2026 HON. CELESTE MALOY,OFFICIAL EXPENSES OF MEMBERS,RENT COMMUNICATION UTILITIES,9980.75,9980.75,Celeste Maloy,R,UT,2,119,2026Q1,true
M001228,2026 HON. CELESTE MALOY,OFFICIAL EXPENSES OF MEMBERS,PRINTING AND REPRODUCTION,779.88,779.88,Celeste Maloy,R,UT,2,119,2026Q1,true
M001228,2026 HON. CELESTE MALOY,OFFICIAL EXPENSES OF MEMBERS,OTHER SERVICES,14848.32,14848.32,Celeste Maloy,R,UT,2,119,2026Q1,true
M001228,2026 HON. CELESTE MALOY,OFFICIAL EXPENSES OF MEMBERS,SUPPLIES AND MATERIALS,3743.87,3743.87,Celeste Maloy,R,UT,2,119,2026Q1,true
M001228,2026 HON. CELESTE MALOY,OFFICIAL EXPENSES OF MEMBERS,EQUIPMENT,171,171,Celeste Maloy,R,UT,2,119,2026Q1,true
M001228,2026 HON. CELESTE MALOY,INTERN ALLOWANCES,PERSONNEL COMPENSATION,7440,7440,Celeste Maloy,R,UT,2,119,2026Q1,true
M000871,2026 HON. TRACEY MANN,OFFICIAL EXPENSES OF MEMBERS,FRANKED MAIL,-55.94,-55.94,Tracey Mann,R,KS,1,119,2026Q1,true
M000871,2026 HON. TRACEY MANN,OFFICIAL EXPENSES OF MEMBERS,PERSONNEL COMPENSATION,313844.44,313844.44,Tracey Mann,R,KS,1,119,2026Q1,true
M000871,2026 HON. TRACEY MANN,OFFICIAL EXPENSES OF MEMBERS,TRAVEL,18985.78,18985.78,Tracey Mann,R,KS,1,119,2026Q1,true
M000871,2026 HON. TRACEY MANN,OFFICIAL EXPENSES OF MEMBERS,RENT COMMUNICATION UTILITIES,4632.77,4632.77,Tracey Mann,R,KS,1,119,2026Q1,true
M000871,2026 HON. TRACEY MANN,OFFICIAL EXPENSES OF MEMBERS,PRINTING AND REPRODUCTION,1013.9,1013.9,Tracey Mann,R,KS,1,119,2026Q1,true
M000871,2026 HON. TRACEY MANN,OFFICIAL EXPENSES OF MEMBERS,OTHER SERVICES,860,860,Tracey Mann,R,KS,1,119,2026Q1,true
M000871,2026 HON. TRACEY MANN,OFFICIAL EXPENSES OF MEMBERS,SUPPLIES AND MATERIALS,5805.13,5805.13,Tracey Mann,R,KS,1,119,2026Q1,true
M000871,2026 HON. TRACEY MANN,OFFICIAL EXPENSES OF MEMBERS,EQUIPMENT,1089,1089,Tracey Mann,R,KS,1,119,2026Q1,true
M000871,2026 HON. TRACEY MANN,INTERN ALLOWANCES,PERSONNEL COMPENSATION,12292.5,12292.5,Tracey Mann,R,KS,1,119,2026Q1,true
M001231,2026 HON. JOHN W. MANNION,OFFICIAL EXPENSES OF MEMBERS,FRANKED MAIL,-32.15,-32.15,John W. Mannion,D,NY,22,119,2026Q1,true
M001231,2026 HON. JOHN W. MANNION,OFFICIAL EXPENSES OF MEMBERS,PERSONNEL COMPENSATION,288200.01,288200.01,John W. Mannion,D,NY,22,119,2026Q1,true
M001231,2026 HON. JOHN W. MANNION,OFFICIAL EXPENSES OF MEMBERS,TRAVEL,11348.7,11348.7,John W. Mannion,D,NY,22,119,2026Q1,true
M001231,2026 HON. JOHN W. MANNION,OFFICIAL EXPENSES OF MEMBERS,RENT COMMUNICATION UTILITIES,15448.44,15448.44,John W. Mannion,D,NY,22,119,2026Q1,true
M001231,2026 HON. JOHN W. MANNION,OFFICIAL EXPENSES OF MEMBERS,PRINTING AND REPRODUCTION,8653.33,8653.33,John W. Mannion,D,NY,22,119,2026Q1,true
M001231,2026 HON. JOHN W. MANNION,OFFICIAL EXPENSES OF MEMBERS,SUPPLIES AND MATERIALS,1054.4,1054.4,John W. Mannion,D,NY,22,119,2026Q1,true
M001231,2026 HON. JOHN W. MANNION,OFFICIAL EXPENSES OF MEMBERS,EQUIPMENT,798.75,798.75,John W. Mannion,D,NY,22,119,2026Q1,true
M001231,2026 HON. JOHN W. MANNION,INTERN ALLOWANCES,PERSONNEL COMPENSATION,13866.66,13866.66,John W. Mannion,D,NY,22,119,2026Q1,true
M001184,2026 HON. THOMAS MASSIE,OFFICIAL EXPENSES OF MEMBERS,FRANKED MAIL,-53.81,-53.81,Thomas Massie,R,KY,4,119,2026Q1,true
M001184,2026 HON. THOMAS MASSIE,OFFICIAL EXPENSES OF MEMBERS,PERSONNEL COMPENSATION,380567.98,380567.98,Thomas Massie,R,KY,4,119,2026Q1,true
M001184,2026 HON. THOMAS MASSIE,OFFICIAL EXPENSES OF MEMBERS,TRAVEL,19894.45,19894.45,Thomas Massie,R,KY,4,119,2026Q1,true
M001184,2026 HON. THOMAS MASSIE,OFFICIAL EXPENSES OF MEMBERS,RENT COMMUNICATION UTILITIES,2061.89,2061.89,Thomas Massie,R,KY,4,119,2026Q1,true
M001184,2026 HON. THOMAS MASSIE,OFFICIAL EXPENSES OF MEMBERS,PRINTING AND REPRODUCTION,9405.74,9405.74,Thomas Massie,R,KY,4,119,2026Q1,true
M001184,2026 HON. THOMAS MASSIE,OFFICIAL EXPENSES OF MEMBERS,OTHER SERVICES,12292.75,12292.75,Thomas Massie,R,KY,4,119,2026Q1,true
M001184,2026 HON. THOMAS MASSIE,OFFICIAL EXPENSES OF MEMBERS,SUPPLIES AND MATERIALS,2272.88,2272.88,Thomas Massie,R,KY,4,119,2026Q1,true
M001184,2026 HON. THOMAS MASSIE,OFFICIAL EXPENSES OF MEMBERS,EQUIPMENT,2874.72,2874.72,Thomas Massie,R,KY,4,119,2026Q1,true
M001184,2026 HON. THOMAS MASSIE,INTERN ALLOWANCES,PERSONNEL COMPENSATION,10620,10620,Thomas Massie,R,KY,4,119,2026Q1,true
M001199,2026 HON. BRIAN J. MAST,OFFICIAL EXPENSES OF MEMBERS,FRANKED MAIL,50.25,50.25,Brian J. Mast,R,FL,18,119,2026Q1,true
M001199,2026 HON. BRIAN J. MAST,OFFICIAL EXPENSES OF MEMBERS,PERSONNEL COMPENSATION,338833.6,338833.6,Brian J. Mast,R,FL,18,119,2026Q1,true
M001199,2026 HON. BRIAN J. MAST,OFFICIAL EXPENSES OF MEMBERS,TRAVEL,10596.73,10596.73,Brian J. Mast,R,FL,18,119,2026Q1,true
M001199,2026 HON. BRIAN J. MAST,OFFICIAL EXPENSES OF MEMBERS,RENT COMMUNICATION UTILITIES,6660.89,6660.89,Brian J. Mast,R,FL,18,119,2026Q1,true
M001199,2026 HON. BRIAN J. MAST,OFFICIAL EXPENSES OF MEMBERS,OTHER SERVICES,456.77,456.77,Brian J. Mast,R,FL,18,119,2026Q1,true
M001199,2026 HON. BRIAN J. MAST,OFFICIAL EXPENSES OF MEMBERS,SUPPLIES AND MATERIALS,4595.89,4595.89,Brian J. Mast,R,FL,18,119,2026Q1,true
M001199,2026 HON. BRIAN J. MAST,OFFICIAL EXPENSES OF MEMBERS,EQUIPMENT,915,915,Brian J. Mast,R,FL,18,119,2026Q1,true
M001199,2026 HON. BRIAN J. MAST,INTERN ALLOWANCES,PERSONNEL COMPENSATION,900,900,Brian J. Mast,R,FL,18,119,2026Q1,true
M001163,2026 HON. DORIS MATSUI,OFFICIAL EXPENSES OF MEMBERS,FRANKED MAIL,-8.49,-8.49,Doris O. Matsui,D,CA,6,119,2026Q1,true
M001163,2026 HON. DORIS MATSUI,OFFICIAL EXPENSES OF MEMBERS,PERSONNEL COMPENSATION,369439.43,369439.43,Doris O. Matsui,D,CA,6,119,2026Q1,true
M001163,2026 HON. DORIS MATSUI,OFFICIAL EXPENSES OF MEMBERS,TRAVEL,3787.56,3787.56,Doris O. Matsui,D,CA,6,119,2026Q1,true
M001163,2026 HON. DORIS MATSUI,OFFICIAL EXPENSES OF MEMBERS,RENT COMMUNICATION UTILITIES,4845.08,4845.08,Doris O. Matsui,D,CA,6,119,2026Q1,true
M001163,2026 HON. DORIS MATSUI,OFFICIAL EXPENSES OF MEMBERS,PRINTING AND REPRODUCTION,49.5,49.5,Doris O. Matsui,D,CA,6,119,2026Q1,true
M001163,2026 HON. DORIS MATSUI,OFFICIAL EXPENSES OF MEMBERS,OTHER SERVICES,8976.39,8976.39,Doris O. Matsui,D,CA,6,119,2026Q1,true
M001163,2026 HON. DORIS MATSUI,OFFICIAL EXPENSES OF MEMBERS,SUPPLIES AND MATERIALS,5399.42,5399.42,Doris O. Matsui,D,CA,6,119,2026Q1,true
M001163,2026 HON. DORIS MATSUI,OFFICIAL EXPENSES OF MEMBERS,EQUIPMENT,216,216,Doris O. Matsui,D,CA,6,119,2026Q1,true
M001163,2026 HON. DORIS MATSUI,INTERN ALLOWANCES,PERSONNEL COMPENSATION,7179.99,7179.99,Doris O. Matsui,D,CA,6,119,2026Q1,true
M001208,2026 HON. LUCY MCBATH,OFFICIAL EXPENSES OF MEMBERS,FRANKED MAIL,25.07,25.07,Lucy McBath,D,GA,6,119,2026Q1,true
M001208,2026 HON. LUCY MCBATH,OFFICIAL EXPENSES OF MEMBERS,PERSONNEL COMPENSATION,326638.92,326638.92,Lucy McBath,D,GA,6,119,2026Q1,true
M001208,2026 HON. LUCY MCBATH,OFFICIAL EXPENSES OF MEMBERS,TRAVEL,12073.2,12073.2,Lucy McBath,D,GA,6,119,2026Q1,true
M001208,2026 HON. LUCY MCBATH,OFFICIAL EXPENSES OF MEMBERS,RENT COMMUNICATION UTILITIES,6999.71,6999.71,Lucy McBath,D,GA,6,119,2026Q1,true
M001208,2026 HON. LUCY MCBATH,OFFICIAL EXPENSES OF MEMBERS,PRINTING AND REPRODUCTION,477,477,Lucy McBath,D,GA,6,119,2026Q1,true
M001208,2026 HON. LUCY MCBATH,OFFICIAL EXPENSES OF MEMBERS,OTHER SERVICES,6926.79,6926.79,Lucy McBath,D,GA,6,119,2026Q1,true
M001208,2026 HON. LUCY MCBATH,OFFICIAL EXPENSES OF MEMBERS,SUPPLIES AND MATERIALS,1189.31,1189.31,Lucy McBath,D,GA,6,119,2026Q1,true
M001208,2026 HON. LUCY MCBATH,OFFICIAL EXPENSES OF MEMBERS,EQUIPMENT,783,783,Lucy McBath,D,GA,6,119,2026Q1,true
M001208,2026 HON. LUCY MCBATH,INTERN ALLOWANCES,PERSONNEL COMPENSATION,16350,16350,Lucy McBath,D,GA,6,119,2026Q1,true
M001238,2026 HON. SARAH MCBRIDE,OFFICIAL EXPENSES OF MEMBERS,FRANKED MAIL,81.07,81.07,Sarah McBride,D,DE,0,119,2026Q1,true
M001238,2026 HON. SARAH MCBRIDE,OFFICIAL EXPENSES OF MEMBERS,PERSONNEL COMPENSATION,354219.6,354219.6,Sarah McBride,D,DE,0,119,2026Q1,true
M001238,2026 HON. SARAH MCBRIDE,OFFICIAL EXPENSES OF MEMBERS,TRAVEL,7963.53,7963.53,Sarah McBride,D,DE,0,119,2026Q1,true
M001238,2026 HON. SARAH MCBRIDE,OFFICIAL EXPENSES OF MEMBERS,RENT COMMUNICATION UTILITIES,12087.07,12087.07,Sarah McBride,D,DE,0,119,2026Q1,true
M001238,2026 HON. SARAH MCBRIDE,OFFICIAL EXPENSES OF MEMBERS,PRINTING AND REPRODUCTION,265,265,Sarah McBride,D,DE,0,119,2026Q1,true
M001238,2026 HON. SARAH MCBRIDE,OFFICIAL EXPENSES OF MEMBERS,OTHER SERVICES,6986.65,6986.65,Sarah McBride,D,DE,0,119,2026Q1,true
M001238,2026 HON. SARAH MCBRIDE,OFFICIAL EXPENSES OF MEMBERS,SUPPLIES AND MATERIALS,7869.66,7869.66,Sarah McBride,D,DE,0,119,2026Q1,true
M001238,2026 HON. SARAH MCBRIDE,OFFICIAL EXPENSES OF MEMBERS,EQUIPMENT,2666.81,2666.81,Sarah McBride,D,DE,0,119,2026Q1,true
M001238,2026 HON. SARAH MCBRIDE,INTERN ALLOWANCES,PERSONNEL COMPENSATION,9043.84,9043.84,Sarah McBride,D,DE,0,119,2026Q1,true
M001157,2026 HON. MICHAEL T. MCCAUL,OFFICIAL EXPENSES OF MEMBERS,FRANKED MAIL,-49.83,-49.83,Michael T. McCaul,R,TX,10,119,2026Q1,true
M001157,2026 HON. MICHAEL T. MCCAUL,OFFICIAL EXPENSES OF MEMBERS,PERSONNEL COMPENSATION,350540.56,350540.56,Michael T. McCaul,R,TX,10,119,2026Q1,true
M001157,2026 HON. MICHAEL T. MCCAUL,OFFICIAL EXPENSES OF MEMBERS,TRAVEL,5998.89,5998.89,Michael T. McCaul,R,TX,10,119,2026Q1,true
M001157,2026 HON. MICHAEL T. MCCAUL,OFFICIAL EXPENSES OF MEMBERS,RENT COMMUNICATION UTILITIES,17028.02,17028.02,Michael T. McCaul,R,TX,10,119,2026Q1,true
M001157,2026 HON. MICHAEL T. MCCAUL,OFFICIAL EXPENSES OF MEMBERS,OTHER SERVICES,10935,10935,Michael T. McCaul,R,TX,10,119,2026Q1,true
M001157,2026 HON. MICHAEL T. MCCAUL,OFFICIAL EXPENSES OF MEMBERS,SUPPLIES AND MATERIALS,392.04,392.04,Michael T. McCaul,R,TX,10,119,2026Q1,true
M001157,2026 HON. MICHAEL T. MCCAUL,OFFICIAL EXPENSES OF MEMBERS,EQUIPMENT,645,645,Michael T. McCaul,R,TX,10,119,2026Q1,true
M001157,2026 HON. MICHAEL T. MCCAUL,INTERN ALLOWANCES,PERSONNEL COMPENSATION,6480,6480,Michael T. McCaul,R,TX,10,119,2026Q1,true
M001232,2026 HON. APRIL MCCLAIN DELANEY,OFFICIAL EXPENSES OF MEMBERS,FRANKED MAIL,-2.41,-2.41,April McClain Delaney,D,MD,6,119,2026Q1,true
M001232,2026 HON. APRIL MCCLAIN DELANEY,OFFICIAL EXPENSES OF MEMBERS,PERSONNEL COMPENSATION,339266.64,339266.64,April McClain Delaney,D,MD,6,119,2026Q1,true
M001232,2026 HON. APRIL MCCLAIN DELANEY,OFFICIAL EXPENSES OF MEMBERS,TRAVEL,5248.54,5248.54,April McClain Delaney,D,MD,6,119,2026Q1,true
M001232,2026 HON. APRIL MCCLAIN DELANEY,OFFICIAL EXPENSES OF MEMBERS,RENT COMMUNICATION UTILITIES,15122.74,15122.74,April McClain Delaney,D,MD,6,119,2026Q1,true
M001232,2026 HON. APRIL MCCLAIN DELANEY,OFFICIAL EXPENSES OF MEMBERS,PRINTING AND REPRODUCTION,118588.87,118588.87,April McClain Delaney,D,MD,6,119,2026Q1,true
M001232,2026 HON. APRIL MCCLAIN DELANEY,OFFICIAL EXPENSES OF MEMBERS,OTHER SERVICES,6771.31,6771.31,April McClain Delaney,D,MD,6,119,2026Q1,true
M001232,2026 HON. APRIL MCCLAIN DELANEY,OFFICIAL EXPENSES OF MEMBERS,SUPPLIES AND MATERIALS,11255.52,11255.52,April McClain Delaney,D,MD,6,119,2026Q1,true
M001232,2026 HON. APRIL MCCLAIN DELANEY,OFFICIAL EXPENSES OF MEMBERS,EQUIPMENT,912,912,April McClain Delaney,D,MD,6,119,2026Q1,true
M001232,2026 HON. APRIL MCCLAIN DELANEY,INTERN ALLOWANCES,PERSONNEL COMPENSATION,13586,13586,April McClain Delaney,D,MD,6,119,2026Q1,true
M001136,2026 HON. LISA C. MCCLAIN,OFFICIAL EXPENSES OF MEMBERS,FRANKED MAIL,-111.95,-111.95,Lisa C. McClain,R,MI,10,119,2026Q1,true
M001136,2026 HON. LISA C. MCCLAIN,OFFICIAL EXPENSES OF MEMBERS,PERSONNEL COMPENSATION,210205.54,210205.54,Lisa C. McClain,R,MI,10,119,2026Q1,true
M001136,2026 HON. LISA C. MCCLAIN,OFFICIAL EXPENSES OF MEMBERS,TRAVEL,18760.69,18760.69,Lisa C. McClain,R,MI,10,119,2026Q1,true
M001136,2026 HON. LISA C. MCCLAIN,OFFICIAL EXPENSES OF MEMBERS,RENT COMMUNICATION UTILITIES,45951.68,45951.68,Lisa C. McClain,R,MI,10,119,2026Q1,true
M001136,2026 HON. LISA C. MCCLAIN,OFFICIAL EXPENSES OF MEMBERS,PRINTING AND REPRODUCTION,205.5,205.5,Lisa C. McClain,R,MI,10,119,2026Q1,true
M001136,2026 HON. LISA C. MCCLAIN,OFFICIAL EXPENSES OF MEMBERS,OTHER SERVICES,10079,10079,Lisa C. McClain,R,MI,10,119,2026Q1,true
M001136,2026 HON. LISA C. MCCLAIN,OFFICIAL EXPENSES OF MEMBERS,SUPPLIES AND MATERIALS,8880.31,8880.31,Lisa C. McClain,R,MI,10,119,2026Q1,true
M001136,2026 HON. LISA C. MCCLAIN,OFFICIAL EXPENSES OF MEMBERS,EQUIPMENT,1601,1601,Lisa C. McClain,R,MI,10,119,2026Q1,true
M001136,2026 HON. LISA C. MCCLAIN,INTERN ALLOWANCES,PERSONNEL COMPENSATION,10138.5,10138.5,Lisa C. McClain,R,MI,10,119,2026Q1,true
M001227,2026 HON. JENNIFER L. MCCLELLAN,OFFICIAL EXPENSES OF MEMBERS,FRANKED MAIL,-4.54,-4.54,Jennifer L. McClellan,D,VA,4,119,2026Q1,true
M001227,2026 HON. JENNIFER L. MCCLELLAN,OFFICIAL EXPENSES OF MEMBERS,PERSONNEL COMPENSATION,296450,296450,Jennifer L. McClellan,D,VA,4,119,2026Q1,true
M001227,2026 HON. JENNIFER L. MCCLELLAN,OFFICIAL EXPENSES OF MEMBERS,TRAVEL,6252.56,6252.56,Jennifer L. McClellan,D,VA,4,119,2026Q1,true
M001227,2026 HON. JENNIFER L. MCCLELLAN,OFFICIAL EXPENSES OF MEMBERS,RENT COMMUNICATION UTILITIES,2991.78,2991.78,Jennifer L. McClellan,D,VA,4,119,2026Q1,true
M001227,2026 HON. JENNIFER L. MCCLELLAN,OFFICIAL EXPENSES OF MEMBERS,PRINTING AND REPRODUCTION,1690,1690,Jennifer L. McClellan,D,VA,4,119,2026Q1,true
M001227,2026 HON. JENNIFER L. MCCLELLAN,OFFICIAL EXPENSES OF MEMBERS,OTHER SERVICES,0.92,0.92,Jennifer L. McClellan,D,VA,4,119,2026Q1,true
M001227,2026 HON. JENNIFER L. MCCLELLAN,OFFICIAL EXPENSES OF MEMBERS,SUPPLIES AND MATERIALS,10751.73,10751.73,Jennifer L. McClellan,D,VA,4,119,2026Q1,true
M001227,2026 HON. JENNIFER L. MCCLELLAN,OFFICIAL EXPENSES OF MEMBERS,EQUIPMENT,2174.27,2174.27,Jennifer L. McClellan,D,VA,4,119,2026Q1,true
M001227,2026 HON. JENNIFER L. MCCLELLAN,INTERN ALLOWANCES,PERSONNEL COMPENSATION,12069.6,12069.6,Jennifer L. McClellan,D,VA,4,119,2026Q1,true
M001177,2026 HON. TOM MCCLINTOCK,OFFICIAL EXPENSES OF MEMBERS,FRANKED MAIL,-90.71,-90.71,Tom McClintock,R,CA,4,119,2026Q1,true
M001177,2026 HON. TOM MCCLINTOCK,OFFICIAL EXPENSES OF MEMBERS,PERSONNEL COMPENSATION,329109.99,329109.99,Tom McClintock,R,CA,4,119,2026Q1,true
M001177,2026 HON. TOM MCCLINTOCK,OFFICIAL EXPENSES OF MEMBERS,TRAVEL,9646.25,9646.25,Tom McClintock,R,CA,4,119,2026Q1,true
M001177,2026 HON. TOM MCCLINTOCK,OFFICIAL EXPENSES OF MEMBERS,RENT COMMUNICATION UTILITIES,4385.78,4385.78,Tom McClintock,R,CA,4,119,2026Q1,true
M001177,2026 HON. TOM MCCLINTOCK,OFFICIAL EXPENSES OF MEMBERS,PRINTING AND REPRODUCTION,7592.27,7592.27,Tom McClintock,R,CA,4,119,2026Q1,true
M001177,2026 HON. TOM MCCLINTOCK,OFFICIAL EXPENSES OF MEMBERS,OTHER SERVICES,6675.98,6675.98,Tom McClintock,R,CA,4,119,2026Q1,true
M001177,2026 HON. TOM MCCLINTOCK,OFFICIAL EXPENSES OF MEMBERS,SUPPLIES AND MATERIALS,1394.15,1394.15,Tom McClintock,R,CA,4,119,2026Q1,true
M001177,2026 HON. TOM MCCLINTOCK,OFFICIAL EXPENSES OF MEMBERS,EQUIPMENT,510,510,Tom McClintock,R,CA,4,119,2026Q1,true
M001143,2026 HON. BETTY MCCOLLUM,OFFICIAL EXPENSES OF MEMBERS,FRANKED MAIL,0.15,0.15,Betty McCollum,D,MN,4,119,2026Q1,true
M001143,2026 HON. BETTY MCCOLLUM,OFFICIAL EXPENSES OF MEMBERS,PERSONNEL COMPENSATION,309502.07,309502.07,Betty McCollum,D,MN,4,119,2026Q1,true
M001143,2026 HON. BETTY MCCOLLUM,OFFICIAL EXPENSES OF MEMBERS,TRAVEL,13714.97,13714.97,Betty McCollum,D,MN,4,119,2026Q1,true
M001143,2026 HON. BETTY MCCOLLUM,OFFICIAL EXPENSES OF MEMBERS,RENT COMMUNICATION UTILITIES,28946.07,28946.07,Betty McCollum,D,MN,4,119,2026Q1,true
M001143,2026 HON. BETTY MCCOLLUM,OFFICIAL EXPENSES OF MEMBERS,PRINTING AND REPRODUCTION,4926.35,4926.35,Betty McCollum,D,MN,4,119,2026Q1,true
M001143,2026 HON. BETTY MCCOLLUM,OFFICIAL EXPENSES OF MEMBERS,OTHER SERVICES,1500,1500,Betty McCollum,D,MN,4,119,2026Q1,true
M001143,2026 HON. BETTY MCCOLLUM,OFFICIAL EXPENSES OF MEMBERS,SUPPLIES AND MATERIALS,6960.76,6960.76,Betty McCollum,D,MN,4,119,2026Q1,true
M001143,2026 HON. BETTY MCCOLLUM,OFFICIAL EXPENSES OF MEMBERS,EQUIPMENT,713.28,713.28,Betty McCollum,D,MN,4,119,2026Q1,true
M001143,2026 HON. BETTY MCCOLLUM,INTERN ALLOWANCES,PERSONNEL COMPENSATION,12433.34,12433.34,Betty McCollum,D,MN,4,119,2026Q1,true
M001218,2026 HON. RICHARD MCCORMICK,OFFICIAL EXPENSES OF MEMBERS,FRANKED MAIL,-229.19,-229.19,Richard McCormick,R,GA,6,119,2026Q1,true
M001218,2026 HON. RICHARD MCCORMICK,OFFICIAL EXPENSES OF MEMBERS,PERSONNEL COMPENSATION,320726.16,320726.16,Richard McCormick,R,GA,6,119,2026Q1,true
M001218,2026 HON. RICHARD MCCORMICK,OFFICIAL EXPENSES OF MEMBERS,TRAVEL,3983.95,3983.95,Richard McCormick,R,GA,6,119,2026Q1,true
M001218,2026 HON. RICHARD MCCORMICK,OFFICIAL EXPENSES OF MEMBERS,RENT COMMUNICATION UTILITIES,36714.4,36714.4,Richard McCormick,R,GA,6,119,2026Q1,true
M001218,2026 HON. RICHARD MCCORMICK,OFFICIAL EXPENSES OF MEMBERS,PRINTING AND REPRODUCTION,935.5,935.5,Richard McCormick,R,GA,6,119,2026Q1,true
M001218,2026 HON. RICHARD MCCORMICK,OFFICIAL EXPENSES OF MEMBERS,OTHER SERVICES,6546.97,6546.97,Richard McCormick,R,GA,6,119,2026Q1,true
M001218,2026 HON. RICHARD MCCORMICK,OFFICIAL EXPENSES OF MEMBERS,SUPPLIES AND MATERIALS,9046.87,9046.87,Richard McCormick,R,GA,6,119,2026Q1,true
M001218,2026 HON. RICHARD MCCORMICK,OFFICIAL EXPENSES OF MEMBERS,EQUIPMENT,447,447,Richard McCormick,R,GA,6,119,2026Q1,true
M001218,2026 HON. RICHARD MCCORMICK,INTERN ALLOWANCES,PERSONNEL COMPENSATION,13693.33,13693.33,Richard McCormick,R,GA,6,119,2026Q1,true
M001237,2026 HON. KRISTEN MCDONALD RIVET,OFFICIAL EXPENSES OF MEMBERS,FRANKED MAIL,-185.87,-185.87,Kristen McDonald Rivet,D,MI,8,119,2026Q1,true
M001237,2026 HON. KRISTEN MCDONALD RIVET,OFFICIAL EXPENSES OF MEMBERS,PERSONNEL COMPENSATION,306830.66,306830.66,Kristen McDonald Rivet,D,MI,8,119,2026Q1,true
M001237,2026 HON. KRISTEN MCDONALD RIVET,OFFICIAL EXPENSES OF MEMBERS,TRAVEL,6961.93,6961.93,Kristen McDonald Rivet,D,MI,8,119,2026Q1,true
M001237,2026 HON. KRISTEN MCDONALD RIVET,OFFICIAL EXPENSES OF MEMBERS,RENT COMMUNICATION UTILITIES,3665.5,3665.5,Kristen McDonald Rivet,D,MI,8,119,2026Q1,true
M001237,2026 HON. KRISTEN MCDONALD RIVET,OFFICIAL EXPENSES OF MEMBERS,PRINTING AND REPRODUCTION,153.9,153.9,Kristen McDonald Rivet,D,MI,8,119,2026Q1,true
M001237,2026 HON. KRISTEN MCDONALD RIVET,OFFICIAL EXPENSES OF MEMBERS,OTHER SERVICES,2773.2,2773.2,Kristen McDonald Rivet,D,MI,8,119,2026Q1,true
M001237,2026 HON. KRISTEN MCDONALD RIVET,OFFICIAL EXPENSES OF MEMBERS,SUPPLIES AND MATERIALS,3059.55,3059.55,Kristen McDonald Rivet,D,MI,8,119,2026Q1,true
M001237,2026 HON. KRISTEN MCDONALD RIVET,OFFICIAL EXPENSES OF MEMBERS,EQUIPMENT,750,750,Kristen McDonald Rivet,D,MI,8,119,2026Q1,true
M001237,2026 HON. KRISTEN MCDONALD RIVET,INTERN ALLOWANCES,PERSONNEL COMPENSATION,18416.68,18416.68,Kristen McDonald Rivet,D,MI,8,119,2026Q1,true
M001240,2026 HON. ADDISON P. MCDOWELL,OFFICIAL EXPENSES OF MEMBERS,FRANKED MAIL,44.97,44.97,Addison P. McDowell,R,NC,6,119,2026Q1,true
M001240,2026 HON. ADDISON P. MCDOWELL,OFFICIAL EXPENSES OF MEMBERS,PERSONNEL COMPENSATION,301927.76,301927.76,Addison P. McDowell,R,NC,6,119,2026Q1,true
M001240,2026 HON. ADDISON P. MCDOWELL,OFFICIAL EXPENSES OF MEMBERS,TRAVEL,6927.96,6927.96,Addison P. McDowell,R,NC,6,119,2026Q1,true
M001240,2026 HON. ADDISON P. MCDOWELL,OFFICIAL EXPENSES OF MEMBERS,RENT COMMUNICATION UTILITIES,1904.61,1904.61,Addison P. McDowell,R,NC,6,119,2026Q1,true
M001240,2026 HON. ADDISON P. MCDOWELL,OFFICIAL EXPENSES OF MEMBERS,PRINTING AND REPRODUCTION,57.1,57.1,Addison P. McDowell,R,NC,6,119,2026Q1,true
M001240,2026 HON. ADDISON P. MCDOWELL,OFFICIAL EXPENSES OF MEMBERS,SUPPLIES AND MATERIALS,7335.26,7335.26,Addison P. McDowell,R,NC,6,119,2026Q1,true
M001240,2026 HON. ADDISON P. MCDOWELL,INTERN ALLOWANCES,PERSONNEL COMPENSATION,5620,5620,Addison P. McDowell,R,NC,6,119,2026Q1,true
M001220,2026 HON. MORGAN MCGARVEY,OFFICIAL EXPENSES OF MEMBERS,FRANKED MAIL,115.95,115.95,Morgan McGarvey,D,KY,3,119,2026Q1,true
M001220,2026 HON. MORGAN MCGARVEY,OFFICIAL EXPENSES OF MEMBERS,PERSONNEL COMPENSATION,338957.01,338957.01,Morgan McGarvey,D,KY,3,119,2026Q1,true
M001220,2026 HON. MORGAN MCGARVEY,OFFICIAL EXPENSES OF MEMBERS,TRAVEL,6097.7,6097.7,Morgan McGarvey,D,KY,3,119,2026Q1,true
M001220,2026 HON. MORGAN MCGARVEY,OFFICIAL EXPENSES OF MEMBERS,RENT COMMUNICATION UTILITIES,9275.75,9275.75,Morgan McGarvey,D,KY,3,119,2026Q1,true
M001220,2026 HON. MORGAN MCGARVEY,OFFICIAL EXPENSES OF MEMBERS,PRINTING AND REPRODUCTION,49.5,49.5,Morgan McGarvey,D,KY,3,119,2026Q1,true
M001220,2026 HON. MORGAN MCGARVEY,OFFICIAL EXPENSES OF MEMBERS,OTHER SERVICES,9419.07,9419.07,Morgan McGarvey,D,KY,3,119,2026Q1,true
M001220,2026 HON. MORGAN MCGARVEY,OFFICIAL EXPENSES OF MEMBERS,SUPPLIES AND MATERIALS,865.89,865.89,Morgan McGarvey,D,KY,3,119,2026Q1,true
M001220,2026 HON. MORGAN MCGARVEY,OFFICIAL EXPENSES OF MEMBERS,EQUIPMENT,894,894,Morgan McGarvey,D,KY,3,119,2026Q1,true
M001220,2026 HON. MORGAN MCGARVEY,INTERN ALLOWANCES,PERSONNEL COMPENSATION,10911.72,10911.72,Morgan McGarvey,D,KY,3,119,2026Q1,true
M000312,2026 HON. JAMES P. MCGOVERN,OFFICIAL EXPENSES OF MEMBERS,FRANKED MAIL,453.38,453.38,James P. McGovern,D,MA,2,119,2026Q1,true
M000312,2026 HON. JAMES P. MCGOVERN,OFFICIAL EXPENSES OF MEMBERS,PERSONNEL COMPENSATION,369111.15,369111.15,James P. McGovern,D,MA,2,119,2026Q1,true
M000312,2026 HON. JAMES P. MCGOVERN,OFFICIAL EXPENSES OF MEMBERS,TRAVEL,17330.11,17330.11,James P. McGovern,D,MA,2,119,2026Q1,true
M000312,2026 HON. JAMES P. MCGOVERN,OFFICIAL EXPENSES OF MEMBERS,RENT COMMUNICATION UTILITIES,33493.28,33493.28,James P. McGovern,D,MA,2,119,2026Q1,true
M000312,2026 HON. JAMES P. MCGOVERN,OFFICIAL EXPENSES OF MEMBERS,OTHER SERVICES,3454.32,3454.32,James P. McGovern,D,MA,2,119,2026Q1,true
M000312,2026 HON. JAMES P. MCGOVERN,OFFICIAL EXPENSES OF MEMBERS,SUPPLIES AND MATERIALS,3987.6,3987.6,James P. McGovern,D,MA,2,119,2026Q1,true
M000312,2026 HON. JAMES P. MCGOVERN,OFFICIAL EXPENSES OF MEMBERS,EQUIPMENT,5348,5348,James P. McGovern,D,MA,2,119,2026Q1,true
M000312,2026 HON. JAMES P. MCGOVERN,INTERN ALLOWANCES,PERSONNEL COMPENSATION,14000,14000,James P. McGovern,D,MA,2,119,2026Q1,true
M001239,2026 HON. JOHN J. MCGUIRE III,OFFICIAL EXPENSES OF MEMBERS,FRANKED MAIL,-124,-124,John J. McGuire III,R,VA,5,119,2026Q1,true
M001239,2026 HON. JOHN J. MCGUIRE III,OFFICIAL EXPENSES OF MEMBERS,PERSONNEL COMPENSATION,300480.57,300480.57,John J. McGuire III,R,VA,5,119,2026Q1,true
M001239,2026 HON. JOHN J. MCGUIRE III,OFFICIAL EXPENSES OF MEMBERS,TRAVEL,14665.94,14665.94,John J. McGuire III,R,VA,5,119,2026Q1,true
M001239,2026 HON. JOHN J. MCGUIRE III,OFFICIAL EXPENSES OF MEMBERS,RENT COMMUNICATION UTILITIES,3802.09,3802.09,John J. McGuire III,R,VA,5,119,2026Q1,true
M001239,2026 HON. JOHN J. MCGUIRE III,OFFICIAL EXPENSES OF MEMBERS,PRINTING AND REPRODUCTION,573,573,John J. McGuire III,R,VA,5,119,2026Q1,true
M001239,2026 HON. JOHN J. MCGUIRE III,OFFICIAL EXPENSES OF MEMBERS,OTHER SERVICES,6641.82,6641.82,John J. McGuire III,R,VA,5,119,2026Q1,true
M001239,2026 HON. JOHN J. MCGUIRE III,OFFICIAL EXPENSES OF MEMBERS,SUPPLIES AND MATERIALS,8461.89,8461.89,John J. McGuire III,R,VA,5,119,2026Q1,true
M001239,2026 HON. JOHN J. MCGUIRE III,OFFICIAL EXPENSES OF MEMBERS,EQUIPMENT,1089,1089,John J. McGuire III,R,VA,5,119,2026Q1,true
M001239,2026 HON. JOHN J. MCGUIRE III,INTERN ALLOWANCES,PERSONNEL COMPENSATION,11960,11960,John J. McGuire III,R,VA,5,119,2026Q1,true
M001229,2026 HON. LAMONICA MCIVER,OFFICIAL EXPENSES OF MEMBERS,FRANKED MAIL,-11.44,-11.44,LaMonica McIver,D,NJ,10,119,2026Q1,true
M001229,2026 HON. LAMONICA MCIVER,OFFICIAL EXPENSES OF MEMBERS,PERSONNEL COMPENSATION,289064.71,289064.71,LaMonica McIver,D,NJ,10,119,2026Q1,true
M001229,2026 HON. LAMONICA MCIVER,OFFICIAL EXPENSES OF MEMBERS,TRAVEL,13466.29,13466.29,LaMonica McIver,D,NJ,10,119,2026Q1,true
M001229,2026 HON. LAMONICA MCIVER,OFFICIAL EXPENSES OF MEMBERS,RENT COMMUNICATION UTILITIES,14385.35,14385.35,LaMonica McIver,D,NJ,10,119,2026Q1,true
M001229,2026 HON. LAMONICA MCIVER,OFFICIAL EXPENSES OF MEMBERS,PRINTING AND REPRODUCTION,603.96,603.96,LaMonica McIver,D,NJ,10,119,2026Q1,true
M001229,2026 HON. LAMONICA MCIVER,OFFICIAL EXPENSES OF MEMBERS,SUPPLIES AND MATERIALS,6262.58,6262.58,LaMonica McIver,D,NJ,10,119,2026Q1,true
M001229,2026 HON. LAMONICA MCIVER,OFFICIAL EXPENSES OF MEMBERS,EQUIPMENT,5172.77,5172.77,LaMonica McIver,D,NJ,10,119,2026Q1,true
M001229,2026 HON. LAMONICA MCIVER,INTERN ALLOWANCES,PERSONNEL COMPENSATION,17378.66,17378.66,LaMonica McIver,D,NJ,10,119,2026Q1,true
M001137,2026 HON. GREGORY W. MEEKS,OFFICIAL EXPENSES OF MEMBERS,PERSONNEL COMPENSATION,334050.04,334050.04,Gregory W. Meeks,D,NY,5,119,2026Q1,true
M001137,2026 HON. GREGORY W. MEEKS,OFFICIAL EXPENSES OF MEMBERS,TRAVEL,1417.59,1417.59,Gregory W. Meeks,D,NY,5,119,2026Q1,true
M001137,2026 HON. GREGORY W. MEEKS,OFFICIAL EXPENSES OF MEMBERS,TRANSPORTATION OF THINGS,25.9,25.9,Gregory W. Meeks,D,NY,5,119,2026Q1,true
M001137,2026 HON. GREGORY W. MEEKS,OFFICIAL EXPENSES OF MEMBERS,RENT COMMUNICATION UTILITIES,70284.46,70284.46,Gregory W. Meeks,D,NY,5,119,2026Q1,true
M001137,2026 HON. GREGORY W. MEEKS,OFFICIAL EXPENSES OF MEMBERS,PRINTING AND REPRODUCTION,247.5,247.5,Gregory W. Meeks,D,NY,5,119,2026Q1,true
M001137,2026 HON. GREGORY W. MEEKS,OFFICIAL EXPENSES OF MEMBERS,OTHER SERVICES,8630,8630,Gregory W. Meeks,D,NY,5,119,2026Q1,true
M001137,2026 HON. GREGORY W. MEEKS,OFFICIAL EXPENSES OF MEMBERS,SUPPLIES AND MATERIALS,2094.01,2094.01,Gregory W. Meeks,D,NY,5,119,2026Q1,true
M001137,2026 HON. GREGORY W. MEEKS,OFFICIAL EXPENSES OF MEMBERS,EQUIPMENT,366,366,Gregory W. Meeks,D,NY,5,119,2026Q1,true
M001137,2026 HON. GREGORY W. MEEKS,INTERN ALLOWANCES,PERSONNEL COMPENSATION,13474.98,13474.98,Gregory W. Meeks,D,NY,5,119,2026Q1,true
M001245,2026 HON. CHRISTIAN D. MENEFEE,OFFICIAL EXPENSES OF MEMBERS,FRANKED MAIL,10139.65,10139.65,Christian D. Menefee,D,TX,18,119,2026Q1,true
M001245,2026 HON. CHRISTIAN D. MENEFEE,OFFICIAL EXPENSES OF MEMBERS,PERSONNEL COMPENSATION,71617.01,71617.01,Christian D. Menefee,D,TX,18,119,2026Q1,true
M001245,2026 HON. CHRISTIAN D. MENEFEE,OFFICIAL EXPENSES OF MEMBERS,TRAVEL,2684.85,2684.85,Christian D. Menefee,D,TX,18,119,2026Q1,true
M001245,2026 HON. CHRISTIAN D. MENEFEE,OFFICIAL EXPENSES OF MEMBERS,RENT COMMUNICATION UTILITIES,24981.71,24981.71,Christian D. Menefee,D,TX,18,119,2026Q1,true
M001245,2026 HON. CHRISTIAN D. MENEFEE,OFFICIAL EXPENSES OF MEMBERS,PRINTING AND REPRODUCTION,21110.11,21110.11,Christian D. Menefee,D,TX,18,119,2026Q1,true
M001245,2026 HON. CHRISTIAN D. MENEFEE,OFFICIAL EXPENSES OF MEMBERS,OTHER SERVICES,6129.62,6129.62,Christian D. Menefee,D,TX,18,119,2026Q1,true
M001245,2026 HON. CHRISTIAN D. MENEFEE,OFFICIAL EXPENSES OF MEMBERS,SUPPLIES AND MATERIALS,2383.59,2383.59,Christian D. Menefee,D,TX,18,119,2026Q1,true
M001245,2026 HON. CHRISTIAN D. MENEFEE,OFFICIAL EXPENSES OF MEMBERS,EQUIPMENT,1097.5,1097.5,Christian D. Menefee,D,TX,18,119,2026Q1,true
M001226,2026 HON. ROBERT MENENDEZ,OFFICIAL EXPENSES OF MEMBERS,FRANKED MAIL,30.93,30.93,Robert Menendez,D,NJ,8,119,2026Q1,true
M001226,2026 HON. ROBERT MENENDEZ,OFFICIAL EXPENSES OF MEMBERS,PERSONNEL COMPENSATION,351538.11,351538.11,Robert Menendez,D,NJ,8,119,2026Q1,true
M001226,2026 HON. ROBERT MENENDEZ,OFFICIAL EXPENSES OF MEMBERS,TRAVEL,9565.11,9565.11,Robert Menendez,D,NJ,8,119,2026Q1,true
M001226,2026 HON. ROBERT MENENDEZ,OFFICIAL EXPENSES OF MEMBERS,RENT COMMUNICATION UTILITIES,7169.82,7169.82,Robert Menendez,D,NJ,8,119,2026Q1,true
M001226,2026 HON. ROBERT MENENDEZ,OFFICIAL EXPENSES OF MEMBERS,PRINTING AND REPRODUCTION,45420.17,45420.17,Robert Menendez,D,NJ,8,119,2026Q1,true
M001226,2026 HON. ROBERT MENENDEZ,OFFICIAL EXPENSES OF MEMBERS,OTHER SERVICES,4216.59,4216.59,Robert Menendez,D,NJ,8,119,2026Q1,true
M001226,2026 HON. ROBERT MENENDEZ,OFFICIAL EXPENSES OF MEMBERS,SUPPLIES AND MATERIALS,1167.22,1167.22,Robert Menendez,D,NJ,8,119,2026Q1,true
M001226,2026 HON. ROBERT MENENDEZ,OFFICIAL EXPENSES OF MEMBERS,EQUIPMENT,618,618,Robert Menendez,D,NJ,8,119,2026Q1,true
M001226,2026 HON. ROBERT MENENDEZ,INTERN ALLOWANCES,PERSONNEL COMPENSATION,10312.21,10312.21,Robert Menendez,D,NJ,8,119,2026Q1,true
M001188,2026 HON. GRACE MENG,OFFICIAL EXPENSES OF MEMBERS,FRANKED MAIL,3640.24,3640.24,Grace Meng,D,NY,6,119,2026Q1,true
M001188,2026 HON. GRACE MENG,OFFICIAL EXPENSES OF MEMBERS,PERSONNEL COMPENSATION,315324.48,315324.48,Grace Meng,D,NY,6,119,2026Q1,true
M001188,2026 HON. GRACE MENG,OFFICIAL EXPENSES OF MEMBERS,TRAVEL,1810.77,1810.77,Grace Meng,D,NY,6,119,2026Q1,true
M001188,2026 HON. GRACE MENG,OFFICIAL EXPENSES OF MEMBERS,RENT COMMUNICATION UTILITIES,6352.99,6352.99,Grace Meng,D,NY,6,119,2026Q1,true
M001188,2026 HON. GRACE MENG,OFFICIAL EXPENSES OF MEMBERS,PRINTING AND REPRODUCTION,67.5,67.5,Grace Meng,D,NY,6,119,2026Q1,true
M001188,2026 HON. GRACE MENG,OFFICIAL EXPENSES OF MEMBERS,OTHER SERVICES,3075.21,3075.21,Grace Meng,D,NY,6,119,2026Q1,true
M001188,2026 HON. GRACE MENG,OFFICIAL EXPENSES OF MEMBERS,SUPPLIES AND MATERIALS,3175,3175,Grace Meng,D,NY,6,119,2026Q1,true
M001188,2026 HON. GRACE MENG,OFFICIAL EXPENSES OF MEMBERS,EQUIPMENT,895.89,895.89,Grace Meng,D,NY,6,119,2026Q1,true
M001188,2026 HON. GRACE MENG,INTERN ALLOWANCES,PERSONNEL COMPENSATION,9382,9382,Grace Meng,D,NY,6,119,2026Q1,true
M001233,2026 HON. MARK B. MESSMER,OFFICIAL EXPENSES OF MEMBERS,FRANKED MAIL,-38.17,-38.17,Mark B. Messmer,R,IN,8,119,2026Q1,true
M001233,2026 HON. MARK B. MESSMER,OFFICIAL EXPENSES OF MEMBERS,PERSONNEL COMPENSATION,312671.97,312671.97,Mark B. Messmer,R,IN,8,119,2026Q1,true
M001233,2026 HON. MARK B. MESSMER,OFFICIAL EXPENSES OF MEMBERS,TRAVEL,18051.6,18051.6,Mark B. Messmer,R,IN,8,119,2026Q1,true
M001233,2026 HON. MARK B. MESSMER,OFFICIAL EXPENSES OF MEMBERS,RENT COMMUNICATION UTILITIES,4772.35,4772.35,Mark B. Messmer,R,IN,8,119,2026Q1,true
M001233,2026 HON. MARK B. MESSMER,OFFICIAL EXPENSES OF MEMBERS,PRINTING AND REPRODUCTION,20050,20050,Mark B. Messmer,R,IN,8,119,2026Q1,true
M001233,2026 HON. MARK B. MESSMER,OFFICIAL EXPENSES OF MEMBERS,OTHER SERVICES,125,125,Mark B. Messmer,R,IN,8,119,2026Q1,true
M001233,2026 HON. MARK B. MESSMER,OFFICIAL EXPENSES OF MEMBERS,SUPPLIES AND MATERIALS,2048.87,2048.87,Mark B. Messmer,R,IN,8,119,2026Q1,true
M001233,2026 HON. MARK B. MESSMER,OFFICIAL EXPENSES OF MEMBERS,EQUIPMENT,1482,1482,Mark B. Messmer,R,IN,8,119,2026Q1,true
M001233,2026 HON. MARK B. MESSMER,INTERN ALLOWANCES,PERSONNEL COMPENSATION,8550,8550,Mark B. Messmer,R,IN,8,119,2026Q1,true
M001204,2026 HON. DANIEL MEUSER,OFFICIAL EXPENSES OF MEMBERS,FRANKED MAIL,0.53,0.53,Daniel Meuser,R,PA,9,119,2026Q1,true
M001204,2026 HON. DANIEL MEUSER,OFFICIAL EXPENSES OF MEMBERS,PERSONNEL COMPENSATION,318149.46,318149.46,Daniel Meuser,R,PA,9,119,2026Q1,true
M001204,2026 HON. DANIEL MEUSER,OFFICIAL EXPENSES OF MEMBERS,TRAVEL,13874.53,13874.53,Daniel Meuser,R,PA,9,119,2026Q1,true
M001204,2026 HON. DANIEL MEUSER,OFFICIAL EXPENSES OF MEMBERS,RENT COMMUNICATION UTILITIES,4301.52,4301.52,Daniel Meuser,R,PA,9,119,2026Q1,true
M001204,2026 HON. DANIEL MEUSER,OFFICIAL EXPENSES OF MEMBERS,PRINTING AND REPRODUCTION,253.5,253.5,Daniel Meuser,R,PA,9,119,2026Q1,true
M001204,2026 HON. DANIEL MEUSER,OFFICIAL EXPENSES OF MEMBERS,OTHER SERVICES,12269.6,12269.6,Daniel Meuser,R,PA,9,119,2026Q1,true
M001204,2026 HON. DANIEL MEUSER,OFFICIAL EXPENSES OF MEMBERS,SUPPLIES AND MATERIALS,2878.98,2878.98,Daniel Meuser,R,PA,9,119,2026Q1,true
M001204,2026 HON. DANIEL MEUSER,OFFICIAL EXPENSES OF MEMBERS,EQUIPMENT,495,495,Daniel Meuser,R,PA,9,119,2026Q1,true
M001204,2026 HON. DANIEL MEUSER,INTERN ALLOWANCES,PERSONNEL COMPENSATION,8960,8960,Daniel Meuser,R,PA,9,119,2026Q1,true
M000687,2026 HON. KWEISI MFUME,OFFICIAL EXPENSES OF MEMBERS,FRANKED MAIL,171.04,171.04,Kweisi Mfume,D,MD,7,119,2026Q1,true
M000687,2026 HON. KWEISI MFUME,OFFICIAL EXPENSES OF MEMBERS,PERSONNEL COMPENSATION,265658.86,265658.86,Kweisi Mfume,D,MD,7,119,2026Q1,true
M000687,2026 HON. KWEISI MFUME,OFFICIAL EXPENSES OF MEMBERS,TRAVEL,1099.21,1099.21,Kweisi Mfume,D,MD,7,119,2026Q1,true
M000687,2026 HON. KWEISI MFUME,OFFICIAL EXPENSES OF MEMBERS,RENT COMMUNICATION UTILITIES,7298.51,7298.51,Kweisi Mfume,D,MD,7,119,2026Q1,true
M000687,2026 HON. KWEISI MFUME,OFFICIAL EXPENSES OF MEMBERS,PRINTING AND REPRODUCTION,809.76,809.76,Kweisi Mfume,D,MD,7,119,2026Q1,true
M000687,2026 HON. KWEISI MFUME,OFFICIAL EXPENSES OF MEMBERS,SUPPLIES AND MATERIALS,2909.9,2909.9,Kweisi Mfume,D,MD,7,119,2026Q1,true
M000687,2026 HON. KWEISI MFUME,OFFICIAL EXPENSES OF MEMBERS,EQUIPMENT,1002,1002,Kweisi Mfume,D,MD,7,119,2026Q1,true
M000687,2026 HON. KWEISI MFUME,INTERN ALLOWANCES,PERSONNEL COMPENSATION,9741.67,9741.67,Kweisi Mfume,D,MD,7,119,2026Q1,true
M001205,2026 HON. CAROL D. MILLER,OFFICIAL EXPENSES OF MEMBERS,FRANKED MAIL,-54.77,-54.77,Carol D. Miller,R,WV,3,119,2026Q1,true
M001205,2026 HON. CAROL D. MILLER,OFFICIAL EXPENSES OF MEMBERS,PERSONNEL COMPENSATION,354274.44,354274.44,Carol D. Miller,R,WV,3,119,2026Q1,true
M001205,2026 HON. CAROL D. MILLER,OFFICIAL EXPENSES OF MEMBERS,TRAVEL,15887.58,15887.58,Carol D. Miller,R,WV,3,119,2026Q1,true
M001205,2026 HON. CAROL D. MILLER,OFFICIAL EXPENSES OF MEMBERS,RENT COMMUNICATION UTILITIES,4537.25,4537.25,Carol D. Miller,R,WV,3,119,2026Q1,true
M001205,2026 HON. CAROL D. MILLER,OFFICIAL EXPENSES OF MEMBERS,PRINTING AND REPRODUCTION,47.5,47.5,Carol D. Miller,R,WV,3,119,2026Q1,true
M001205,2026 HON. CAROL D. MILLER,OFFICIAL EXPENSES OF MEMBERS,OTHER SERVICES,13327.08,13327.08,Carol D. Miller,R,WV,3,119,2026Q1,true
M001205,2026 HON. CAROL D. MILLER,OFFICIAL EXPENSES OF MEMBERS,SUPPLIES AND MATERIALS,573.34,573.34,Carol D. Miller,R,WV,3,119,2026Q1,true
M001205,2026 HON. CAROL D. MILLER,OFFICIAL EXPENSES OF MEMBERS,EQUIPMENT,1613,1613,Carol D. Miller,R,WV,3,119,2026Q1,true
M001205,2026 HON. CAROL D. MILLER,INTERN ALLOWANCES,PERSONNEL COMPENSATION,6516.66,6516.66,Carol D. Miller,R,WV,3,119,2026Q1,true
M001211,2026 HON. MARY E. MILLER,OFFICIAL EXPENSES OF MEMBERS,FRANKED MAIL,59784.1,59784.1,Mary E. Miller,R,IL,15,119,2026Q1,true
M001211,2026 HON. MARY E. MILLER,OFFICIAL EXPENSES OF MEMBERS,PERSONNEL COMPENSATION,291788.92,291788.92,Mary E. Miller,R,IL,15,119,2026Q1,true
M001211,2026 HON. MARY E. MILLER,OFFICIAL EXPENSES OF MEMBERS,TRAVEL,35742.72,35742.72,Mary E. Miller,R,IL,15,119,2026Q1,true
M001211,2026 HON. MARY E. MILLER,OFFICIAL EXPENSES OF MEMBERS,RENT COMMUNICATION UTILITIES,3304.72,3304.72,Mary E. Miller,R,IL,15,119,2026Q1,true
M001211,2026 HON. MARY E. MILLER,OFFICIAL EXPENSES OF MEMBERS,PRINTING AND REPRODUCTION,49795.3,49795.3,Mary E. Miller,R,IL,15,119,2026Q1,true
M001211,2026 HON. MARY E. MILLER,OFFICIAL EXPENSES OF MEMBERS,OTHER SERVICES,6924.48,6924.48,Mary E. Miller,R,IL,15,119,2026Q1,true
M001211,2026 HON. MARY E. MILLER,OFFICIAL EXPENSES OF MEMBERS,SUPPLIES AND MATERIALS,9689.4,9689.4,Mary E. Miller,R,IL,15,119,2026Q1,true
M001211,2026 HON. MARY E. MILLER,OFFICIAL EXPENSES OF MEMBERS,EQUIPMENT,1073.7,1073.7,Mary E. Miller,R,IL,15,119,2026Q1,true
M001211,2026 HON. MARY E. MILLER,INTERN ALLOWANCES,PERSONNEL COMPENSATION,12000,12000,Mary E. Miller,R,IL,15,119,2026Q1,true
M001222,2026 HON. MAX L. MILLER,OFFICIAL EXPENSES OF MEMBERS,FRANKED MAIL,352.76,352.76,Max L. Miller,R,OH,7,119,2026Q1,true
M001222,2026 HON. MAX L. MILLER,OFFICIAL EXPENSES OF MEMBERS,PERSONNEL COMPENSATION,329083.29,329083.29,Max L. Miller,R,OH,7,119,2026Q1,true
M001222,2026 HON. MAX L. MILLER,OFFICIAL EXPENSES OF MEMBERS,TRAVEL,12902.11,12902.11,Max L. Miller,R,OH,7,119,2026Q1,true
M001222,2026 HON. MAX L. MILLER,OFFICIAL EXPENSES OF MEMBERS,RENT COMMUNICATION UTILITIES,9996.16,9996.16,Max L. Miller,R,OH,7,119,2026Q1,true
M001222,2026 HON. MAX L. MILLER,OFFICIAL EXPENSES OF MEMBERS,PRINTING AND REPRODUCTION,23867.28,23867.28,Max L. Miller,R,OH,7,119,2026Q1,true
M001222,2026 HON. MAX L. MILLER,OFFICIAL EXPENSES OF MEMBERS,OTHER SERVICES,2242.24,2242.24,Max L. Miller,R,OH,7,119,2026Q1,true
M001222,2026 HON. MAX L. MILLER,OFFICIAL EXPENSES OF MEMBERS,SUPPLIES AND MATERIALS,12765.64,12765.64,Max L. Miller,R,OH,7,119,2026Q1,true
M001222,2026 HON. MAX L. MILLER,OFFICIAL EXPENSES OF MEMBERS,EQUIPMENT,920,920,Max L. Miller,R,OH,7,119,2026Q1,true
M001222,2026 HON. MAX L. MILLER,INTERN ALLOWANCES,PERSONNEL COMPENSATION,2565,2565,Max L. Miller,R,OH,7,119,2026Q1,true
M001215,2026 HON. MARIANNETTE MILLER-MEEKS,OFFICIAL EXPENSES OF MEMBERS,FRANKED MAIL,-66.6,-66.6,Mariannette Miller-Meeks,R,IA,2,119,2026Q1,true
M001215,2026 HON. MARIANNETTE MILLER-MEEKS,OFFICIAL EXPENSES OF MEMBERS,PERSONNEL COMPENSATION,261829.24,261829.24,Mariannette Miller-Meeks,R,IA,2,119,2026Q1,true
M001215,2026 HON. MARIANNETTE MILLER-MEEKS,OFFICIAL EXPENSES OF MEMBERS,TRAVEL,8966.98,8966.98,Mariannette Miller-Meeks,R,IA,2,119,2026Q1,true
M001215,2026 HON. MARIANNETTE MILLER-MEEKS,OFFICIAL EXPENSES OF MEMBERS,RENT COMMUNICATION UTILITIES,11163.99,11163.99,Mariannette Miller-Meeks,R,IA,2,119,2026Q1,true
M001215,2026 HON. MARIANNETTE MILLER-MEEKS,OFFICIAL EXPENSES OF MEMBERS,PRINTING AND REPRODUCTION,33345,33345,Mariannette Miller-Meeks,R,IA,2,119,2026Q1,true
M001215,2026 HON. MARIANNETTE MILLER-MEEKS,OFFICIAL EXPENSES OF MEMBERS,OTHER SERVICES,574.88,574.88,Mariannette Miller-Meeks,R,IA,2,119,2026Q1,true
M001215,2026 HON. MARIANNETTE MILLER-MEEKS,OFFICIAL EXPENSES OF MEMBERS,SUPPLIES AND MATERIALS,1206.78,1206.78,Mariannette Miller-Meeks,R,IA,2,119,2026Q1,true
M001215,2026 HON. MARIANNETTE MILLER-MEEKS,OFFICIAL EXPENSES OF MEMBERS,EQUIPMENT,930,930,Mariannette Miller-Meeks,R,IA,2,119,2026Q1,true
M001215,2026 HON. MARIANNETTE MILLER-MEEKS,INTERN ALLOWANCES,PERSONNEL COMPENSATION,8250,8250,Mariannette Miller-Meeks,R,IA,2,119,2026Q1,true
M001216,2026 HON. CORY MILLS,OFFICIAL EXPENSES OF MEMBERS,FRANKED MAIL,5418.05,5418.05,Cory Mills,R,FL,7,119,2026Q1,true
M001216,2026 HON. CORY MILLS,OFFICIAL EXPENSES OF MEMBERS,PERSONNEL COMPENSATION,292025.41,292025.41,Cory Mills,R,FL,7,119,2026Q1,true
M001216,2026 HON. CORY MILLS,OFFICIAL EXPENSES OF MEMBERS,TRAVEL,17928.27,17928.27,Cory Mills,R,FL,7,119,2026Q1,true
M001216,2026 HON. CORY MILLS,OFFICIAL EXPENSES OF MEMBERS,RENT COMMUNICATION UTILITIES,20305.43,20305.43,Cory Mills,R,FL,7,119,2026Q1,true
M001216,2026 HON. CORY MILLS,OFFICIAL EXPENSES OF MEMBERS,PRINTING AND REPRODUCTION,12116.95,12116.95,Cory Mills,R,FL,7,119,2026Q1,true
M001216,2026 HON. CORY MILLS,OFFICIAL EXPENSES OF MEMBERS,OTHER SERVICES,5170.24,5170.24,Cory Mills,R,FL,7,119,2026Q1,true
M001216,2026 HON. CORY MILLS,OFFICIAL EXPENSES OF MEMBERS,SUPPLIES AND MATERIALS,2439.52,2439.52,Cory Mills,R,FL,7,119,2026Q1,true
M001216,2026 HON. CORY MILLS,OFFICIAL EXPENSES OF MEMBERS,EQUIPMENT,894,894,Cory Mills,R,FL,7,119,2026Q1,true
M001216,2026 HON. CORY MILLS,INTERN ALLOWANCES,PERSONNEL COMPENSATION,7786.67,7786.67,Cory Mills,R,FL,7,119,2026Q1,true
M001241,2026 HON. DAVE MIN,OFFICIAL EXPENSES OF MEMBERS,FRANKED MAIL,-28.7,-28.7,Dave Min,D,CA,47,119,2026Q1,true
M001241,2026 HON. DAVE MIN,OFFICIAL EXPENSES OF MEMBERS,PERSONNEL COMPENSATION,294774.17,294774.17,Dave Min,D,CA,47,119,2026Q1,true
M001241,2026 HON. DAVE MIN,OFFICIAL EXPENSES OF MEMBERS,TRAVEL,11450.36,11450.36,Dave Min,D,CA,47,119,2026Q1,true
M001241,2026 HON. DAVE MIN,OFFICIAL EXPENSES OF MEMBERS,RENT COMMUNICATION UTILITIES,19527.98,19527.98,Dave Min,D,CA,47,119,2026Q1,true
M001241,2026 HON. DAVE MIN,OFFICIAL EXPENSES OF MEMBERS,PRINTING AND REPRODUCTION,49.5,49.5,Dave Min,D,CA,47,119,2026Q1,true
M001241,2026 HON. DAVE MIN,OFFICIAL EXPENSES OF MEMBERS,OTHER SERVICES,4298.4,4298.4,Dave Min,D,CA,47,119,2026Q1,true
M001241,2026 HON. DAVE MIN,OFFICIAL EXPENSES OF MEMBERS,SUPPLIES AND MATERIALS,1963.04,1963.04,Dave Min,D,CA,47,119,2026Q1,true
M001241,2026 HON. DAVE MIN,OFFICIAL EXPENSES OF MEMBERS,EQUIPMENT,409.86,409.86,Dave Min,D,CA,47,119,2026Q1,true
M001241,2026 HON. DAVE MIN,INTERN ALLOWANCES,PERSONNEL COMPENSATION,13366.67,13366.67,Dave Min,D,CA,47,119,2026Q1,true
M001194,2026 HON. JOHN R. MOOLENAAR,OFFICIAL EXPENSES OF MEMBERS,FRANKED MAIL,1181.67,1181.67,John R. Moolenaar,R,MI,4,119,2026Q1,true
M001194,2026 HON. JOHN R. MOOLENAAR,OFFICIAL EXPENSES OF MEMBERS,PERSONNEL COMPENSATION,312986.13,312986.13,John R. Moolenaar,R,MI,4,119,2026Q1,true
M001194,2026 HON. JOHN R. MOOLENAAR,OFFICIAL EXPENSES OF MEMBERS,TRAVEL,12807.63,12807.63,John R. Moolenaar,R,MI,4,119,2026Q1,true
M001194,2026 HON. JOHN R. MOOLENAAR,OFFICIAL EXPENSES OF MEMBERS,RENT COMMUNICATION UTILITIES,5745.41,5745.41,John R. Moolenaar,R,MI,4,119,2026Q1,true
M001194,2026 HON. JOHN R. MOOLENAAR,OFFICIAL EXPENSES OF MEMBERS,PRINTING AND REPRODUCTION,5295.3,5295.3,John R. Moolenaar,R,MI,4,119,2026Q1,true
M001194,2026 HON. JOHN R. MOOLENAAR,OFFICIAL EXPENSES OF MEMBERS,OTHER SERVICES,11145,11145,John R. Moolenaar,R,MI,4,119,2026Q1,true
M001194,2026 HON. JOHN R. MOOLENAAR,OFFICIAL EXPENSES OF MEMBERS,SUPPLIES AND MATERIALS,11785.74,11785.74,John R. Moolenaar,R,MI,4,119,2026Q1,true
M001194,2026 HON. JOHN R. MOOLENAAR,OFFICIAL EXPENSES OF MEMBERS,EQUIPMENT,818.52,818.52,John R. Moolenaar,R,MI,4,119,2026Q1,true
M001194,2026 HON. JOHN R. MOOLENAAR,INTERN ALLOWANCES,PERSONNEL COMPENSATION,6900,6900,John R. Moolenaar,R,MI,4,119,2026Q1,true
M001212,2026 HON. BARRY MOORE,OFFICIAL EXPENSES OF MEMBERS,FRANKED MAIL,53.86,53.86,Barry Moore,R,AL,2,119,2026Q1,true
M001212,2026 HON. BARRY MOORE,OFFICIAL EXPENSES OF MEMBERS,PERSONNEL COMPENSATION,240062.49,240062.49,Barry Moore,R,AL,2,119,2026Q1,true
M001212,2026 HON. BARRY MOORE,OFFICIAL EXPENSES OF MEMBERS,TRAVEL,20825.11,20825.11,Barry Moore,R,AL,2,119,2026Q1,true
M001212,2026 HON. BARRY MOORE,OFFICIAL EXPENSES OF MEMBERS,RENT COMMUNICATION UTILITIES,42429.58,42429.58,Barry Moore,R,AL,2,119,2026Q1,true
M001212,2026 HON. BARRY MOORE,OFFICIAL EXPENSES OF MEMBERS,PRINTING AND REPRODUCTION,51008,51008,Barry Moore,R,AL,2,119,2026Q1,true
M001212,2026 HON. BARRY MOORE,OFFICIAL EXPENSES OF MEMBERS,OTHER SERVICES,29.05,29.05,Barry Moore,R,AL,2,119,2026Q1,true
M001212,2026 HON. BARRY MOORE,OFFICIAL EXPENSES OF MEMBERS,SUPPLIES AND MATERIALS,2257.7,2257.7,Barry Moore,R,AL,2,119,2026Q1,true
M001212,2026 HON. BARRY MOORE,OFFICIAL EXPENSES OF MEMBERS,EQUIPMENT,964.8,964.8,Barry Moore,R,AL,2,119,2026Q1,true
M001212,2026 HON. BARRY MOORE,INTERN ALLOWANCES,PERSONNEL COMPENSATION,2800,2800,Barry Moore,R,AL,2,119,2026Q1,true
M001213,2026 HON. BLAKE D. MOORE,OFFICIAL EXPENSES OF MEMBERS,FRANKED MAIL,-163.58,-163.58,Blake D. Moore,R,UT,1,119,2026Q1,true
M001213,2026 HON. BLAKE D. MOORE,OFFICIAL EXPENSES OF MEMBERS,PERSONNEL COMPENSATION,263182.76,263182.76,Blake D. Moore,R,UT,1,119,2026Q1,true
M001213,2026 HON. BLAKE D. MOORE,OFFICIAL EXPENSES OF MEMBERS,TRAVEL,14838.66,14838.66,Blake D. Moore,R,UT,1,119,2026Q1,true
M001213,2026 HON. BLAKE D. MOORE,OFFICIAL EXPENSES OF MEMBERS,RENT COMMUNICATION UTILITIES,23640.92,23640.92,Blake D. Moore,R,UT,1,119,2026Q1,true
M001213,2026 HON. BLAKE D. MOORE,OFFICIAL EXPENSES OF MEMBERS,PRINTING AND REPRODUCTION,40257.59,40257.59,Blake D. Moore,R,UT,1,119,2026Q1,true
M001213,2026 HON. BLAKE D. MOORE,OFFICIAL EXPENSES OF MEMBERS,OTHER SERVICES,256.37,256.37,Blake D. Moore,R,UT,1,119,2026Q1,true
M001213,2026 HON. BLAKE D. MOORE,OFFICIAL EXPENSES OF MEMBERS,SUPPLIES AND MATERIALS,8354.17,8354.17,Blake D. Moore,R,UT,1,119,2026Q1,true
M001213,2026 HON. BLAKE D. MOORE,OFFICIAL EXPENSES OF MEMBERS,EQUIPMENT,1050,1050,Blake D. Moore,R,UT,1,119,2026Q1,true
M001213,2026 HON. BLAKE D. MOORE,INTERN ALLOWANCES,PERSONNEL COMPENSATION,9173.32,9173.32,Blake D. Moore,R,UT,1,119,2026Q1,true
M001160,2026 HON. GWEN MOORE,OFFICIAL EXPENSES OF MEMBERS,FRANKED MAIL,3630.26,3630.26,Gwen Moore,D,WI,4,119,2026Q1,true
M001160,2026 HON. GWEN MOORE,OFFICIAL EXPENSES OF MEMBERS,PERSONNEL COMPENSATION,314648.97,314648.97,Gwen Moore,D,WI,4,119,2026Q1,true
M001160,2026 HON. GWEN MOORE,OFFICIAL EXPENSES OF MEMBERS,TRAVEL,1164.78,1164.78,Gwen Moore,D,WI,4,119,2026Q1,true
M001160,2026 HON. GWEN MOORE,OFFICIAL EXPENSES OF MEMBERS,RENT COMMUNICATION UTILITIES,34005.52,34005.52,Gwen Moore,D,WI,4,119,2026Q1,true
M001160,2026 HON. GWEN MOORE,OFFICIAL EXPENSES OF MEMBERS,PRINTING AND REPRODUCTION,1520,1520,Gwen Moore,D,WI,4,119,2026Q1,true
M001160,2026 HON. GWEN MOORE,OFFICIAL EXPENSES OF MEMBERS,OTHER SERVICES,7299.52,7299.52,Gwen Moore,D,WI,4,119,2026Q1,true
M001160,2026 HON. GWEN MOORE,OFFICIAL EXPENSES OF MEMBERS,SUPPLIES AND MATERIALS,2274.86,2274.86,Gwen Moore,D,WI,4,119,2026Q1,true
M001160,2026 HON. GWEN MOORE,OFFICIAL EXPENSES OF MEMBERS,EQUIPMENT,1017,1017,Gwen Moore,D,WI,4,119,2026Q1,true
M001160,2026 HON. GWEN MOORE,INTERN ALLOWANCES,PERSONNEL COMPENSATION,11094.2,11094.2,Gwen Moore,D,WI,4,119,2026Q1,true
M001235,2026 HON. RILEY M. MOORE,OFFICIAL EXPENSES OF MEMBERS,FRANKED MAIL,25913.55,25913.55,Riley M. Moore,R,WV,2,119,2026Q1,true
M001235,2026 HON. RILEY M. MOORE,OFFICIAL EXPENSES OF MEMBERS,PERSONNEL COMPENSATION,341008.7,341008.7,Riley M. Moore,R,WV,2,119,2026Q1,true
M001235,2026 HON. RILEY M. MOORE,OFFICIAL EXPENSES OF MEMBERS,TRAVEL,17490.05,17490.05,Riley M. Moore,R,WV,2,119,2026Q1,true
M001235,2026 HON. RILEY M. MOORE,OFFICIAL EXPENSES OF MEMBERS,RENT COMMUNICATION UTILITIES,13491.91,13491.91,Riley M. Moore,R,WV,2,119,2026Q1,true
M001235,2026 HON. RILEY M. MOORE,OFFICIAL EXPENSES OF MEMBERS,PRINTING AND REPRODUCTION,26090.21,26090.21,Riley M. Moore,R,WV,2,119,2026Q1,true
M001235,2026 HON. RILEY M. MOORE,OFFICIAL EXPENSES OF MEMBERS,OTHER SERVICES,5570.06,5570.06,Riley M. Moore,R,WV,2,119,2026Q1,true
M001235,2026 HON. RILEY M. MOORE,OFFICIAL EXPENSES OF MEMBERS,SUPPLIES AND MATERIALS,1649.72,1649.72,Riley M. Moore,R,WV,2,119,2026Q1,true
M001235,2026 HON. RILEY M. MOORE,OFFICIAL EXPENSES OF MEMBERS,EQUIPMENT,3145.72,3145.72,Riley M. Moore,R,WV,2,119,2026Q1,true
M001235,2026 HON. RILEY M. MOORE,INTERN ALLOWANCES,PERSONNEL COMPENSATION,9390,9390,Riley M. Moore,R,WV,2,119,2026Q1,true
M001236,2026 HON. TIM MOORE,OFFICIAL EXPENSES OF MEMBERS,FRANKED MAIL,10971.43,10971.43,Tim Moore,R,NC,14,119,2026Q1,true
M001236,2026 HON. TIM MOORE,OFFICIAL EXPENSES OF MEMBERS,PERSONNEL COMPENSATION,282417.76,282417.76,Tim Moore,R,NC,14,119,2026Q1,true
M001236,2026 HON. TIM MOORE,OFFICIAL EXPENSES OF MEMBERS,TRAVEL,12918.17,12918.17,Tim Moore,R,NC,14,119,2026Q1,true
M001236,2026 HON. TIM MOORE,OFFICIAL EXPENSES OF MEMBERS,RENT COMMUNICATION UTILITIES,9307.11,9307.11,Tim Moore,R,NC,14,119,2026Q1,true
M001236,2026 HON. TIM MOORE,OFFICIAL EXPENSES OF MEMBERS,PRINTING AND REPRODUCTION,4135.47,4135.47,Tim Moore,R,NC,14,119,2026Q1,true
M001236,2026 HON. TIM MOORE,OFFICIAL EXPENSES OF MEMBERS,OTHER SERVICES,42.4,42.4,Tim Moore,R,NC,14,119,2026Q1,true
M001236,2026 HON. TIM MOORE,OFFICIAL EXPENSES OF MEMBERS,SUPPLIES AND MATERIALS,5095.74,5095.74,Tim Moore,R,NC,14,119,2026Q1,true
M001236,2026 HON. TIM MOORE,OFFICIAL EXPENSES OF MEMBERS,EQUIPMENT,584.96,584.96,Tim Moore,R,NC,14,119,2026Q1,true
M001224,2026 HON. NATHANIEL MORAN,OFFICIAL EXPENSES OF MEMBERS,FRANKED MAIL,932.81,932.81,Nathaniel Moran,R,TX,1,119,2026Q1,true
M001224,2026 HON. NATHANIEL MORAN,OFFICIAL EXPENSES OF MEMBERS,PERSONNEL COMPENSATION,299835.53,299835.53,Nathaniel Moran,R,TX,1,119,2026Q1,true
M001224,2026 HON. NATHANIEL MORAN,OFFICIAL EXPENSES OF MEMBERS,TRAVEL,12276.2,12276.2,Nathaniel Moran,R,TX,1,119,2026Q1,true
M001224,2026 HON. NATHANIEL MORAN,OFFICIAL EXPENSES OF MEMBERS,RENT COMMUNICATION UTILITIES,5597.7,5597.7,Nathaniel Moran,R,TX,1,119,2026Q1,true
M001224,2026 HON. NATHANIEL MORAN,OFFICIAL EXPENSES OF MEMBERS,PRINTING AND REPRODUCTION,20126.71,20126.71,Nathaniel Moran,R,TX,1,119,2026Q1,true
M001224,2026 HON. NATHANIEL MORAN,OFFICIAL EXPENSES OF MEMBERS,OTHER SERVICES,7473.34,7473.34,Nathaniel Moran,R,TX,1,119,2026Q1,true
M001224,2026 HON. NATHANIEL MORAN,OFFICIAL EXPENSES OF MEMBERS,SUPPLIES AND MATERIALS,8265.05,8265.05,Nathaniel Moran,R,TX,1,119,2026Q1,true
M001224,2026 HON. NATHANIEL MORAN,OFFICIAL EXPENSES OF MEMBERS,EQUIPMENT,1575,1575,Nathaniel Moran,R,TX,1,119,2026Q1,true
M001224,2026 HON. NATHANIEL MORAN,INTERN ALLOWANCES,PERSONNEL COMPENSATION,10700,10700,Nathaniel Moran,R,TX,1,119,2026Q1,true
M001206,2026 HON. JOSEPH D. MORELLE,OFFICIAL EXPENSES OF MEMBERS,FRANKED MAIL,-33.25,-33.25,Joseph D. Morelle,D,NY,25,119,2026Q1,true
M001206,2026 HON. JOSEPH D. MORELLE,OFFICIAL EXPENSES OF MEMBERS,PERSONNEL COMPENSATION,348123.22,348123.22,Joseph D. Morelle,D,NY,25,119,2026Q1,true
M001206,2026 HON. JOSEPH D. MORELLE,OFFICIAL EXPENSES OF MEMBERS,TRAVEL,21069.73,21069.73,Joseph D. Morelle,D,NY,25,119,2026Q1,true
M001206,2026 HON. JOSEPH D. MORELLE,OFFICIAL EXPENSES OF MEMBERS,RENT COMMUNICATION UTILITIES,32759.34,32759.34,Joseph D. Morelle,D,NY,25,119,2026Q1,true
M001206,2026 HON. JOSEPH D. MORELLE,OFFICIAL EXPENSES OF MEMBERS,PRINTING AND REPRODUCTION,49.4,49.4,Joseph D. Morelle,D,NY,25,119,2026Q1,true
M001206,2026 HON. JOSEPH D. MORELLE,OFFICIAL EXPENSES OF MEMBERS,SUPPLIES AND MATERIALS,5075.48,5075.48,Joseph D. Morelle,D,NY,25,119,2026Q1,true
M001206,2026 HON. JOSEPH D. MORELLE,OFFICIAL EXPENSES OF MEMBERS,EQUIPMENT,5817,5817,Joseph D. Morelle,D,NY,25,119,2026Q1,true
M001206,2026 HON. JOSEPH D. MORELLE,INTERN ALLOWANCES,PERSONNEL COMPENSATION,12791.68,12791.68,Joseph D. Morelle,D,NY,25,119,2026Q1,true
M001234,2026 HON. KELLY MORRISON,OFFICIAL EXPENSES OF MEMBERS,FRANKED MAIL,-3.92,-3.92,Kelly Morrison,D,MN,3,119,2026Q1,true
M001234,2026 HON. KELLY MORRISON,OFFICIAL EXPENSES OF MEMBERS,PERSONNEL COMPENSATION,351040.55,351040.55,Kelly Morrison,D,MN,3,119,2026Q1,true
M001234,2026 HON. KELLY MORRISON,OFFICIAL EXPENSES OF MEMBERS,TRAVEL,16044.55,16044.55,Kelly Morrison,D,MN,3,119,2026Q1,true
M001234,2026 HON. KELLY MORRISON,OFFICIAL EXPENSES OF MEMBERS,RENT COMMUNICATION UTILITIES,7901.98,7901.98,Kelly Morrison,D,MN,3,119,2026Q1,true
M001234,2026 HON. KELLY MORRISON,OFFICIAL EXPENSES OF MEMBERS,PRINTING AND REPRODUCTION,8712.13,8712.13,Kelly Morrison,D,MN,3,119,2026Q1,true
M001234,2026 HON. KELLY MORRISON,OFFICIAL EXPENSES OF MEMBERS,OTHER SERVICES,200,200,Kelly Morrison,D,MN,3,119,2026Q1,true
M001234,2026 HON. KELLY MORRISON,OFFICIAL EXPENSES OF MEMBERS,SUPPLIES AND MATERIALS,12727.03,12727.03,Kelly Morrison,D,MN,3,119,2026Q1,true
M001234,2026 HON. KELLY MORRISON,OFFICIAL EXPENSES OF MEMBERS,EQUIPMENT,1012,1012,Kelly Morrison,D,MN,3,119,2026Q1,true
M001234,2026 HON. KELLY MORRISON,INTERN ALLOWANCES,PERSONNEL COMPENSATION,13093.09,13093.09,Kelly Morrison,D,MN,3,119,2026Q1,true
M001217,2026 HON. JARED MOSKOWITZ,OFFICIAL EXPENSES OF MEMBERS,FRANKED MAIL,104.68,104.68,Jared Moskowitz,D,FL,23,119,2026Q1,true
M001217,2026 HON. JARED MOSKOWITZ,OFFICIAL EXPENSES OF MEMBERS,PERSONNEL COMPENSATION,371401.52,371401.52,Jared Moskowitz,D,FL,23,119,2026Q1,true
M001217,2026 HON. JARED MOSKOWITZ,OFFICIAL EXPENSES OF MEMBERS,TRAVEL,15377.4,15377.4,Jared Moskowitz,D,FL,23,119,2026Q1,true
M001217,2026 HON. JARED MOSKOWITZ,OFFICIAL EXPENSES OF MEMBERS,RENT COMMUNICATION UTILITIES,36103.64,36103.64,Jared Moskowitz,D,FL,23,119,2026Q1,true
M001217,2026 HON. JARED MOSKOWITZ,OFFICIAL EXPENSES OF MEMBERS,PRINTING AND REPRODUCTION,14003.67,14003.67,Jared Moskowitz,D,FL,23,119,2026Q1,true
M001217,2026 HON. JARED MOSKOWITZ,OFFICIAL EXPENSES OF MEMBERS,OTHER SERVICES,14678.7,14678.7,Jared Moskowitz,D,FL,23,119,2026Q1,true
M001217,2026 HON. JARED MOSKOWITZ,OFFICIAL EXPENSES OF MEMBERS,SUPPLIES AND MATERIALS,8092.34,8092.34,Jared Moskowitz,D,FL,23,119,2026Q1,true
M001217,2026 HON. JARED MOSKOWITZ,INTERN ALLOWANCES,PERSONNEL COMPENSATION,15594.67,15594.67,Jared Moskowitz,D,FL,23,119,2026Q1,true
M001196,2026 HON. SETH MOULTON,OFFICIAL EXPENSES OF MEMBERS,FRANKED MAIL,68.95,68.95,Seth Moulton,D,MA,6,119,2026Q1,true
M001196,2026 HON. SETH MOULTON,OFFICIAL EXPENSES OF MEMBERS,PERSONNEL COMPENSATION,379474.42,379474.42,Seth Moulton,D,MA,6,119,2026Q1,true
M001196,2026 HON. SETH MOULTON,OFFICIAL EXPENSES OF MEMBERS,TRAVEL,7716.94,7716.94,Seth Moulton,D,MA,6,119,2026Q1,true
M001196,2026 HON. SETH MOULTON,OFFICIAL EXPENSES OF MEMBERS,RENT COMMUNICATION UTILITIES,8667.5,8667.5,Seth Moulton,D,MA,6,119,2026Q1,true
M001196,2026 HON. SETH MOULTON,OFFICIAL EXPENSES OF MEMBERS,PRINTING AND REPRODUCTION,398,398,Seth Moulton,D,MA,6,119,2026Q1,true
M001196,2026 HON. SETH MOULTON,OFFICIAL EXPENSES OF MEMBERS,OTHER SERVICES,12135,12135,Seth Moulton,D,MA,6,119,2026Q1,true
M001196,2026 HON. SETH MOULTON,OFFICIAL EXPENSES OF MEMBERS,SUPPLIES AND MATERIALS,1465.73,1465.73,Seth Moulton,D,MA,6,119,2026Q1,true
M001196,2026 HON. SETH MOULTON,OFFICIAL EXPENSES OF MEMBERS,EQUIPMENT,2251.41,2251.41,Seth Moulton,D,MA,6,119,2026Q1,true
M001196,2026 HON. SETH MOULTON,INTERN ALLOWANCES,PERSONNEL COMPENSATION,5417.89,5417.89,Seth Moulton,D,MA,6,119,2026Q1,true
M001219,2026 HON. JAMES C. MOYLAN,OFFICIAL EXPENSES OF MEMBERS,FRANKED MAIL,142.96,142.96,James C. Moylan,R,GU,0,119,2026Q1,true
M001219,2026 HON. JAMES C. MOYLAN,OFFICIAL EXPENSES OF MEMBERS,PERSONNEL COMPENSATION,309159.43,309159.43,James C. Moylan,R,GU,0,119,2026Q1,true
M001219,2026 HON. JAMES C. MOYLAN,OFFICIAL EXPENSES OF MEMBERS,TRAVEL,19452.69,19452.69,James C. Moylan,R,GU,0,119,2026Q1,true
M001219,2026 HON. JAMES C. MOYLAN,OFFICIAL EXPENSES OF MEMBERS,RENT COMMUNICATION UTILITIES,43033.24,43033.24,James C. Moylan,R,GU,0,119,2026Q1,true
M001219,2026 HON. JAMES C. MOYLAN,OFFICIAL EXPENSES OF MEMBERS,PRINTING AND REPRODUCTION,20528.77,20528.77,James C. Moylan,R,GU,0,119,2026Q1,true
M001219,2026 HON. JAMES C. MOYLAN,OFFICIAL EXPENSES OF MEMBERS,OTHER SERVICES,21424.47,21424.47,James C. Moylan,R,GU,0,119,2026Q1,true
M001219,2026 HON. JAMES C. MOYLAN,OFFICIAL EXPENSES OF MEMBERS,SUPPLIES AND MATERIALS,4428.4,4428.4,James C. Moylan,R,GU,0,119,2026Q1,true
M001219,2026 HON. JAMES C. MOYLAN,OFFICIAL EXPENSES OF MEMBERS,EQUIPMENT,254,254,James C. Moylan,R,GU,0,119,2026Q1,true
M001219,2026 HON. JAMES C. MOYLAN,INTERN ALLOWANCES,PERSONNEL COMPENSATION,23436.1,23436.1,James C. Moylan,R,GU,0,119,2026Q1,true
M001214,2026 HON. FRANK J. MRVAN,OFFICIAL EXPENSES OF MEMBERS,FRANKED MAIL,427.25,427.25,Frank J. Mrvan,D,IN,1,119,2026Q1,true
M001214,2026 HON. FRANK J. MRVAN,OFFICIAL EXPENSES OF MEMBERS,PERSONNEL COMPENSATION,378228.85,378228.85,Frank J. Mrvan,D,IN,1,119,2026Q1,true
M001214,2026 HON. FRANK J. MRVAN,OFFICIAL EXPENSES OF MEMBERS,TRAVEL,5141.7,5141.7,Frank J. Mrvan,D,IN,1,119,2026Q1,true
M001214,2026 HON. FRANK J. MRVAN,OFFICIAL EXPENSES OF MEMBERS,RENT COMMUNICATION UTILITIES,4015.61,4015.61,Frank J. Mrvan,D,IN,1,119,2026Q1,true
M001214,2026 HON. FRANK J. MRVAN,OFFICIAL EXPENSES OF MEMBERS,PRINTING AND REPRODUCTION,368.5,368.5,Frank J. Mrvan,D,IN,1,119,2026Q1,true
M001214,2026 HON. FRANK J. MRVAN,OFFICIAL EXPENSES OF MEMBERS,OTHER SERVICES,11700,11700,Frank J. Mrvan,D,IN,1,119,2026Q1,true
M001214,2026 HON. FRANK J. MRVAN,OFFICIAL EXPENSES OF MEMBERS,SUPPLIES AND MATERIALS,4898.9,4898.9,Frank J. Mrvan,D,IN,1,119,2026Q1,true
M001214,2026 HON. FRANK J. MRVAN,OFFICIAL EXPENSES OF MEMBERS,EQUIPMENT,1002,1002,Frank J. Mrvan,D,IN,1,119,2026Q1,true
M001214,2026 HON. FRANK J. MRVAN,INTERN ALLOWANCES,PERSONNEL COMPENSATION,12780,12780,Frank J. Mrvan,D,IN,1,119,2026Q1,true
M001225,2026 HON. KEVIN MULLIN,OFFICIAL EXPENSES OF MEMBERS,FRANKED MAIL,-2.57,-2.57,Kevin Mullin,D,CA,15,119,2026Q1,true
M001225,2026 HON. KEVIN MULLIN,OFFICIAL EXPENSES OF MEMBERS,PERSONNEL COMPENSATION,326106.81,326106.81,Kevin Mullin,D,CA,15,119,2026Q1,true
M001225,2026 HON. KEVIN MULLIN,OFFICIAL EXPENSES OF MEMBERS,TRAVEL,12184.99,12184.99,Kevin Mullin,D,CA,15,119,2026Q1,true
M001225,2026 HON. KEVIN MULLIN,OFFICIAL EXPENSES OF MEMBERS,RENT COMMUNICATION UTILITIES,22253.45,22253.45,Kevin Mullin,D,CA,15,119,2026Q1,true
M001225,2026 HON. KEVIN MULLIN,OFFICIAL EXPENSES OF MEMBERS,PRINTING AND REPRODUCTION,420.45,420.45,Kevin Mullin,D,CA,15,119,2026Q1,true
M001225,2026 HON. KEVIN MULLIN,OFFICIAL EXPENSES OF MEMBERS,OTHER SERVICES,6471.12,6471.12,Kevin Mullin,D,CA,15,119,2026Q1,true
M001225,2026 HON. KEVIN MULLIN,OFFICIAL EXPENSES OF MEMBERS,SUPPLIES AND MATERIALS,2595.81,2595.81,Kevin Mullin,D,CA,15,119,2026Q1,true
M001225,2026 HON. KEVIN MULLIN,OFFICIAL EXPENSES OF MEMBERS,EQUIPMENT,1265,1265,Kevin Mullin,D,CA,15,119,2026Q1,true
M001225,2026 HON. KEVIN MULLIN,INTERN ALLOWANCES,PERSONNEL COMPENSATION,10775.57,10775.57,Kevin Mullin,D,CA,15,119,2026Q1,true
M001210,2026 HON. GREGORY FRANCIS MURPHY MD,OFFICIAL EXPENSES OF MEMBERS,FRANKED MAIL,209.1,209.1,Gregory F. Murphy,R,NC,3,119,2026Q1,true
M001210,2026 HON. GREGORY FRANCIS MURPHY MD,OFFICIAL EXPENSES OF MEMBERS,PERSONNEL COMPENSATION,339919.94,339919.94,Gregory F. Murphy,R,NC,3,119,2026Q1,true
M001210,2026 HON. GREGORY FRANCIS MURPHY MD,OFFICIAL EXPENSES OF MEMBERS,TRAVEL,14590.88,14590.88,Gregory F. Murphy,R,NC,3,119,2026Q1,true
M001210,2026 HON. GREGORY FRANCIS MURPHY MD,OFFICIAL EXPENSES OF MEMBERS,RENT COMMUNICATION UTILITIES,5748.95,5748.95,Gregory F. Murphy,R,NC,3,119,2026Q1,true
M001210,2026 HON. GREGORY FRANCIS MURPHY MD,OFFICIAL EXPENSES OF MEMBERS,PRINTING AND REPRODUCTION,1126.08,1126.08,Gregory F. Murphy,R,NC,3,119,2026Q1,true
M001210,2026 HON. GREGORY FRANCIS MURPHY MD,OFFICIAL EXPENSES OF MEMBERS,OTHER SERVICES,2764.98,2764.98,Gregory F. Murphy,R,NC,3,119,2026Q1,true
M001210,2026 HON. GREGORY FRANCIS MURPHY MD,OFFICIAL EXPENSES OF MEMBERS,SUPPLIES AND MATERIALS,18319.82,18319.82,Gregory F. Murphy,R,NC,3,119,2026Q1,true
M001210,2026 HON. GREGORY FRANCIS MURPHY MD,OFFICIAL EXPENSES OF MEMBERS,EQUIPMENT,791.1,791.1,Gregory F. Murphy,R,NC,3,119,2026Q1,true
M001210,2026 HON. GREGORY FRANCIS MURPHY MD,INTERN ALLOWANCES,PERSONNEL COMPENSATION,4425.01,4425.01,Gregory F. Murphy,R,NC,3,119,2026Q1,true
N000002,2026 HON. JERROLD NADLER,OFFICIAL EXPENSES OF MEMBERS,FRANKED MAIL,10.91,10.91,Jerrold Nadler,D,NY,10,119,2026Q1,true
N000002,2026 HON. JERROLD NADLER,OFFICIAL EXPENSES OF MEMBERS,PERSONNEL COMPENSATION,384411.79,384411.79,Jerrold Nadler,D,NY,10,119,2026Q1,true
N000002,2026 HON. JERROLD NADLER,OFFICIAL EXPENSES OF MEMBERS,TRAVEL,7578.19,7578.19,Jerrold Nadler,D,NY,10,119,2026Q1,true
N000002,2026 HON. JERROLD NADLER,OFFICIAL EXPENSES OF MEMBERS,RENT COMMUNICATION UTILITIES,41526.75,41526.75,Jerrold Nadler,D,NY,10,119,2026Q1,true
N000002,2026 HON. JERROLD NADLER,OFFICIAL EXPENSES OF MEMBERS,OTHER SERVICES,7751.18,7751.18,Jerrold Nadler,D,NY,10,119,2026Q1,true
N000002,2026 HON. JERROLD NADLER,OFFICIAL EXPENSES OF MEMBERS,SUPPLIES AND MATERIALS,4797.2,4797.2,Jerrold Nadler,D,NY,10,119,2026Q1,true
N000002,2026 HON. JERROLD NADLER,OFFICIAL EXPENSES OF MEMBERS,EQUIPMENT,501.15,501.15,Jerrold Nadler,D,NY,10,119,2026Q1,true
N000002,2026 HON. JERROLD NADLER,INTERN ALLOWANCES,PERSONNEL COMPENSATION,9240,9240,Jerrold Nadler,D,NY,10,119,2026Q1,true
N000015,2026 HON. RICHARD R. NEAL,OFFICIAL EXPENSES OF MEMBERS,FRANKED MAIL,-82.08,-82.08,Richard E. Neal,D,MA,1,119,2026Q1,true
N000015,2026 HON. RICHARD R. NEAL,OFFICIAL EXPENSES OF MEMBERS,PERSONNEL COMPENSATION,355414.5,355414.5,Richard E. Neal,D,MA,1,119,2026Q1,true
N000015,2026 HON. RICHARD R. NEAL,OFFICIAL EXPENSES OF MEMBERS,TRAVEL,6693.88,6693.88,Richard E. Neal,D,MA,1,119,2026Q1,true
N000015,2026 HON. RICHARD R. NEAL,OFFICIAL EXPENSES OF MEMBERS,RENT COMMUNICATION UTILITIES,28763.28,28763.28,Richard E. Neal,D,MA,1,119,2026Q1,true
N000015,2026 HON. RICHARD R. NEAL,OFFICIAL EXPENSES OF MEMBERS,PRINTING AND REPRODUCTION,49.5,49.5,Richard E. Neal,D,MA,1,119,2026Q1,true
N000015,2026 HON. RICHARD R. NEAL,OFFICIAL EXPENSES OF MEMBERS,OTHER SERVICES,15209.36,15209.36,Richard E. Neal,D,MA,1,119,2026Q1,true
N000015,2026 HON. RICHARD R. NEAL,OFFICIAL EXPENSES OF MEMBERS,SUPPLIES AND MATERIALS,11478.73,11478.73,Richard E. Neal,D,MA,1,119,2026Q1,true
N000015,2026 HON. RICHARD R. NEAL,OFFICIAL EXPENSES OF MEMBERS,EQUIPMENT,3397.52,3397.52,Richard E. Neal,D,MA,1,119,2026Q1,true
N000015,2026 HON. RICHARD R. NEAL,INTERN ALLOWANCES,PERSONNEL COMPENSATION,15788.77,15788.77,Richard E. Neal,D,MA,1,119,2026Q1,true
N000191,2026 HON. JOE NEGUSE,OFFICIAL EXPENSES OF MEMBERS,FRANKED MAIL,16.59,16.59,Joe Neguse,D,CO,2,119,2026Q1,true
N000191,2026 HON. JOE NEGUSE,OFFICIAL EXPENSES OF MEMBERS,PERSONNEL COMPENSATION,402290.07,402290.07,Joe Neguse,D,CO,2,119,2026Q1,true
N000191,2026 HON. JOE NEGUSE,OFFICIAL EXPENSES OF MEMBERS,TRAVEL,7170.68,7170.68,Joe Neguse,D,CO,2,119,2026Q1,true
N000191,2026 HON. JOE NEGUSE,OFFICIAL EXPENSES OF MEMBERS,RENT COMMUNICATION UTILITIES,3323.24,3323.24,Joe Neguse,D,CO,2,119,2026Q1,true
N000191,2026 HON. JOE NEGUSE,OFFICIAL EXPENSES OF MEMBERS,PRINTING AND REPRODUCTION,274.56,274.56,Joe Neguse,D,CO,2,119,2026Q1,true
N000191,2026 HON. JOE NEGUSE,OFFICIAL EXPENSES OF MEMBERS,OTHER SERVICES,6795.75,6795.75,Joe Neguse,D,CO,2,119,2026Q1,true
N000191,2026 HON. JOE NEGUSE,OFFICIAL EXPENSES OF MEMBERS,SUPPLIES AND MATERIALS,429.43,429.43,Joe Neguse,D,CO,2,119,2026Q1,true
N000191,2026 HON. JOE NEGUSE,INTERN ALLOWANCES,PERSONNEL COMPENSATION,9066.65,9066.65,Joe Neguse,D,CO,2,119,2026Q1,true
N000026,2026 HON. TROY E. NEHLS,OFFICIAL EXPENSES OF MEMBERS,FRANKED MAIL,-114.62,-114.62,Troy E. Nehls,R,TX,22,119,2026Q1,true
N000026,2026 HON. TROY E. NEHLS,OFFICIAL EXPENSES OF MEMBERS,PERSONNEL COMPENSATION,290100.01,290100.01,Troy E. Nehls,R,TX,22,119,2026Q1,true
N000026,2026 HON. TROY E. NEHLS,OFFICIAL EXPENSES OF MEMBERS,TRAVEL,30685.07,30685.07,Troy E. Nehls,R,TX,22,119,2026Q1,true
N000026,2026 HON. TROY E. NEHLS,OFFICIAL EXPENSES OF MEMBERS,RENT COMMUNICATION UTILITIES,2314.7,2314.7,Troy E. Nehls,R,TX,22,119,2026Q1,true
N000026,2026 HON. TROY E. NEHLS,OFFICIAL EXPENSES OF MEMBERS,PRINTING AND REPRODUCTION,24541.29,24541.29,Troy E. Nehls,R,TX,22,119,2026Q1,true
N000026,2026 HON. TROY E. NEHLS,OFFICIAL EXPENSES OF MEMBERS,OTHER SERVICES,13335.31,13335.31,Troy E. Nehls,R,TX,22,119,2026Q1,true
N000026,2026 HON. TROY E. NEHLS,OFFICIAL EXPENSES OF MEMBERS,SUPPLIES AND MATERIALS,4211.99,4211.99,Troy E. Nehls,R,TX,22,119,2026Q1,true
N000026,2026 HON. TROY E. NEHLS,OFFICIAL EXPENSES OF MEMBERS,EQUIPMENT,990,990,Troy E. Nehls,R,TX,22,119,2026Q1,true
N000026,2026 HON. TROY E. NEHLS,INTERN ALLOWANCES,PERSONNEL COMPENSATION,9461.11,9461.11,Troy E. Nehls,R,TX,22,119,2026Q1,true
N000189,2026 HON. DAN NEWHOUSE,OFFICIAL EXPENSES OF MEMBERS,FRANKED MAIL,13.12,13.12,Dan Newhouse,R,WA,4,119,2026Q1,true
N000189,2026 HON. DAN NEWHOUSE,OFFICIAL EXPENSES OF MEMBERS,PERSONNEL COMPENSATION,357097.77,357097.77,Dan Newhouse,R,WA,4,119,2026Q1,true
N000189,2026 HON. DAN NEWHOUSE,OFFICIAL EXPENSES OF MEMBERS,TRAVEL,12297.08,12297.08,Dan Newhouse,R,WA,4,119,2026Q1,true
N000189,2026 HON. DAN NEWHOUSE,OFFICIAL EXPENSES OF MEMBERS,RENT COMMUNICATION UTILITIES,10727.21,10727.21,Dan Newhouse,R,WA,4,119,2026Q1,true
N000189,2026 HON. DAN NEWHOUSE,OFFICIAL EXPENSES OF MEMBERS,PRINTING AND REPRODUCTION,334.24,334.24,Dan Newhouse,R,WA,4,119,2026Q1,true
N000189,2026 HON. DAN NEWHOUSE,OFFICIAL EXPENSES OF MEMBERS,OTHER SERVICES,6120,6120,Dan Newhouse,R,WA,4,119,2026Q1,true
N000189,2026 HON. DAN NEWHOUSE,OFFICIAL EXPENSES OF MEMBERS,SUPPLIES AND MATERIALS,9506.25,9506.25,Dan Newhouse,R,WA,4,119,2026Q1,true
N000189,2026 HON. DAN NEWHOUSE,OFFICIAL EXPENSES OF MEMBERS,EQUIPMENT,465,465,Dan Newhouse,R,WA,4,119,2026Q1,true
N000189,2026 HON. DAN NEWHOUSE,INTERN ALLOWANCES,PERSONNEL COMPENSATION,6300,6300,Dan Newhouse,R,WA,4,119,2026Q1,true
N000188,2026 HON. DONALD NORCROSS,OFFICIAL EXPENSES OF MEMBERS,FRANKED MAIL,371.71,371.71,Donald Norcross,D,NJ,1,119,2026Q1,true
N000188,2026 HON. DONALD NORCROSS,OFFICIAL EXPENSES OF MEMBERS,PERSONNEL COMPENSATION,324022.77,324022.77,Donald Norcross,D,NJ,1,119,2026Q1,true
N000188,2026 HON. DONALD NORCROSS,OFFICIAL EXPENSES OF MEMBERS,TRAVEL,1816.35,1816.35,Donald Norcross,D,NJ,1,119,2026Q1,true
N000188,2026 HON. DONALD NORCROSS,OFFICIAL EXPENSES OF MEMBERS,RENT COMMUNICATION UTILITIES,43882.67,43882.67,Donald Norcross,D,NJ,1,119,2026Q1,true
N000188,2026 HON. DONALD NORCROSS,OFFICIAL EXPENSES OF MEMBERS,PRINTING AND REPRODUCTION,5919.57,5919.57,Donald Norcross,D,NJ,1,119,2026Q1,true
N000188,2026 HON. DONALD NORCROSS,OFFICIAL EXPENSES OF MEMBERS,OTHER SERVICES,12568.71,12568.71,Donald Norcross,D,NJ,1,119,2026Q1,true
N000188,2026 HON. DONALD NORCROSS,OFFICIAL EXPENSES OF MEMBERS,SUPPLIES AND MATERIALS,14584.69,14584.69,Donald Norcross,D,NJ,1,119,2026Q1,true
N000188,2026 HON. DONALD NORCROSS,OFFICIAL EXPENSES OF MEMBERS,EQUIPMENT,1266,1266,Donald Norcross,D,NJ,1,119,2026Q1,true
N000188,2026 HON. DONALD NORCROSS,INTERN ALLOWANCES,PERSONNEL COMPENSATION,8476.36,8476.36,Donald Norcross,D,NJ,1,119,2026Q1,true
N000190,2026 HON. RALPH NORMAN,OFFICIAL EXPENSES OF MEMBERS,FRANKED MAIL,711.82,711.82,Ralph Norman,R,SC,5,119,2026Q1,true
N000190,2026 HON. RALPH NORMAN,OFFICIAL EXPENSES OF MEMBERS,PERSONNEL COMPENSATION,266622.24,266622.24,Ralph Norman,R,SC,5,119,2026Q1,true
N000190,2026 HON. RALPH NORMAN,OFFICIAL EXPENSES OF MEMBERS,TRAVEL,9081.29,9081.29,Ralph Norman,R,SC,5,119,2026Q1,true
N000190,2026 HON. RALPH NORMAN,OFFICIAL EXPENSES OF MEMBERS,RENT COMMUNICATION UTILITIES,6940.87,6940.87,Ralph Norman,R,SC,5,119,2026Q1,true
N000190,2026 HON. RALPH NORMAN,OFFICIAL EXPENSES OF MEMBERS,PRINTING AND REPRODUCTION,140430.68,140430.68,Ralph Norman,R,SC,5,119,2026Q1,true
N000190,2026 HON. RALPH NORMAN,OFFICIAL EXPENSES OF MEMBERS,OTHER SERVICES,450.74,450.74,Ralph Norman,R,SC,5,119,2026Q1,true
N000190,2026 HON. RALPH NORMAN,OFFICIAL EXPENSES OF MEMBERS,SUPPLIES AND MATERIALS,8819.7,8819.7,Ralph Norman,R,SC,5,119,2026Q1,true
N000190,2026 HON. RALPH NORMAN,INTERN ALLOWANCES,PERSONNEL COMPENSATION,10500.01,10500.01,Ralph Norman,R,SC,5,119,2026Q1,true
N000147,2026 HON. ELEANOR HOLMES NORTON,OFFICIAL EXPENSES OF MEMBERS,FRANKED MAIL,-32.34,-32.34,Eleanor Holmes Norton,D,DC,0,119,2026Q1,true
N000147,2026 HON. ELEANOR HOLMES NORTON,OFFICIAL EXPENSES OF MEMBERS,PERSONNEL COMPENSATION,430250,430250,Eleanor Holmes Norton,D,DC,0,119,2026Q1,true
N000147,2026 HON. ELEANOR HOLMES NORTON,OFFICIAL EXPENSES OF MEMBERS,RENT COMMUNICATION UTILITIES,50626,50626,Eleanor Holmes Norton,D,DC,0,119,2026Q1,true
N000147,2026 HON. ELEANOR HOLMES NORTON,OFFICIAL EXPENSES OF MEMBERS,PRINTING AND REPRODUCTION,114,114,Eleanor Holmes Norton,D,DC,0,119,2026Q1,true
N000147,2026 HON. ELEANOR HOLMES NORTON,OFFICIAL EXPENSES OF MEMBERS,OTHER SERVICES,10923,10923,Eleanor Holmes Norton,D,DC,0,119,2026Q1,true
N000147,2026 HON. ELEANOR HOLMES NORTON,OFFICIAL EXPENSES OF MEMBERS,SUPPLIES AND MATERIALS,14912.4,14912.4,Eleanor Holmes Norton,D,DC,0,119,2026Q1,true
N000147,2026 HON. ELEANOR HOLMES NORTON,OFFICIAL EXPENSES OF MEMBERS,EQUIPMENT,1002,1002,Eleanor Holmes Norton,D,DC,0,119,2026Q1,true
N000147,2026 HON. ELEANOR HOLMES NORTON,INTERN ALLOWANCES,PERSONNEL COMPENSATION,15716.67,15716.67,Eleanor Holmes Norton,D,DC,0,119,2026Q1,true
N000193,2026 HON. ZACHARY NUNN,OFFICIAL EXPENSES OF MEMBERS,FRANKED MAIL,-71.29,-71.29,Zachary Nunn,R,IA,3,119,2026Q1,true
N000193,2026 HON. ZACHARY NUNN,OFFICIAL EXPENSES OF MEMBERS,PERSONNEL COMPENSATION,295819.45,295819.45,Zachary Nunn,R,IA,3,119,2026Q1,true
N000193,2026 HON. ZACHARY NUNN,OFFICIAL EXPENSES OF MEMBERS,TRAVEL,7164.15,7164.15,Zachary Nunn,R,IA,3,119,2026Q1,true
N000193,2026 HON. ZACHARY NUNN,OFFICIAL EXPENSES OF MEMBERS,RENT COMMUNICATION UTILITIES,17256.69,17256.69,Zachary Nunn,R,IA,3,119,2026Q1,true
N000193,2026 HON. ZACHARY NUNN,OFFICIAL EXPENSES OF MEMBERS,PRINTING AND REPRODUCTION,24244.01,24244.01,Zachary Nunn,R,IA,3,119,2026Q1,true
N000193,2026 HON. ZACHARY NUNN,OFFICIAL EXPENSES OF MEMBERS,OTHER SERVICES,858.63,858.63,Zachary Nunn,R,IA,3,119,2026Q1,true
N000193,2026 HON. ZACHARY NUNN,OFFICIAL EXPENSES OF MEMBERS,SUPPLIES AND MATERIALS,953.18,953.18,Zachary Nunn,R,IA,3,119,2026Q1,true
N000193,2026 HON. ZACHARY NUNN,OFFICIAL EXPENSES OF MEMBERS,EQUIPMENT,591.99,591.99,Zachary Nunn,R,IA,3,119,2026Q1,true
N000193,2026 HON. ZACHARY NUNN,INTERN ALLOWANCES,PERSONNEL COMPENSATION,6681.33,6681.33,Zachary Nunn,R,IA,3,119,2026Q1,true
O000019,2026 HON. JAY OBERNOLTE,OFFICIAL EXPENSES OF MEMBERS,FRANKED MAIL,101.47,101.47,Jay Obernolte,R,CA,8,119,2026Q1,true
O000019,2026 HON. JAY OBERNOLTE,OFFICIAL EXPENSES OF MEMBERS,PERSONNEL COMPENSATION,293940.53,293940.53,Jay Obernolte,R,CA,8,119,2026Q1,true
O000019,2026 HON. JAY OBERNOLTE,OFFICIAL EXPENSES OF MEMBERS,TRAVEL,9558.76,9558.76,Jay Obernolte,R,CA,8,119,2026Q1,true
O000019,2026 HON. JAY OBERNOLTE,OFFICIAL EXPENSES OF MEMBERS,RENT COMMUNICATION UTILITIES,1028.09,1028.09,Jay Obernolte,R,CA,8,119,2026Q1,true
O000019,2026 HON. JAY OBERNOLTE,OFFICIAL EXPENSES OF MEMBERS,PRINTING AND REPRODUCTION,590.41,590.41,Jay Obernolte,R,CA,8,119,2026Q1,true
O000019,2026 HON. JAY OBERNOLTE,OFFICIAL EXPENSES OF MEMBERS,SUPPLIES AND MATERIALS,1517.37,1517.37,Jay Obernolte,R,CA,8,119,2026Q1,true
O000019,2026 HON. JAY OBERNOLTE,OFFICIAL EXPENSES OF MEMBERS,EQUIPMENT,750,750,Jay Obernolte,R,CA,8,119,2026Q1,true
O000019,2026 HON. JAY OBERNOLTE,INTERN ALLOWANCES,PERSONNEL COMPENSATION,8241.11,8241.11,Jay Obernolte,R,CA,8,119,2026Q1,true
O000172,2026 HON. ALEXANDRIA OCASIO-CORTEZ,OFFICIAL EXPENSES OF MEMBERS,PERSONNEL COMPENSATION,333826.96,333826.96,Alexandria Ocasio-Cortez,D,NY,14,119,2026Q1,true
O000172,2026 HON. ALEXANDRIA OCASIO-CORTEZ,OFFICIAL EXPENSES OF MEMBERS,TRAVEL,5170.01,5170.01,Alexandria Ocasio-Cortez,D,NY,14,119,2026Q1,true
O000172,2026 HON. ALEXANDRIA OCASIO-CORTEZ,OFFICIAL EXPENSES OF MEMBERS,RENT COMMUNICATION UTILITIES,2429.51,2429.51,Alexandria Ocasio-Cortez,D,NY,14,119,2026Q1,true
O000172,2026 HON. ALEXANDRIA OCASIO-CORTEZ,OFFICIAL EXPENSES OF MEMBERS,PRINTING AND REPRODUCTION,1336.1,1336.1,Alexandria Ocasio-Cortez,D,NY,14,119,2026Q1,true
O000172,2026 HON. ALEXANDRIA OCASIO-CORTEZ,OFFICIAL EXPENSES OF MEMBERS,OTHER SERVICES,16123.64,16123.64,Alexandria Ocasio-Cortez,D,NY,14,119,2026Q1,true
O000172,2026 HON. ALEXANDRIA OCASIO-CORTEZ,OFFICIAL EXPENSES OF MEMBERS,SUPPLIES AND MATERIALS,10859.58,10859.58,Alexandria Ocasio-Cortez,D,NY,14,119,2026Q1,true
O000172,2026 HON. ALEXANDRIA OCASIO-CORTEZ,OFFICIAL EXPENSES OF MEMBERS,EQUIPMENT,2092.99,2092.99,Alexandria Ocasio-Cortez,D,NY,14,119,2026Q1,true
O000172,2026 HON. ALEXANDRIA OCASIO-CORTEZ,INTERN ALLOWANCES,PERSONNEL COMPENSATION,10594.8,10594.8,Alexandria Ocasio-Cortez,D,NY,14,119,2026Q1,true
O000175,2026 HON. ANDREW OGLES,OFFICIAL EXPENSES OF MEMBERS,FRANKED MAIL,-1.33,-1.33,Andrew Ogles,R,TN,5,119,2026Q1,true
O000175,2026 HON. ANDREW OGLES,OFFICIAL EXPENSES OF MEMBERS,PERSONNEL COMPENSATION,354676.68,354676.68,Andrew Ogles,R,TN,5,119,2026Q1,true
O000175,2026 HON. ANDREW OGLES,OFFICIAL EXPENSES OF MEMBERS,TRAVEL,4591.36,4591.36,Andrew Ogles,R,TN,5,119,2026Q1,true
O000175,2026 HON. ANDREW OGLES,OFFICIAL EXPENSES OF MEMBERS,RENT COMMUNICATION UTILITIES,7081.59,7081.59,Andrew Ogles,R,TN,5,119,2026Q1,true
O000175,2026 HON. ANDREW OGLES,OFFICIAL EXPENSES OF MEMBERS,PRINTING AND REPRODUCTION,640.5,640.5,Andrew Ogles,R,TN,5,119,2026Q1,true
O000175,2026 HON. ANDREW OGLES,OFFICIAL EXPENSES OF MEMBERS,OTHER SERVICES,9943.07,9943.07,Andrew Ogles,R,TN,5,119,2026Q1,true
O000175,2026 HON. ANDREW OGLES,OFFICIAL EXPENSES OF MEMBERS,SUPPLIES AND MATERIALS,3715.1,3715.1,Andrew Ogles,R,TN,5,119,2026Q1,true
O000175,2026 HON. ANDREW OGLES,OFFICIAL EXPENSES OF MEMBERS,EQUIPMENT,2289.53,2289.53,Andrew Ogles,R,TN,5,119,2026Q1,true
O000175,2026 HON. ANDREW OGLES,INTERN ALLOWANCES,PERSONNEL COMPENSATION,8906.67,8906.67,Andrew Ogles,R,TN,5,119,2026Q1,true
O000176,2026 HON. JOHNNY OLSZEWSKI JR.,OFFICIAL EXPENSES OF MEMBERS,FRANKED MAIL,-105.84,-105.84,"Johnny Olszewski, Jr.",D,MD,2,119,2026Q1,true
O000176,2026 HON. JOHNNY OLSZEWSKI JR.,OFFICIAL EXPENSES OF MEMBERS,PERSONNEL COMPENSATION,335472.19,335472.19,"Johnny Olszewski, Jr.",D,MD,2,119,2026Q1,true
O000176,2026 HON. JOHNNY OLSZEWSKI JR.,OFFICIAL EXPENSES OF MEMBERS,TRAVEL,5186.19,5186.19,"Johnny Olszewski, Jr.",D,MD,2,119,2026Q1,true
O000176,2026 HON. JOHNNY OLSZEWSKI JR.,OFFICIAL EXPENSES OF MEMBERS,RENT COMMUNICATION UTILITIES,9361.55,9361.55,"Johnny Olszewski, Jr.",D,MD,2,119,2026Q1,true
O000176,2026 HON. JOHNNY OLSZEWSKI JR.,OFFICIAL EXPENSES OF MEMBERS,PRINTING AND REPRODUCTION,782.15,782.15,"Johnny Olszewski, Jr.",D,MD,2,119,2026Q1,true
O000176,2026 HON. JOHNNY OLSZEWSKI JR.,OFFICIAL EXPENSES OF MEMBERS,OTHER SERVICES,4492.12,4492.12,"Johnny Olszewski, Jr.",D,MD,2,119,2026Q1,true
O000176,2026 HON. JOHNNY OLSZEWSKI JR.,OFFICIAL EXPENSES OF MEMBERS,SUPPLIES AND MATERIALS,7863.29,7863.29,"Johnny Olszewski, Jr.",D,MD,2,119,2026Q1,true
O000176,2026 HON. JOHNNY OLSZEWSKI JR.,OFFICIAL EXPENSES OF MEMBERS,EQUIPMENT,2224,2224,"Johnny Olszewski, Jr.",D,MD,2,119,2026Q1,true
O000176,2026 HON. JOHNNY OLSZEWSKI JR.,INTERN ALLOWANCES,PERSONNEL COMPENSATION,7286.66,7286.66,"Johnny Olszewski, Jr.",D,MD,2,119,2026Q1,true
O000173,2026 HON. ILHAN OMAR,OFFICIAL EXPENSES OF MEMBERS,FRANKED MAIL,71.41,71.41,Ilhan Omar,D,MN,5,119,2026Q1,true
O000173,2026 HON. ILHAN OMAR,OFFICIAL EXPENSES OF MEMBERS,PERSONNEL COMPENSATION,314556.18,314556.18,Ilhan Omar,D,MN,5,119,2026Q1,true
O000173,2026 HON. ILHAN OMAR,OFFICIAL EXPENSES OF MEMBERS,TRAVEL,19755.09,19755.09,Ilhan Omar,D,MN,5,119,2026Q1,true
O000173,2026 HON. ILHAN OMAR,OFFICIAL EXPENSES OF MEMBERS,RENT COMMUNICATION UTILITIES,6577.07,6577.07,Ilhan Omar,D,MN,5,119,2026Q1,true
O000173,2026 HON. ILHAN OMAR,OFFICIAL EXPENSES OF MEMBERS,PRINTING AND REPRODUCTION,1809.93,1809.93,Ilhan Omar,D,MN,5,119,2026Q1,true
O000173,2026 HON. ILHAN OMAR,OFFICIAL EXPENSES OF MEMBERS,OTHER SERVICES,13624.64,13624.64,Ilhan Omar,D,MN,5,119,2026Q1,true
O000173,2026 HON. ILHAN OMAR,OFFICIAL EXPENSES OF MEMBERS,SUPPLIES AND MATERIALS,1834.57,1834.57,Ilhan Omar,D,MN,5,119,2026Q1,true
O000173,2026 HON. ILHAN OMAR,OFFICIAL EXPENSES OF MEMBERS,EQUIPMENT,2445,2445,Ilhan Omar,D,MN,5,119,2026Q1,true
O000173,2026 HON. ILHAN OMAR,INTERN ALLOWANCES,PERSONNEL COMPENSATION,9192,9192,Ilhan Omar,D,MN,5,119,2026Q1,true
O000177,2026 HON. ROBERT F. ONDER JR.,OFFICIAL EXPENSES OF MEMBERS,FRANKED MAIL,17085.65,17085.65,"Robert F. Onder, Jr.",R,MO,3,119,2026Q1,true
O000177,2026 HON. ROBERT F. ONDER JR.,OFFICIAL EXPENSES OF MEMBERS,PERSONNEL COMPENSATION,314588.05,314588.05,"Robert F. Onder, Jr.",R,MO,3,119,2026Q1,true
O000177,2026 HON. ROBERT F. ONDER JR.,OFFICIAL EXPENSES OF MEMBERS,TRAVEL,11179.73,11179.73,"Robert F. Onder, Jr.",R,MO,3,119,2026Q1,true
O000177,2026 HON. ROBERT F. ONDER JR.,OFFICIAL EXPENSES OF MEMBERS,RENT COMMUNICATION UTILITIES,3409.69,3409.69,"Robert F. Onder, Jr.",R,MO,3,119,2026Q1,true
O000177,2026 HON. ROBERT F. ONDER JR.,OFFICIAL EXPENSES OF MEMBERS,PRINTING AND REPRODUCTION,15084.45,15084.45,"Robert F. Onder, Jr.",R,MO,3,119,2026Q1,true
O000177,2026 HON. ROBERT F. ONDER JR.,OFFICIAL EXPENSES OF MEMBERS,OTHER SERVICES,500,500,"Robert F. Onder, Jr.",R,MO,3,119,2026Q1,true
O000177,2026 HON. ROBERT F. ONDER JR.,OFFICIAL EXPENSES OF MEMBERS,SUPPLIES AND MATERIALS,2694.41,2694.41,"Robert F. Onder, Jr.",R,MO,3,119,2026Q1,true
O000177,2026 HON. ROBERT F. ONDER JR.,OFFICIAL EXPENSES OF MEMBERS,EQUIPMENT,930,930,"Robert F. Onder, Jr.",R,MO,3,119,2026Q1,true
O000177,2026 HON. ROBERT F. ONDER JR.,INTERN ALLOWANCES,PERSONNEL COMPENSATION,6073.33,6073.33,"Robert F. Onder, Jr.",R,MO,3,119,2026Q1,true
O000086,2026 HON. BURGESS OWENS,OFFICIAL EXPENSES OF MEMBERS,FRANKED MAIL,4.71,4.71,Burgess Owens,R,UT,4,119,2026Q1,true
O000086,2026 HON. BURGESS OWENS,OFFICIAL EXPENSES OF MEMBERS,PERSONNEL COMPENSATION,281411.1,281411.1,Burgess Owens,R,UT,4,119,2026Q1,true
O000086,2026 HON. BURGESS OWENS,OFFICIAL EXPENSES OF MEMBERS,TRAVEL,19784.85,19784.85,Burgess Owens,R,UT,4,119,2026Q1,true
O000086,2026 HON. BURGESS OWENS,OFFICIAL EXPENSES OF MEMBERS,RENT COMMUNICATION UTILITIES,1792.36,1792.36,Burgess Owens,R,UT,4,119,2026Q1,true
O000086,2026 HON. BURGESS OWENS,OFFICIAL EXPENSES OF MEMBERS,PRINTING AND REPRODUCTION,166.5,166.5,Burgess Owens,R,UT,4,119,2026Q1,true
O000086,2026 HON. BURGESS OWENS,OFFICIAL EXPENSES OF MEMBERS,OTHER SERVICES,1620,1620,Burgess Owens,R,UT,4,119,2026Q1,true
O000086,2026 HON. BURGESS OWENS,OFFICIAL EXPENSES OF MEMBERS,SUPPLIES AND MATERIALS,794.09,794.09,Burgess Owens,R,UT,4,119,2026Q1,true
O000086,2026 HON. BURGESS OWENS,OFFICIAL EXPENSES OF MEMBERS,EQUIPMENT,360,360,Burgess Owens,R,UT,4,119,2026Q1,true
O000086,2026 HON. BURGESS OWENS,INTERN ALLOWANCES,PERSONNEL COMPENSATION,12040.01,12040.01,Burgess Owens,R,UT,4,119,2026Q1,true
P000034,2026 HON. FRANK PALLONE JR.,OFFICIAL EXPENSES OF MEMBERS,FRANKED MAIL,118.91,118.91,"Frank Pallone, Jr.",D,NJ,6,119,2026Q1,true
P000034,2026 HON. FRANK PALLONE JR.,OFFICIAL EXPENSES OF MEMBERS,PERSONNEL COMPENSATION,367008.4,367008.4,"Frank Pallone, Jr.",D,NJ,6,119,2026Q1,true
P000034,2026 HON. FRANK PALLONE JR.,OFFICIAL EXPENSES OF MEMBERS,TRAVEL,5919.56,5919.56,"Frank Pallone, Jr.",D,NJ,6,119,2026Q1,true
P000034,2026 HON. FRANK PALLONE JR.,OFFICIAL EXPENSES OF MEMBERS,RENT COMMUNICATION UTILITIES,8884.55,8884.55,"Frank Pallone, Jr.",D,NJ,6,119,2026Q1,true
P000034,2026 HON. FRANK PALLONE JR.,OFFICIAL EXPENSES OF MEMBERS,PRINTING AND REPRODUCTION,587.5,587.5,"Frank Pallone, Jr.",D,NJ,6,119,2026Q1,true
P000034,2026 HON. FRANK PALLONE JR.,OFFICIAL EXPENSES OF MEMBERS,OTHER SERVICES,6417.75,6417.75,"Frank Pallone, Jr.",D,NJ,6,119,2026Q1,true
P000034,2026 HON. FRANK PALLONE JR.,OFFICIAL EXPENSES OF MEMBERS,SUPPLIES AND MATERIALS,1448.01,1448.01,"Frank Pallone, Jr.",D,NJ,6,119,2026Q1,true
P000034,2026 HON. FRANK PALLONE JR.,OFFICIAL EXPENSES OF MEMBERS,EQUIPMENT,1287.76,1287.76,"Frank Pallone, Jr.",D,NJ,6,119,2026Q1,true
P000034,2026 HON. FRANK PALLONE JR.,INTERN ALLOWANCES,PERSONNEL COMPENSATION,2706.23,2706.23,"Frank Pallone, Jr.",D,NJ,6,119,2026Q1,true
P000609,2026 HON. GARY J. PALMER,OFFICIAL EXPENSES OF MEMBERS,FRANKED MAIL,69.42,69.42,Gary J. Palmer,R,AL,6,119,2026Q1,true
P000609,2026 HON. GARY J. PALMER,OFFICIAL EXPENSES OF MEMBERS,PERSONNEL COMPENSATION,301016.94,301016.94,Gary J. Palmer,R,AL,6,119,2026Q1,true
P000609,2026 HON. GARY J. PALMER,OFFICIAL EXPENSES OF MEMBERS,TRAVEL,4498.01,4498.01,Gary J. Palmer,R,AL,6,119,2026Q1,true
P000609,2026 HON. GARY J. PALMER,OFFICIAL EXPENSES OF MEMBERS,RENT COMMUNICATION UTILITIES,6327.9,6327.9,Gary J. Palmer,R,AL,6,119,2026Q1,true
P000609,2026 HON. GARY J. PALMER,OFFICIAL EXPENSES OF MEMBERS,PRINTING AND REPRODUCTION,265.5,265.5,Gary J. Palmer,R,AL,6,119,2026Q1,true
P000609,2026 HON. GARY J. PALMER,OFFICIAL EXPENSES OF MEMBERS,OTHER SERVICES,4520.6,4520.6,Gary J. Palmer,R,AL,6,119,2026Q1,true
P000609,2026 HON. GARY J. PALMER,OFFICIAL EXPENSES OF MEMBERS,SUPPLIES AND MATERIALS,2265.38,2265.38,Gary J. Palmer,R,AL,6,119,2026Q1,true
P000609,2026 HON. GARY J. PALMER,OFFICIAL EXPENSES OF MEMBERS,EQUIPMENT,33.35,33.35,Gary J. Palmer,R,AL,6,119,2026Q1,true
P000613,2026 HON. JIMMY PANETTA,OFFICIAL EXPENSES OF MEMBERS,FRANKED MAIL,16210.56,16210.56,Jimmy Panetta,D,CA,20,119,2026Q1,true
P000613,2026 HON. JIMMY PANETTA,OFFICIAL EXPENSES OF MEMBERS,PERSONNEL COMPENSATION,349341.62,349341.62,Jimmy Panetta,D,CA,20,119,2026Q1,true
P000613,2026 HON. JIMMY PANETTA,OFFICIAL EXPENSES OF MEMBERS,TRAVEL,14185.6,14185.6,Jimmy Panetta,D,CA,20,119,2026Q1,true
P000613,2026 HON. JIMMY PANETTA,OFFICIAL EXPENSES OF MEMBERS,RENT COMMUNICATION UTILITIES,38908.97,38908.97,Jimmy Panetta,D,CA,20,119,2026Q1,true
P000613,2026 HON. JIMMY PANETTA,OFFICIAL EXPENSES OF MEMBERS,PRINTING AND REPRODUCTION,1259.43,1259.43,Jimmy Panetta,D,CA,20,119,2026Q1,true
P000613,2026 HON. JIMMY PANETTA,OFFICIAL EXPENSES OF MEMBERS,OTHER SERVICES,6832,6832,Jimmy Panetta,D,CA,20,119,2026Q1,true
P000613,2026 HON. JIMMY PANETTA,OFFICIAL EXPENSES OF MEMBERS,SUPPLIES AND MATERIALS,6767.45,6767.45,Jimmy Panetta,D,CA,20,119,2026Q1,true
P000613,2026 HON. JIMMY PANETTA,OFFICIAL EXPENSES OF MEMBERS,EQUIPMENT,444.9,444.9,Jimmy Panetta,D,CA,20,119,2026Q1,true
P000613,2026 HON. JIMMY PANETTA,INTERN ALLOWANCES,PERSONNEL COMPENSATION,7574.99,7574.99,Jimmy Panetta,D,CA,20,119,2026Q1,true
P000614,2026 HON. CHRIS PAPPAS,OFFICIAL EXPENSES OF MEMBERS,FRANKED MAIL,136,136,Chris Pappas,D,NH,1,119,2026Q1,true
P000614,2026 HON. CHRIS PAPPAS,OFFICIAL EXPENSES OF MEMBERS,PERSONNEL COMPENSATION,403553.34,403553.34,Chris Pappas,D,NH,1,119,2026Q1,true
P000614,2026 HON. CHRIS PAPPAS,OFFICIAL EXPENSES OF MEMBERS,TRAVEL,5612.09,5612.09,Chris Pappas,D,NH,1,119,2026Q1,true
P000614,2026 HON. CHRIS PAPPAS,OFFICIAL EXPENSES OF MEMBERS,RENT COMMUNICATION UTILITIES,6038.86,6038.86,Chris Pappas,D,NH,1,119,2026Q1,true
P000614,2026 HON. CHRIS PAPPAS,OFFICIAL EXPENSES OF MEMBERS,PRINTING AND REPRODUCTION,851.75,851.75,Chris Pappas,D,NH,1,119,2026Q1,true
P000614,2026 HON. CHRIS PAPPAS,OFFICIAL EXPENSES OF MEMBERS,OTHER SERVICES,6189.99,6189.99,Chris Pappas,D,NH,1,119,2026Q1,true
P000614,2026 HON. CHRIS PAPPAS,OFFICIAL EXPENSES OF MEMBERS,SUPPLIES AND MATERIALS,11020.52,11020.52,Chris Pappas,D,NH,1,119,2026Q1,true
P000614,2026 HON. CHRIS PAPPAS,OFFICIAL EXPENSES OF MEMBERS,EQUIPMENT,594,594,Chris Pappas,D,NH,1,119,2026Q1,true
P000614,2026 HON. CHRIS PAPPAS,INTERN ALLOWANCES,PERSONNEL COMPENSATION,10086.66,10086.66,Chris Pappas,D,NH,1,119,2026Q1,true
P000622,2026 HON. JIMMY PATRONIS,OFFICIAL EXPENSES OF MEMBERS,FRANKED MAIL,-210.54,-210.54,Jimmy Patronis,R,FL,1,119,2026Q1,true
P000622,2026 HON. JIMMY PATRONIS,OFFICIAL EXPENSES OF MEMBERS,PERSONNEL COMPENSATION,311400.04,311400.04,Jimmy Patronis,R,FL,1,119,2026Q1,true
P000622,2026 HON. JIMMY PATRONIS,OFFICIAL EXPENSES OF MEMBERS,TRAVEL,19558.94,19558.94,Jimmy Patronis,R,FL,1,119,2026Q1,true
P000622,2026 HON. JIMMY PATRONIS,OFFICIAL EXPENSES OF MEMBERS,RENT COMMUNICATION UTILITIES,8543.99,8543.99,Jimmy Patronis,R,FL,1,119,2026Q1,true
P000622,2026 HON. JIMMY PATRONIS,OFFICIAL EXPENSES OF MEMBERS,SUPPLIES AND MATERIALS,1834.97,1834.97,Jimmy Patronis,R,FL,1,119,2026Q1,true
P000622,2026 HON. JIMMY PATRONIS,OFFICIAL EXPENSES OF MEMBERS,EQUIPMENT,296.58,296.58,Jimmy Patronis,R,FL,1,119,2026Q1,true
P000622,2026 HON. JIMMY PATRONIS,INTERN ALLOWANCES,PERSONNEL COMPENSATION,11277.5,11277.5,Jimmy Patronis,R,FL,1,119,2026Q1,true
P000197,2026 HON. NANCY PELOSI,OFFICIAL EXPENSES OF MEMBERS,FRANKED MAIL,22.28,22.28,Nancy Pelosi,D,CA,12,119,2026Q1,true
P000197,2026 HON. NANCY PELOSI,OFFICIAL EXPENSES OF MEMBERS,PERSONNEL COMPENSATION,320758.08,320758.08,Nancy Pelosi,D,CA,12,119,2026Q1,true
P000197,2026 HON. NANCY PELOSI,OFFICIAL EXPENSES OF MEMBERS,TRAVEL,13549.25,13549.25,Nancy Pelosi,D,CA,12,119,2026Q1,true
P000197,2026 HON. NANCY PELOSI,OFFICIAL EXPENSES OF MEMBERS,RENT COMMUNICATION UTILITIES,25295.47,25295.47,Nancy Pelosi,D,CA,12,119,2026Q1,true
P000197,2026 HON. NANCY PELOSI,OFFICIAL EXPENSES OF MEMBERS,PRINTING AND REPRODUCTION,2,2,Nancy Pelosi,D,CA,12,119,2026Q1,true
P000197,2026 HON. NANCY PELOSI,OFFICIAL EXPENSES OF MEMBERS,OTHER SERVICES,6479.61,6479.61,Nancy Pelosi,D,CA,12,119,2026Q1,true
P000197,2026 HON. NANCY PELOSI,OFFICIAL EXPENSES OF MEMBERS,SUPPLIES AND MATERIALS,3076.46,3076.46,Nancy Pelosi,D,CA,12,119,2026Q1,true
P000197,2026 HON. NANCY PELOSI,OFFICIAL EXPENSES OF MEMBERS,EQUIPMENT,1089,1089,Nancy Pelosi,D,CA,12,119,2026Q1,true
P000197,2026 HON. NANCY PELOSI,INTERN ALLOWANCES,PERSONNEL COMPENSATION,12265.65,12265.65,Nancy Pelosi,D,CA,12,119,2026Q1,true
G000600,2026 HON. MARIE GLUESEKAMP PEREZ,OFFICIAL EXPENSES OF MEMBERS,FRANKED MAIL,-97.1,-97.1,Marie Gluesenkamp Perez,D,WA,3,119,2026Q1,true
G000600,2026 HON. MARIE GLUESEKAMP PEREZ,OFFICIAL EXPENSES OF MEMBERS,PERSONNEL COMPENSATION,292711.12,292711.12,Marie Gluesenkamp Perez,D,WA,3,119,2026Q1,true
G000600,2026 HON. MARIE GLUESEKAMP PEREZ,OFFICIAL EXPENSES OF MEMBERS,TRAVEL,11501.91,11501.91,Marie Gluesenkamp Perez,D,WA,3,119,2026Q1,true
G000600,2026 HON. MARIE GLUESEKAMP PEREZ,OFFICIAL EXPENSES OF MEMBERS,RENT COMMUNICATION UTILITIES,4102.08,4102.08,Marie Gluesenkamp Perez,D,WA,3,119,2026Q1,true
G000600,2026 HON. MARIE GLUESEKAMP PEREZ,OFFICIAL EXPENSES OF MEMBERS,PRINTING AND REPRODUCTION,853.5,853.5,Marie Gluesenkamp Perez,D,WA,3,119,2026Q1,true
G000600,2026 HON. MARIE GLUESEKAMP PEREZ,OFFICIAL EXPENSES OF MEMBERS,OTHER SERVICES,2704.06,2704.06,Marie Gluesenkamp Perez,D,WA,3,119,2026Q1,true
G000600,2026 HON. MARIE GLUESEKAMP PEREZ,OFFICIAL EXPENSES OF MEMBERS,SUPPLIES AND MATERIALS,3095.8,3095.8,Marie Gluesenkamp Perez,D,WA,3,119,2026Q1,true
G000600,2026 HON. MARIE GLUESEKAMP PEREZ,OFFICIAL EXPENSES OF MEMBERS,EQUIPMENT,826.86,826.86,Marie Gluesenkamp Perez,D,WA,3,119,2026Q1,true
G000600,2026 HON. MARIE GLUESEKAMP PEREZ,INTERN ALLOWANCES,PERSONNEL COMPENSATION,10163.34,10163.34,Marie Gluesenkamp Perez,D,WA,3,119,2026Q1,true
P000605,2026 HON. SCOTT PERRY,OFFICIAL EXPENSES OF MEMBERS,FRANKED MAIL,59.75,59.75,Scott Perry,R,PA,10,119,2026Q1,true
P000605,2026 HON. SCOTT PERRY,OFFICIAL EXPENSES OF MEMBERS,PERSONNEL COMPENSATION,276258.32,276258.32,Scott Perry,R,PA,10,119,2026Q1,true
P000605,2026 HON. SCOTT PERRY,OFFICIAL EXPENSES OF MEMBERS,TRAVEL,465.46,465.46,Scott Perry,R,PA,10,119,2026Q1,true
P000605,2026 HON. SCOTT PERRY,OFFICIAL EXPENSES OF MEMBERS,RENT COMMUNICATION UTILITIES,5283.7,5283.7,Scott Perry,R,PA,10,119,2026Q1,true
P000605,2026 HON. SCOTT PERRY,OFFICIAL EXPENSES OF MEMBERS,PRINTING AND REPRODUCTION,114,114,Scott Perry,R,PA,10,119,2026Q1,true
P000605,2026 HON. SCOTT PERRY,OFFICIAL EXPENSES OF MEMBERS,OTHER SERVICES,7293.5,7293.5,Scott Perry,R,PA,10,119,2026Q1,true
P000605,2026 HON. SCOTT PERRY,OFFICIAL EXPENSES OF MEMBERS,SUPPLIES AND MATERIALS,2220.31,2220.31,Scott Perry,R,PA,10,119,2026Q1,true
P000605,2026 HON. SCOTT PERRY,OFFICIAL EXPENSES OF MEMBERS,EQUIPMENT,2215.5,2215.5,Scott Perry,R,PA,10,119,2026Q1,true
P000608,2026 HON. SCOTT H. PETERS,OFFICIAL EXPENSES OF MEMBERS,FRANKED MAIL,34242.44,34242.44,Scott H. Peters,D,CA,52,119,2026Q1,true
P000608,2026 HON. SCOTT H. PETERS,OFFICIAL EXPENSES OF MEMBERS,PERSONNEL COMPENSATION,373820.21,373820.21,Scott H. Peters,D,CA,52,119,2026Q1,true
P000608,2026 HON. SCOTT H. PETERS,OFFICIAL EXPENSES OF MEMBERS,TRAVEL,6859.8,6859.8,Scott H. Peters,D,CA,52,119,2026Q1,true
P000608,2026 HON. SCOTT H. PETERS,OFFICIAL EXPENSES OF MEMBERS,RENT COMMUNICATION UTILITIES,30681.77,30681.77,Scott H. Peters,D,CA,52,119,2026Q1,true
P000608,2026 HON. SCOTT H. PETERS,OFFICIAL EXPENSES OF MEMBERS,PRINTING AND REPRODUCTION,3027.02,3027.02,Scott H. Peters,D,CA,52,119,2026Q1,true
P000608,2026 HON. SCOTT H. PETERS,OFFICIAL EXPENSES OF MEMBERS,OTHER SERVICES,6417.75,6417.75,Scott H. Peters,D,CA,52,119,2026Q1,true
P000608,2026 HON. SCOTT H. PETERS,OFFICIAL EXPENSES OF MEMBERS,SUPPLIES AND MATERIALS,1736.84,1736.84,Scott H. Peters,D,CA,52,119,2026Q1,true
P000608,2026 HON. SCOTT H. PETERS,OFFICIAL EXPENSES OF MEMBERS,EQUIPMENT,1089,1089,Scott H. Peters,D,CA,52,119,2026Q1,true
P000608,2026 HON. SCOTT H. PETERS,INTERN ALLOWANCES,PERSONNEL COMPENSATION,11165.68,11165.68,Scott H. Peters,D,CA,52,119,2026Q1,true
P000620,2026 HON. BRITTANY PETTERSEN,OFFICIAL EXPENSES OF MEMBERS,FRANKED MAIL,117.65,117.65,Brittany Pettersen,D,CO,7,119,2026Q1,true
P000620,2026 HON. BRITTANY PETTERSEN,OFFICIAL EXPENSES OF MEMBERS,PERSONNEL COMPENSATION,321785.8,321785.8,Brittany Pettersen,D,CO,7,119,2026Q1,true
P000620,2026 HON. BRITTANY PETTERSEN,OFFICIAL EXPENSES OF MEMBERS,TRAVEL,13491.66,13491.66,Brittany Pettersen,D,CO,7,119,2026Q1,true
P000620,2026 HON. BRITTANY PETTERSEN,OFFICIAL EXPENSES OF MEMBERS,RENT COMMUNICATION UTILITIES,34025.7,34025.7,Brittany Pettersen,D,CO,7,119,2026Q1,true
P000620,2026 HON. BRITTANY PETTERSEN,OFFICIAL EXPENSES OF MEMBERS,PRINTING AND REPRODUCTION,2845.29,2845.29,Brittany Pettersen,D,CO,7,119,2026Q1,true
P000620,2026 HON. BRITTANY PETTERSEN,OFFICIAL EXPENSES OF MEMBERS,OTHER SERVICES,7447.75,7447.75,Brittany Pettersen,D,CO,7,119,2026Q1,true
P000620,2026 HON. BRITTANY PETTERSEN,OFFICIAL EXPENSES OF MEMBERS,SUPPLIES AND MATERIALS,1245.68,1245.68,Brittany Pettersen,D,CO,7,119,2026Q1,true
P000620,2026 HON. BRITTANY PETTERSEN,OFFICIAL EXPENSES OF MEMBERS,EQUIPMENT,510,510,Brittany Pettersen,D,CO,7,119,2026Q1,true
P000620,2026 HON. BRITTANY PETTERSEN,INTERN ALLOWANCES,PERSONNEL COMPENSATION,9383.33,9383.33,Brittany Pettersen,D,CO,7,119,2026Q1,true
P000048,2026 HON. AUGUST PFLUGER,OFFICIAL EXPENSES OF MEMBERS,FRANKED MAIL,-47.75,-47.75,August Pfluger,R,TX,11,119,2026Q1,true
P000048,2026 HON. AUGUST PFLUGER,OFFICIAL EXPENSES OF MEMBERS,PERSONNEL COMPENSATION,306077.76,306077.76,August Pfluger,R,TX,11,119,2026Q1,true
P000048,2026 HON. AUGUST PFLUGER,OFFICIAL EXPENSES OF MEMBERS,TRAVEL,20500.11,20500.11,August Pfluger,R,TX,11,119,2026Q1,true
P000048,2026 HON. AUGUST PFLUGER,OFFICIAL EXPENSES OF MEMBERS,RENT COMMUNICATION UTILITIES,8201.5,8201.5,August Pfluger,R,TX,11,119,2026Q1,true
P000048,2026 HON. AUGUST PFLUGER,OFFICIAL EXPENSES OF MEMBERS,PRINTING AND REPRODUCTION,233.4,233.4,August Pfluger,R,TX,11,119,2026Q1,true
P000048,2026 HON. AUGUST PFLUGER,OFFICIAL EXPENSES OF MEMBERS,OTHER SERVICES,14433.62,14433.62,August Pfluger,R,TX,11,119,2026Q1,true
P000048,2026 HON. AUGUST PFLUGER,OFFICIAL EXPENSES OF MEMBERS,SUPPLIES AND MATERIALS,9122.95,9122.95,August Pfluger,R,TX,11,119,2026Q1,true
P000048,2026 HON. AUGUST PFLUGER,OFFICIAL EXPENSES OF MEMBERS,EQUIPMENT,616.95,616.95,August Pfluger,R,TX,11,119,2026Q1,true
P000048,2026 HON. AUGUST PFLUGER,INTERN ALLOWANCES,PERSONNEL COMPENSATION,7373.33,7373.33,August Pfluger,R,TX,11,119,2026Q1,true
P000597,2026 HON. CHELLIE PINGREE,OFFICIAL EXPENSES OF MEMBERS,FRANKED MAIL,378.86,378.86,Chellie Pingree,D,ME,1,119,2026Q1,true
P000597,2026 HON. CHELLIE PINGREE,OFFICIAL EXPENSES OF MEMBERS,PERSONNEL COMPENSATION,341269.44,341269.44,Chellie Pingree,D,ME,1,119,2026Q1,true
P000597,2026 HON. CHELLIE PINGREE,OFFICIAL EXPENSES OF MEMBERS,TRAVEL,10404.59,10404.59,Chellie Pingree,D,ME,1,119,2026Q1,true
P000597,2026 HON. CHELLIE PINGREE,OFFICIAL EXPENSES OF MEMBERS,TRANSPORTATION OF THINGS,3,3,Chellie Pingree,D,ME,1,119,2026Q1,true
P000597,2026 HON. CHELLIE PINGREE,OFFICIAL EXPENSES OF MEMBERS,RENT COMMUNICATION UTILITIES,37240.75,37240.75,Chellie Pingree,D,ME,1,119,2026Q1,true
P000597,2026 HON. CHELLIE PINGREE,OFFICIAL EXPENSES OF MEMBERS,PRINTING AND REPRODUCTION,138.63,138.63,Chellie Pingree,D,ME,1,119,2026Q1,true
P000597,2026 HON. CHELLIE PINGREE,OFFICIAL EXPENSES OF MEMBERS,OTHER SERVICES,9355.94,9355.94,Chellie Pingree,D,ME,1,119,2026Q1,true
P000597,2026 HON. CHELLIE PINGREE,OFFICIAL EXPENSES OF MEMBERS,SUPPLIES AND MATERIALS,2827.06,2827.06,Chellie Pingree,D,ME,1,119,2026Q1,true
P000597,2026 HON. CHELLIE PINGREE,OFFICIAL EXPENSES OF MEMBERS,EQUIPMENT,2735.22,2735.22,Chellie Pingree,D,ME,1,119,2026Q1,true
P000597,2026 HON. CHELLIE PINGREE,INTERN ALLOWANCES,PERSONNEL COMPENSATION,13682.5,13682.5,Chellie Pingree,D,ME,1,119,2026Q1,true
P000610,2026 HON. STACEY E. PLASKETT,OFFICIAL EXPENSES OF MEMBERS,FRANKED MAIL,101.65,101.65,Stacey E. Plaskett,D,VI,0,119,2026Q1,true
P000610,2026 HON. STACEY E. PLASKETT,OFFICIAL EXPENSES OF MEMBERS,PERSONNEL COMPENSATION,257027.8,257027.8,Stacey E. Plaskett,D,VI,0,119,2026Q1,true
P000610,2026 HON. STACEY E. PLASKETT,OFFICIAL EXPENSES OF MEMBERS,TRAVEL,47524.68,47524.68,Stacey E. Plaskett,D,VI,0,119,2026Q1,true
P000610,2026 HON. STACEY E. PLASKETT,OFFICIAL EXPENSES OF MEMBERS,TRANSPORTATION OF THINGS,25,25,Stacey E. Plaskett,D,VI,0,119,2026Q1,true
P000610,2026 HON. STACEY E. PLASKETT,OFFICIAL EXPENSES OF MEMBERS,RENT COMMUNICATION UTILITIES,35791.37,35791.37,Stacey E. Plaskett,D,VI,0,119,2026Q1,true
P000610,2026 HON. STACEY E. PLASKETT,OFFICIAL EXPENSES OF MEMBERS,PRINTING AND REPRODUCTION,1144,1144,Stacey E. Plaskett,D,VI,0,119,2026Q1,true
P000610,2026 HON. STACEY E. PLASKETT,OFFICIAL EXPENSES OF MEMBERS,OTHER SERVICES,12868.34,12868.34,Stacey E. Plaskett,D,VI,0,119,2026Q1,true
P000610,2026 HON. STACEY E. PLASKETT,OFFICIAL EXPENSES OF MEMBERS,SUPPLIES AND MATERIALS,11129.54,11129.54,Stacey E. Plaskett,D,VI,0,119,2026Q1,true
P000610,2026 HON. STACEY E. PLASKETT,OFFICIAL EXPENSES OF MEMBERS,EQUIPMENT,1233,1233,Stacey E. Plaskett,D,VI,0,119,2026Q1,true
P000610,2026 HON. STACEY E. PLASKETT,INTERN ALLOWANCES,PERSONNEL COMPENSATION,5973.33,5973.33,Stacey E. Plaskett,D,VI,0,119,2026Q1,true
P000607,2026 HON. MARK POCAN,OFFICIAL EXPENSES OF MEMBERS,FRANKED MAIL,136.28,136.28,Mark Pocan,D,WI,2,119,2026Q1,true
P000607,2026 HON. MARK POCAN,OFFICIAL EXPENSES OF MEMBERS,PERSONNEL COMPENSATION,387979.76,387979.76,Mark Pocan,D,WI,2,119,2026Q1,true
P000607,2026 HON. MARK POCAN,OFFICIAL EXPENSES OF MEMBERS,TRAVEL,5605.27,5605.27,Mark Pocan,D,WI,2,119,2026Q1,true
P000607,2026 HON. MARK POCAN,OFFICIAL EXPENSES OF MEMBERS,RENT COMMUNICATION UTILITIES,23243.04,23243.04,Mark Pocan,D,WI,2,119,2026Q1,true
P000607,2026 HON. MARK POCAN,OFFICIAL EXPENSES OF MEMBERS,PRINTING AND REPRODUCTION,399.44,399.44,Mark Pocan,D,WI,2,119,2026Q1,true
P000607,2026 HON. MARK POCAN,OFFICIAL EXPENSES OF MEMBERS,OTHER SERVICES,4808.49,4808.49,Mark Pocan,D,WI,2,119,2026Q1,true
P000607,2026 HON. MARK POCAN,OFFICIAL EXPENSES OF MEMBERS,SUPPLIES AND MATERIALS,1967.43,1967.43,Mark Pocan,D,WI,2,119,2026Q1,true
P000607,2026 HON. MARK POCAN,OFFICIAL EXPENSES OF MEMBERS,EQUIPMENT,594,594,Mark Pocan,D,WI,2,119,2026Q1,true
P000607,2026 HON. MARK POCAN,INTERN ALLOWANCES,PERSONNEL COMPENSATION,11106.67,11106.67,Mark Pocan,D,WI,2,119,2026Q1,true
P000621,2026 HON. NELLIE POU,OFFICIAL EXPENSES OF MEMBERS,FRANKED MAIL,25.42,25.42,Nellie Pou,D,NJ,9,119,2026Q1,true
P000621,2026 HON. NELLIE POU,OFFICIAL EXPENSES OF MEMBERS,PERSONNEL COMPENSATION,264108.84,264108.84,Nellie Pou,D,NJ,9,119,2026Q1,true
P000621,2026 HON. NELLIE POU,OFFICIAL EXPENSES OF MEMBERS,TRAVEL,4072.18,4072.18,Nellie Pou,D,NJ,9,119,2026Q1,true
P000621,2026 HON. NELLIE POU,OFFICIAL EXPENSES OF MEMBERS,RENT COMMUNICATION UTILITIES,8887.13,8887.13,Nellie Pou,D,NJ,9,119,2026Q1,true
P000621,2026 HON. NELLIE POU,OFFICIAL EXPENSES OF MEMBERS,PRINTING AND REPRODUCTION,1165.77,1165.77,Nellie Pou,D,NJ,9,119,2026Q1,true
P000621,2026 HON. NELLIE POU,OFFICIAL EXPENSES OF MEMBERS,OTHER SERVICES,5630.8,5630.8,Nellie Pou,D,NJ,9,119,2026Q1,true
P000621,2026 HON. NELLIE POU,OFFICIAL EXPENSES OF MEMBERS,SUPPLIES AND MATERIALS,2814.57,2814.57,Nellie Pou,D,NJ,9,119,2026Q1,true
P000621,2026 HON. NELLIE POU,OFFICIAL EXPENSES OF MEMBERS,EQUIPMENT,711,711,Nellie Pou,D,NJ,9,119,2026Q1,true
P000621,2026 HON. NELLIE POU,INTERN ALLOWANCES,PERSONNEL COMPENSATION,8328.5,8328.5,Nellie Pou,D,NJ,9,119,2026Q1,true
P000617,2026 HON. AYANNA PRESSLEY,OFFICIAL EXPENSES OF MEMBERS,FRANKED MAIL,-11,-11,Ayanna Pressley,D,MA,7,119,2026Q1,true
P000617,2026 HON. AYANNA PRESSLEY,OFFICIAL EXPENSES OF MEMBERS,PERSONNEL COMPENSATION,395778.3,395778.3,Ayanna Pressley,D,MA,7,119,2026Q1,true
P000617,2026 HON. AYANNA PRESSLEY,OFFICIAL EXPENSES OF MEMBERS,TRAVEL,9758.08,9758.08,Ayanna Pressley,D,MA,7,119,2026Q1,true
P000617,2026 HON. AYANNA PRESSLEY,OFFICIAL EXPENSES OF MEMBERS,RENT COMMUNICATION UTILITIES,16521.97,16521.97,Ayanna Pressley,D,MA,7,119,2026Q1,true
P000617,2026 HON. AYANNA PRESSLEY,OFFICIAL EXPENSES OF MEMBERS,PRINTING AND REPRODUCTION,342.93,342.93,Ayanna Pressley,D,MA,7,119,2026Q1,true
P000617,2026 HON. AYANNA PRESSLEY,OFFICIAL EXPENSES OF MEMBERS,OTHER SERVICES,11650.98,11650.98,Ayanna Pressley,D,MA,7,119,2026Q1,true
P000617,2026 HON. AYANNA PRESSLEY,OFFICIAL EXPENSES OF MEMBERS,SUPPLIES AND MATERIALS,1795.02,1795.02,Ayanna Pressley,D,MA,7,119,2026Q1,true
P000617,2026 HON. AYANNA PRESSLEY,OFFICIAL EXPENSES OF MEMBERS,EQUIPMENT,501,501,Ayanna Pressley,D,MA,7,119,2026Q1,true
P000617,2026 HON. AYANNA PRESSLEY,INTERN ALLOWANCES,PERSONNEL COMPENSATION,12966.66,12966.66,Ayanna Pressley,D,MA,7,119,2026Q1,true
Q000023,2026 HON. MIKE QUIGLEY,OFFICIAL EXPENSES OF MEMBERS,FRANKED MAIL,7419.17,7419.17,Mike Quigley,D,IL,5,119,2026Q1,true
Q000023,2026 HON. MIKE QUIGLEY,OFFICIAL EXPENSES OF MEMBERS,PERSONNEL COMPENSATION,385300.83,385300.83,Mike Quigley,D,IL,5,119,2026Q1,true
Q000023,2026 HON. MIKE QUIGLEY,OFFICIAL EXPENSES OF MEMBERS,TRAVEL,4111.73,4111.73,Mike Quigley,D,IL,5,119,2026Q1,true
Q000023,2026 HON. MIKE QUIGLEY,OFFICIAL EXPENSES OF MEMBERS,RENT COMMUNICATION UTILITIES,17882.02,17882.02,Mike Quigley,D,IL,5,119,2026Q1,true
Q000023,2026 HON. MIKE QUIGLEY,OFFICIAL EXPENSES OF MEMBERS,PRINTING AND REPRODUCTION,21863.16,21863.16,Mike Quigley,D,IL,5,119,2026Q1,true
Q000023,2026 HON. MIKE QUIGLEY,OFFICIAL EXPENSES OF MEMBERS,OTHER SERVICES,702,702,Mike Quigley,D,IL,5,119,2026Q1,true
Q000023,2026 HON. MIKE QUIGLEY,OFFICIAL EXPENSES OF MEMBERS,SUPPLIES AND MATERIALS,1613.19,1613.19,Mike Quigley,D,IL,5,119,2026Q1,true
Q000023,2026 HON. MIKE QUIGLEY,OFFICIAL EXPENSES OF MEMBERS,EQUIPMENT,930,930,Mike Quigley,D,IL,5,119,2026Q1,true
Q000023,2026 HON. MIKE QUIGLEY,INTERN ALLOWANCES,PERSONNEL COMPENSATION,8075,8075,Mike Quigley,D,IL,5,119,2026Q1,true
R000600,2026 HON. AUMUA AMATA COLEMAN RADEWAGEN,OFFICIAL EXPENSES OF MEMBERS,PERSONNEL COMPENSATION,359822.24,359822.24,Aumua Amata Coleman Radewagen,R,AS,0,119,2026Q1,true
R000600,2026 HON. AUMUA AMATA COLEMAN RADEWAGEN,OFFICIAL EXPENSES OF MEMBERS,TRAVEL,5699.4,5699.4,Aumua Amata Coleman Radewagen,R,AS,0,119,2026Q1,true
R000600,2026 HON. AUMUA AMATA COLEMAN RADEWAGEN,OFFICIAL EXPENSES OF MEMBERS,RENT COMMUNICATION UTILITIES,12556.59,12556.59,Aumua Amata Coleman Radewagen,R,AS,0,119,2026Q1,true
R000600,2026 HON. AUMUA AMATA COLEMAN RADEWAGEN,OFFICIAL EXPENSES OF MEMBERS,PRINTING AND REPRODUCTION,280,280,Aumua Amata Coleman Radewagen,R,AS,0,119,2026Q1,true
R000600,2026 HON. AUMUA AMATA COLEMAN RADEWAGEN,OFFICIAL EXPENSES OF MEMBERS,OTHER SERVICES,11145,11145,Aumua Amata Coleman Radewagen,R,AS,0,119,2026Q1,true
R000600,2026 HON. AUMUA AMATA COLEMAN RADEWAGEN,OFFICIAL EXPENSES OF MEMBERS,SUPPLIES AND MATERIALS,1262.96,1262.96,Aumua Amata Coleman Radewagen,R,AS,0,119,2026Q1,true
R000617,2026 HON. DELIA C. RAMIREZ,OFFICIAL EXPENSES OF MEMBERS,FRANKED MAIL,-41.29,-41.29,Delia C. Ramirez,D,IL,3,119,2026Q1,true
R000617,2026 HON. DELIA C. RAMIREZ,OFFICIAL EXPENSES OF MEMBERS,PERSONNEL COMPENSATION,315787.51,315787.51,Delia C. Ramirez,D,IL,3,119,2026Q1,true
R000617,2026 HON. DELIA C. RAMIREZ,OFFICIAL EXPENSES OF MEMBERS,TRAVEL,7941.98,7941.98,Delia C. Ramirez,D,IL,3,119,2026Q1,true
R000617,2026 HON. DELIA C. RAMIREZ,OFFICIAL EXPENSES OF MEMBERS,RENT COMMUNICATION UTILITIES,14850.88,14850.88,Delia C. Ramirez,D,IL,3,119,2026Q1,true
R000617,2026 HON. DELIA C. RAMIREZ,OFFICIAL EXPENSES OF MEMBERS,PRINTING AND REPRODUCTION,123.8,123.8,Delia C. Ramirez,D,IL,3,119,2026Q1,true
R000617,2026 HON. DELIA C. RAMIREZ,OFFICIAL EXPENSES OF MEMBERS,OTHER SERVICES,11070.25,11070.25,Delia C. Ramirez,D,IL,3,119,2026Q1,true
R000617,2026 HON. DELIA C. RAMIREZ,OFFICIAL EXPENSES OF MEMBERS,SUPPLIES AND MATERIALS,10081.86,10081.86,Delia C. Ramirez,D,IL,3,119,2026Q1,true
R000617,2026 HON. DELIA C. RAMIREZ,OFFICIAL EXPENSES OF MEMBERS,EQUIPMENT,459.74,459.74,Delia C. Ramirez,D,IL,3,119,2026Q1,true
R000617,2026 HON. DELIA C. RAMIREZ,INTERN ALLOWANCES,PERSONNEL COMPENSATION,8944.99,8944.99,Delia C. Ramirez,D,IL,3,119,2026Q1,true
R000621,2026 HON. EMILY RANDALL,OFFICIAL EXPENSES OF MEMBERS,FRANKED MAIL,-0.32,-0.32,Emily Randall,D,WA,6,119,2026Q1,true
R000621,2026 HON. EMILY RANDALL,OFFICIAL EXPENSES OF MEMBERS,PERSONNEL COMPENSATION,351401.65,351401.65,Emily Randall,D,WA,6,119,2026Q1,true
R000621,2026 HON. EMILY RANDALL,OFFICIAL EXPENSES OF MEMBERS,TRAVEL,21402.91,21402.91,Emily Randall,D,WA,6,119,2026Q1,true
R000621,2026 HON. EMILY RANDALL,OFFICIAL EXPENSES OF MEMBERS,RENT COMMUNICATION UTILITIES,11364.67,11364.67,Emily Randall,D,WA,6,119,2026Q1,true
R000621,2026 HON. EMILY RANDALL,OFFICIAL EXPENSES OF MEMBERS,PRINTING AND REPRODUCTION,245,245,Emily Randall,D,WA,6,119,2026Q1,true
R000621,2026 HON. EMILY RANDALL,OFFICIAL EXPENSES OF MEMBERS,OTHER SERVICES,3018.01,3018.01,Emily Randall,D,WA,6,119,2026Q1,true
R000621,2026 HON. EMILY RANDALL,OFFICIAL EXPENSES OF MEMBERS,SUPPLIES AND MATERIALS,1528.72,1528.72,Emily Randall,D,WA,6,119,2026Q1,true
R000621,2026 HON. EMILY RANDALL,OFFICIAL EXPENSES OF MEMBERS,EQUIPMENT,2159,2159,Emily Randall,D,WA,6,119,2026Q1,true
R000621,2026 HON. EMILY RANDALL,INTERN ALLOWANCES,PERSONNEL COMPENSATION,6613.34,6613.34,Emily Randall,D,WA,6,119,2026Q1,true
R000606,2026 HON. JAMIE RASKIN,OFFICIAL EXPENSES OF MEMBERS,FRANKED MAIL,-49.25,-49.25,Jamie Raskin,D,MD,8,119,2026Q1,true
R000606,2026 HON. JAMIE RASKIN,OFFICIAL EXPENSES OF MEMBERS,PERSONNEL COMPENSATION,375119.2,375119.2,Jamie Raskin,D,MD,8,119,2026Q1,true
R000606,2026 HON. JAMIE RASKIN,OFFICIAL EXPENSES OF MEMBERS,TRAVEL,802.03,802.03,Jamie Raskin,D,MD,8,119,2026Q1,true
R000606,2026 HON. JAMIE RASKIN,OFFICIAL EXPENSES OF MEMBERS,RENT COMMUNICATION UTILITIES,26738.2,26738.2,Jamie Raskin,D,MD,8,119,2026Q1,true
R000606,2026 HON. JAMIE RASKIN,OFFICIAL EXPENSES OF MEMBERS,PRINTING AND REPRODUCTION,49.5,49.5,Jamie Raskin,D,MD,8,119,2026Q1,true
R000606,2026 HON. JAMIE RASKIN,OFFICIAL EXPENSES OF MEMBERS,SUPPLIES AND MATERIALS,1102.62,1102.62,Jamie Raskin,D,MD,8,119,2026Q1,true
R000606,2026 HON. JAMIE RASKIN,OFFICIAL EXPENSES OF MEMBERS,EQUIPMENT,720,720,Jamie Raskin,D,MD,8,119,2026Q1,true
R000606,2026 HON. JAMIE RASKIN,INTERN ALLOWANCES,PERSONNEL COMPENSATION,5340,5340,Jamie Raskin,D,MD,8,119,2026Q1,true
R000610,2026 HON. GUY RESCHENTHALER,OFFICIAL EXPENSES OF MEMBERS,FRANKED MAIL,123,123,Guy Reschenthaler,R,PA,14,119,2026Q1,true
R000610,2026 HON. GUY RESCHENTHALER,OFFICIAL EXPENSES OF MEMBERS,PERSONNEL COMPENSATION,300121.08,300121.08,Guy Reschenthaler,R,PA,14,119,2026Q1,true
R000610,2026 HON. GUY RESCHENTHALER,OFFICIAL EXPENSES OF MEMBERS,TRAVEL,10131.57,10131.57,Guy Reschenthaler,R,PA,14,119,2026Q1,true
R000610,2026 HON. GUY RESCHENTHALER,OFFICIAL EXPENSES OF MEMBERS,RENT COMMUNICATION UTILITIES,1999.36,1999.36,Guy Reschenthaler,R,PA,14,119,2026Q1,true
R000610,2026 HON. GUY RESCHENTHALER,OFFICIAL EXPENSES OF MEMBERS,PRINTING AND REPRODUCTION,21629.34,21629.34,Guy Reschenthaler,R,PA,14,119,2026Q1,true
R000610,2026 HON. GUY RESCHENTHALER,OFFICIAL EXPENSES OF MEMBERS,SUPPLIES AND MATERIALS,2765.84,2765.84,Guy Reschenthaler,R,PA,14,119,2026Q1,true
R000610,2026 HON. GUY RESCHENTHALER,OFFICIAL EXPENSES OF MEMBERS,EQUIPMENT,1063.74,1063.74,Guy Reschenthaler,R,PA,14,119,2026Q1,true
R000610,2026 HON. GUY RESCHENTHALER,INTERN ALLOWANCES,PERSONNEL COMPENSATION,3825,3825,Guy Reschenthaler,R,PA,14,119,2026Q1,true
R000622,2026 HON. JOSH RILEY,OFFICIAL EXPENSES OF MEMBERS,FRANKED MAIL,205.38,205.38,Josh Riley,D,NY,19,119,2026Q1,true
R000622,2026 HON. JOSH RILEY,OFFICIAL EXPENSES OF MEMBERS,PERSONNEL COMPENSATION,316708.38,316708.38,Josh Riley,D,NY,19,119,2026Q1,true
R000622,2026 HON. JOSH RILEY,OFFICIAL EXPENSES OF MEMBERS,TRAVEL,17057.91,17057.91,Josh Riley,D,NY,19,119,2026Q1,true
R000622,2026 HON. JOSH RILEY,OFFICIAL EXPENSES OF MEMBERS,RENT COMMUNICATION UTILITIES,2316.43,2316.43,Josh Riley,D,NY,19,119,2026Q1,true
R000622,2026 HON. JOSH RILEY,OFFICIAL EXPENSES OF MEMBERS,PRINTING AND REPRODUCTION,3608.83,3608.83,Josh Riley,D,NY,19,119,2026Q1,true
R000622,2026 HON. JOSH RILEY,OFFICIAL EXPENSES OF MEMBERS,OTHER SERVICES,7666.71,7666.71,Josh Riley,D,NY,19,119,2026Q1,true
R000622,2026 HON. JOSH RILEY,OFFICIAL EXPENSES OF MEMBERS,SUPPLIES AND MATERIALS,3863.7,3863.7,Josh Riley,D,NY,19,119,2026Q1,true
R000622,2026 HON. JOSH RILEY,OFFICIAL EXPENSES OF MEMBERS,EQUIPMENT,639,639,Josh Riley,D,NY,19,119,2026Q1,true
R000622,2026 HON. JOSH RILEY,INTERN ALLOWANCES,PERSONNEL COMPENSATION,8493.67,8493.67,Josh Riley,D,NY,19,119,2026Q1,true
R000620,2026 HON. LUZ M. RIVAS,OFFICIAL EXPENSES OF MEMBERS,FRANKED MAIL,104.37,104.37,Luz M. Rivas,D,CA,29,119,2026Q1,true
R000620,2026 HON. LUZ M. RIVAS,OFFICIAL EXPENSES OF MEMBERS,PERSONNEL COMPENSATION,295079.4,295079.4,Luz M. Rivas,D,CA,29,119,2026Q1,true
R000620,2026 HON. LUZ M. RIVAS,OFFICIAL EXPENSES OF MEMBERS,TRAVEL,15923.84,15923.84,Luz M. Rivas,D,CA,29,119,2026Q1,true
R000620,2026 HON. LUZ M. RIVAS,OFFICIAL EXPENSES OF MEMBERS,RENT COMMUNICATION UTILITIES,7396.51,7396.51,Luz M. Rivas,D,CA,29,119,2026Q1,true
R000620,2026 HON. LUZ M. RIVAS,OFFICIAL EXPENSES OF MEMBERS,PRINTING AND REPRODUCTION,35256.28,35256.28,Luz M. Rivas,D,CA,29,119,2026Q1,true
R000620,2026 HON. LUZ M. RIVAS,OFFICIAL EXPENSES OF MEMBERS,OTHER SERVICES,3497.36,3497.36,Luz M. Rivas,D,CA,29,119,2026Q1,true
R000620,2026 HON. LUZ M. RIVAS,OFFICIAL EXPENSES OF MEMBERS,SUPPLIES AND MATERIALS,3323.84,3323.84,Luz M. Rivas,D,CA,29,119,2026Q1,true
R000620,2026 HON. LUZ M. RIVAS,OFFICIAL EXPENSES OF MEMBERS,EQUIPMENT,1140,1140,Luz M. Rivas,D,CA,29,119,2026Q1,true
R000620,2026 HON. LUZ M. RIVAS,INTERN ALLOWANCES,PERSONNEL COMPENSATION,9924,9924,Luz M. Rivas,D,CA,29,119,2026Q1,true
R000395,2026 HON. HAROLD ROGERS,OFFICIAL EXPENSES OF MEMBERS,FRANKED MAIL,140.76,140.76,Harold Rogers,R,KY,5,119,2026Q1,true
R000395,2026 HON. HAROLD ROGERS,OFFICIAL EXPENSES OF MEMBERS,PERSONNEL COMPENSATION,338951.14,338951.14,Harold Rogers,R,KY,5,119,2026Q1,true
R000395,2026 HON. HAROLD ROGERS,OFFICIAL EXPENSES OF MEMBERS,TRAVEL,16358.98,16358.98,Harold Rogers,R,KY,5,119,2026Q1,true
R000395,2026 HON. HAROLD ROGERS,OFFICIAL EXPENSES OF MEMBERS,RENT COMMUNICATION UTILITIES,31321.11,31321.11,Harold Rogers,R,KY,5,119,2026Q1,true
R000395,2026 HON. HAROLD ROGERS,OFFICIAL EXPENSES OF MEMBERS,PRINTING AND REPRODUCTION,1431.04,1431.04,Harold Rogers,R,KY,5,119,2026Q1,true
R000395,2026 HON. HAROLD ROGERS,OFFICIAL EXPENSES OF MEMBERS,OTHER SERVICES,5729.25,5729.25,Harold Rogers,R,KY,5,119,2026Q1,true
R000395,2026 HON. HAROLD ROGERS,OFFICIAL EXPENSES OF MEMBERS,SUPPLIES AND MATERIALS,6780.21,6780.21,Harold Rogers,R,KY,5,119,2026Q1,true
R000395,2026 HON. HAROLD ROGERS,OFFICIAL EXPENSES OF MEMBERS,EQUIPMENT,470.64,470.64,Harold Rogers,R,KY,5,119,2026Q1,true
R000395,2026 HON. HAROLD ROGERS,INTERN ALLOWANCES,PERSONNEL COMPENSATION,2245.83,2245.83,Harold Rogers,R,KY,5,119,2026Q1,true
R000575,2026 HON. MIKE ROGERS,OFFICIAL EXPENSES OF MEMBERS,FRANKED MAIL,36.16,36.16,Mike Rogers,R,AL,3,119,2026Q1,true
R000575,2026 HON. MIKE ROGERS,OFFICIAL EXPENSES OF MEMBERS,PERSONNEL COMPENSATION,354475.64,354475.64,Mike Rogers,R,AL,3,119,2026Q1,true
R000575,2026 HON. MIKE ROGERS,OFFICIAL EXPENSES OF MEMBERS,TRAVEL,11404.67,11404.67,Mike Rogers,R,AL,3,119,2026Q1,true
R000575,2026 HON. MIKE ROGERS,OFFICIAL EXPENSES OF MEMBERS,RENT COMMUNICATION UTILITIES,5084.82,5084.82,Mike Rogers,R,AL,3,119,2026Q1,true
R000575,2026 HON. MIKE ROGERS,OFFICIAL EXPENSES OF MEMBERS,PRINTING AND REPRODUCTION,38,38,Mike Rogers,R,AL,3,119,2026Q1,true
R000575,2026 HON. MIKE ROGERS,OFFICIAL EXPENSES OF MEMBERS,OTHER SERVICES,9061.39,9061.39,Mike Rogers,R,AL,3,119,2026Q1,true
R000575,2026 HON. MIKE ROGERS,OFFICIAL EXPENSES OF MEMBERS,SUPPLIES AND MATERIALS,1667.58,1667.58,Mike Rogers,R,AL,3,119,2026Q1,true
R000575,2026 HON. MIKE ROGERS,OFFICIAL EXPENSES OF MEMBERS,EQUIPMENT,2533,2533,Mike Rogers,R,AL,3,119,2026Q1,true
R000575,2026 HON. MIKE ROGERS,INTERN ALLOWANCES,PERSONNEL COMPENSATION,16063.34,16063.34,Mike Rogers,R,AL,3,119,2026Q1,true
R000612,2026 HON. JOHN W. ROSE,OFFICIAL EXPENSES OF MEMBERS,FRANKED MAIL,197.75,197.75,John W. Rose,R,TN,6,119,2026Q1,true
R000612,2026 HON. JOHN W. ROSE,OFFICIAL EXPENSES OF MEMBERS,PERSONNEL COMPENSATION,309157.77,309157.77,John W. Rose,R,TN,6,119,2026Q1,true
R000612,2026 HON. JOHN W. ROSE,OFFICIAL EXPENSES OF MEMBERS,TRAVEL,20740.07,20740.07,John W. Rose,R,TN,6,119,2026Q1,true
R000612,2026 HON. JOHN W. ROSE,OFFICIAL EXPENSES OF MEMBERS,RENT COMMUNICATION UTILITIES,10915.3,10915.3,John W. Rose,R,TN,6,119,2026Q1,true
R000612,2026 HON. JOHN W. ROSE,OFFICIAL EXPENSES OF MEMBERS,PRINTING AND REPRODUCTION,852.38,852.38,John W. Rose,R,TN,6,119,2026Q1,true
R000612,2026 HON. JOHN W. ROSE,OFFICIAL EXPENSES OF MEMBERS,OTHER SERVICES,7396.67,7396.67,John W. Rose,R,TN,6,119,2026Q1,true
R000612,2026 HON. JOHN W. ROSE,OFFICIAL EXPENSES OF MEMBERS,SUPPLIES AND MATERIALS,2801,2801,John W. Rose,R,TN,6,119,2026Q1,true
R000612,2026 HON. JOHN W. ROSE,OFFICIAL EXPENSES OF MEMBERS,EQUIPMENT,4746,4746,John W. Rose,R,TN,6,119,2026Q1,true
R000612,2026 HON. JOHN W. ROSE,INTERN ALLOWANCES,PERSONNEL COMPENSATION,4400,4400,John W. Rose,R,TN,6,119,2026Q1,true
R000305,2026 HON. DEBORAH K. ROSS,OFFICIAL EXPENSES OF MEMBERS,FRANKED MAIL,-12.69,-12.69,Deborah K. Ross,D,NC,2,119,2026Q1,true
R000305,2026 HON. DEBORAH K. ROSS,OFFICIAL EXPENSES OF MEMBERS,PERSONNEL COMPENSATION,346036.09,346036.09,Deborah K. Ross,D,NC,2,119,2026Q1,true
R000305,2026 HON. DEBORAH K. ROSS,OFFICIAL EXPENSES OF MEMBERS,TRAVEL,6914.86,6914.86,Deborah K. Ross,D,NC,2,119,2026Q1,true
R000305,2026 HON. DEBORAH K. ROSS,OFFICIAL EXPENSES OF MEMBERS,RENT COMMUNICATION UTILITIES,3759.23,3759.23,Deborah K. Ross,D,NC,2,119,2026Q1,true
R000305,2026 HON. DEBORAH K. ROSS,OFFICIAL EXPENSES OF MEMBERS,PRINTING AND REPRODUCTION,830,830,Deborah K. Ross,D,NC,2,119,2026Q1,true
R000305,2026 HON. DEBORAH K. ROSS,OFFICIAL EXPENSES OF MEMBERS,SUPPLIES AND MATERIALS,953.02,953.02,Deborah K. Ross,D,NC,2,119,2026Q1,true
R000305,2026 HON. DEBORAH K. ROSS,OFFICIAL EXPENSES OF MEMBERS,EQUIPMENT,1002,1002,Deborah K. Ross,D,NC,2,119,2026Q1,true
R000305,2026 HON. DEBORAH K. ROSS,INTERN ALLOWANCES,PERSONNEL COMPENSATION,7213.33,7213.33,Deborah K. Ross,D,NC,2,119,2026Q1,true
R000603,2026 HON. DAVID ROUZER,OFFICIAL EXPENSES OF MEMBERS,FRANKED MAIL,-5.1,-5.1,David Rouzer,R,NC,7,119,2026Q1,true
R000603,2026 HON. DAVID ROUZER,OFFICIAL EXPENSES OF MEMBERS,PERSONNEL COMPENSATION,290104.46,290104.46,David Rouzer,R,NC,7,119,2026Q1,true
R000603,2026 HON. DAVID ROUZER,OFFICIAL EXPENSES OF MEMBERS,TRAVEL,11138.96,11138.96,David Rouzer,R,NC,7,119,2026Q1,true
R000603,2026 HON. DAVID ROUZER,OFFICIAL EXPENSES OF MEMBERS,RENT COMMUNICATION UTILITIES,2737.54,2737.54,David Rouzer,R,NC,7,119,2026Q1,true
R000603,2026 HON. DAVID ROUZER,OFFICIAL EXPENSES OF MEMBERS,PRINTING AND REPRODUCTION,12221.8,12221.8,David Rouzer,R,NC,7,119,2026Q1,true
R000603,2026 HON. DAVID ROUZER,OFFICIAL EXPENSES OF MEMBERS,OTHER SERVICES,1128.29,1128.29,David Rouzer,R,NC,7,119,2026Q1,true
R000603,2026 HON. DAVID ROUZER,OFFICIAL EXPENSES OF MEMBERS,SUPPLIES AND MATERIALS,2445.03,2445.03,David Rouzer,R,NC,7,119,2026Q1,true
R000603,2026 HON. DAVID ROUZER,OFFICIAL EXPENSES OF MEMBERS,EQUIPMENT,588,588,David Rouzer,R,NC,7,119,2026Q1,true
R000603,2026 HON. DAVID ROUZER,INTERN ALLOWANCES,PERSONNEL COMPENSATION,6966.66,6966.66,David Rouzer,R,NC,7,119,2026Q1,true
R000614,2026 HON. CHIP ROY,OFFICIAL EXPENSES OF MEMBERS,FRANKED MAIL,-140.48,-140.48,Chip Roy,R,TX,21,119,2026Q1,true
R000614,2026 HON. CHIP ROY,OFFICIAL EXPENSES OF MEMBERS,PERSONNEL COMPENSATION,363558.32,363558.32,Chip Roy,R,TX,21,119,2026Q1,true
R000614,2026 HON. CHIP ROY,OFFICIAL EXPENSES OF MEMBERS,TRAVEL,7917.54,7917.54,Chip Roy,R,TX,21,119,2026Q1,true
R000614,2026 HON. CHIP ROY,OFFICIAL EXPENSES OF MEMBERS,RENT COMMUNICATION UTILITIES,4527.88,4527.88,Chip Roy,R,TX,21,119,2026Q1,true
R000614,2026 HON. CHIP ROY,OFFICIAL EXPENSES OF MEMBERS,PRINTING AND REPRODUCTION,152.5,152.5,Chip Roy,R,TX,21,119,2026Q1,true
R000614,2026 HON. CHIP ROY,OFFICIAL EXPENSES OF MEMBERS,OTHER SERVICES,47.7,47.7,Chip Roy,R,TX,21,119,2026Q1,true
R000614,2026 HON. CHIP ROY,OFFICIAL EXPENSES OF MEMBERS,SUPPLIES AND MATERIALS,2782.89,2782.89,Chip Roy,R,TX,21,119,2026Q1,true
R000614,2026 HON. CHIP ROY,OFFICIAL EXPENSES OF MEMBERS,EQUIPMENT,465,465,Chip Roy,R,TX,21,119,2026Q1,true
R000614,2026 HON. CHIP ROY,INTERN ALLOWANCES,PERSONNEL COMPENSATION,4866.67,4866.67,Chip Roy,R,TX,21,119,2026Q1,true
R000599,2026 HON. RAUL RUIZ,OFFICIAL EXPENSES OF MEMBERS,FRANKED MAIL,358.47,358.47,Raul Ruiz,D,CA,36,119,2026Q1,true
R000599,2026 HON. RAUL RUIZ,OFFICIAL EXPENSES OF MEMBERS,PERSONNEL COMPENSATION,302480.51,302480.51,Raul Ruiz,D,CA,36,119,2026Q1,true
R000599,2026 HON. RAUL RUIZ,OFFICIAL EXPENSES OF MEMBERS,TRAVEL,8769.72,8769.72,Raul Ruiz,D,CA,36,119,2026Q1,true
R000599,2026 HON. RAUL RUIZ,OFFICIAL EXPENSES OF MEMBERS,RENT COMMUNICATION UTILITIES,18295.54,18295.54,Raul Ruiz,D,CA,36,119,2026Q1,true
R000599,2026 HON. RAUL RUIZ,OFFICIAL EXPENSES OF MEMBERS,PRINTING AND REPRODUCTION,690.53,690.53,Raul Ruiz,D,CA,36,119,2026Q1,true
R000599,2026 HON. RAUL RUIZ,OFFICIAL EXPENSES OF MEMBERS,OTHER SERVICES,1594.82,1594.82,Raul Ruiz,D,CA,36,119,2026Q1,true
R000599,2026 HON. RAUL RUIZ,OFFICIAL EXPENSES OF MEMBERS,SUPPLIES AND MATERIALS,4287.86,4287.86,Raul Ruiz,D,CA,36,119,2026Q1,true
R000599,2026 HON. RAUL RUIZ,OFFICIAL EXPENSES OF MEMBERS,EQUIPMENT,1964.76,1964.76,Raul Ruiz,D,CA,36,119,2026Q1,true
R000599,2026 HON. RAUL RUIZ,INTERN ALLOWANCES,PERSONNEL COMPENSATION,18163.2,18163.2,Raul Ruiz,D,CA,36,119,2026Q1,true
R000619,2026 HON. MICHAEL A. RULLI,OFFICIAL EXPENSES OF MEMBERS,FRANKED MAIL,-116.53,-116.53,Michael A. Rulli,R,OH,6,119,2026Q1,true
R000619,2026 HON. MICHAEL A. RULLI,OFFICIAL EXPENSES OF MEMBERS,PERSONNEL COMPENSATION,309032.23,309032.23,Michael A. Rulli,R,OH,6,119,2026Q1,true
R000619,2026 HON. MICHAEL A. RULLI,OFFICIAL EXPENSES OF MEMBERS,TRAVEL,4644.13,4644.13,Michael A. Rulli,R,OH,6,119,2026Q1,true
R000619,2026 HON. MICHAEL A. RULLI,OFFICIAL EXPENSES OF MEMBERS,RENT COMMUNICATION UTILITIES,4393.2,4393.2,Michael A. Rulli,R,OH,6,119,2026Q1,true
R000619,2026 HON. MICHAEL A. RULLI,OFFICIAL EXPENSES OF MEMBERS,PRINTING AND REPRODUCTION,59900.9,59900.9,Michael A. Rulli,R,OH,6,119,2026Q1,true
R000619,2026 HON. MICHAEL A. RULLI,OFFICIAL EXPENSES OF MEMBERS,SUPPLIES AND MATERIALS,3433.27,3433.27,Michael A. Rulli,R,OH,6,119,2026Q1,true
R000619,2026 HON. MICHAEL A. RULLI,OFFICIAL EXPENSES OF MEMBERS,EQUIPMENT,465,465,Michael A. Rulli,R,OH,6,119,2026Q1,true
R000619,2026 HON. MICHAEL A. RULLI,INTERN ALLOWANCES,PERSONNEL COMPENSATION,10021.04,10021.04,Michael A. Rulli,R,OH,6,119,2026Q1,true
R000609,2026 HON. JOHN H. RUTHERFORD,OFFICIAL EXPENSES OF MEMBERS,FRANKED MAIL,678,678,John H. Rutherford,R,FL,4,119,2026Q1,true
R000609,2026 HON. JOHN H. RUTHERFORD,OFFICIAL EXPENSES OF MEMBERS,PERSONNEL COMPENSATION,342732.21,342732.21,John H. Rutherford,R,FL,4,119,2026Q1,true
R000609,2026 HON. JOHN H. RUTHERFORD,OFFICIAL EXPENSES OF MEMBERS,TRAVEL,7396.86,7396.86,John H. Rutherford,R,FL,4,119,2026Q1,true
R000609,2026 HON. JOHN H. RUTHERFORD,OFFICIAL EXPENSES OF MEMBERS,RENT COMMUNICATION UTILITIES,2211.42,2211.42,John H. Rutherford,R,FL,4,119,2026Q1,true
R000609,2026 HON. JOHN H. RUTHERFORD,OFFICIAL EXPENSES OF MEMBERS,PRINTING AND REPRODUCTION,161.18,161.18,John H. Rutherford,R,FL,4,119,2026Q1,true
R000609,2026 HON. JOHN H. RUTHERFORD,OFFICIAL EXPENSES OF MEMBERS,OTHER SERVICES,105.24,105.24,John H. Rutherford,R,FL,4,119,2026Q1,true
R000609,2026 HON. JOHN H. RUTHERFORD,OFFICIAL EXPENSES OF MEMBERS,SUPPLIES AND MATERIALS,5443.07,5443.07,John H. Rutherford,R,FL,4,119,2026Q1,true
R000609,2026 HON. JOHN H. RUTHERFORD,OFFICIAL EXPENSES OF MEMBERS,EQUIPMENT,501,501,John H. Rutherford,R,FL,4,119,2026Q1,true
R000609,2026 HON. JOHN H. RUTHERFORD,INTERN ALLOWANCES,PERSONNEL COMPENSATION,11826.67,11826.67,John H. Rutherford,R,FL,4,119,2026Q1,true
R000579,2026 HON. PATRICK RYAN,OFFICIAL EXPENSES OF MEMBERS,FRANKED MAIL,1222.03,1222.03,Patrick Ryan,D,NY,19,119,2026Q1,true
R000579,2026 HON. PATRICK RYAN,OFFICIAL EXPENSES OF MEMBERS,PERSONNEL COMPENSATION,364813.07,364813.07,Patrick Ryan,D,NY,19,119,2026Q1,true
R000579,2026 HON. PATRICK RYAN,OFFICIAL EXPENSES OF MEMBERS,TRAVEL,11571.24,11571.24,Patrick Ryan,D,NY,19,119,2026Q1,true
R000579,2026 HON. PATRICK RYAN,OFFICIAL EXPENSES OF MEMBERS,RENT COMMUNICATION UTILITIES,5393.3,5393.3,Patrick Ryan,D,NY,19,119,2026Q1,true
R000579,2026 HON. PATRICK RYAN,OFFICIAL EXPENSES OF MEMBERS,PRINTING AND REPRODUCTION,914.45,914.45,Patrick Ryan,D,NY,19,119,2026Q1,true
R000579,2026 HON. PATRICK RYAN,OFFICIAL EXPENSES OF MEMBERS,OTHER SERVICES,13030.5,13030.5,Patrick Ryan,D,NY,19,119,2026Q1,true
R000579,2026 HON. PATRICK RYAN,OFFICIAL EXPENSES OF MEMBERS,SUPPLIES AND MATERIALS,8584,8584,Patrick Ryan,D,NY,19,119,2026Q1,true
R000579,2026 HON. PATRICK RYAN,OFFICIAL EXPENSES OF MEMBERS,EQUIPMENT,4372.56,4372.56,Patrick Ryan,D,NY,19,119,2026Q1,true
R000579,2026 HON. PATRICK RYAN,INTERN ALLOWANCES,PERSONNEL COMPENSATION,5866,5866,Patrick Ryan,D,NY,19,119,2026Q1,true
S000168,2026 HON. MARIA ELVIRA SALAZAR,OFFICIAL EXPENSES OF MEMBERS,FRANKED MAIL,-90.57,-90.57,Maria Elvira Salazar,R,FL,27,119,2026Q1,true
S000168,2026 HON. MARIA ELVIRA SALAZAR,OFFICIAL EXPENSES OF MEMBERS,PERSONNEL COMPENSATION,367905.99,367905.99,Maria Elvira Salazar,R,FL,27,119,2026Q1,true
S000168,2026 HON. MARIA ELVIRA SALAZAR,OFFICIAL EXPENSES OF MEMBERS,TRAVEL,19155.87,19155.87,Maria Elvira Salazar,R,FL,27,119,2026Q1,true
S000168,2026 HON. MARIA ELVIRA SALAZAR,OFFICIAL EXPENSES OF MEMBERS,RENT COMMUNICATION UTILITIES,2721.73,2721.73,Maria Elvira Salazar,R,FL,27,119,2026Q1,true
S000168,2026 HON. MARIA ELVIRA SALAZAR,OFFICIAL EXPENSES OF MEMBERS,PRINTING AND REPRODUCTION,1920.86,1920.86,Maria Elvira Salazar,R,FL,27,119,2026Q1,true
S000168,2026 HON. MARIA ELVIRA SALAZAR,OFFICIAL EXPENSES OF MEMBERS,OTHER SERVICES,9210,9210,Maria Elvira Salazar,R,FL,27,119,2026Q1,true
S000168,2026 HON. MARIA ELVIRA SALAZAR,OFFICIAL EXPENSES OF MEMBERS,SUPPLIES AND MATERIALS,941.6,941.6,Maria Elvira Salazar,R,FL,27,119,2026Q1,true
S000168,2026 HON. MARIA ELVIRA SALAZAR,OFFICIAL EXPENSES OF MEMBERS,EQUIPMENT,1002,1002,Maria Elvira Salazar,R,FL,27,119,2026Q1,true
S000168,2026 HON. MARIA ELVIRA SALAZAR,INTERN ALLOWANCES,PERSONNEL COMPENSATION,8637.5,8637.5,Maria Elvira Salazar,R,FL,27,119,2026Q1,true
S001226,2026 HON. ANDREA SALINAS,OFFICIAL EXPENSES OF MEMBERS,FRANKED MAIL,321.31,321.31,Andrea Salinas,D,OR,6,119,2026Q1,true
S001226,2026 HON. ANDREA SALINAS,OFFICIAL EXPENSES OF MEMBERS,PERSONNEL COMPENSATION,366275.59,366275.59,Andrea Salinas,D,OR,6,119,2026Q1,true
S001226,2026 HON. ANDREA SALINAS,OFFICIAL EXPENSES OF MEMBERS,TRAVEL,19775.33,19775.33,Andrea Salinas,D,OR,6,119,2026Q1,true
S001226,2026 HON. ANDREA SALINAS,OFFICIAL EXPENSES OF MEMBERS,RENT COMMUNICATION UTILITIES,23403.49,23403.49,Andrea Salinas,D,OR,6,119,2026Q1,true
S001226,2026 HON. ANDREA SALINAS,OFFICIAL EXPENSES OF MEMBERS,PRINTING AND REPRODUCTION,8581.15,8581.15,Andrea Salinas,D,OR,6,119,2026Q1,true
S001226,2026 HON. ANDREA SALINAS,OFFICIAL EXPENSES OF MEMBERS,OTHER SERVICES,6740,6740,Andrea Salinas,D,OR,6,119,2026Q1,true
S001226,2026 HON. ANDREA SALINAS,OFFICIAL EXPENSES OF MEMBERS,SUPPLIES AND MATERIALS,17914.48,17914.48,Andrea Salinas,D,OR,6,119,2026Q1,true
S001226,2026 HON. ANDREA SALINAS,OFFICIAL EXPENSES OF MEMBERS,EQUIPMENT,3381.67,3381.67,Andrea Salinas,D,OR,6,119,2026Q1,true
S001226,2026 HON. ANDREA SALINAS,INTERN ALLOWANCES,PERSONNEL COMPENSATION,9855.67,9855.67,Andrea Salinas,D,OR,6,119,2026Q1,true
S001156,2026 HON. LINDA T. SANCHEZ,OFFICIAL EXPENSES OF MEMBERS,FRANKED MAIL,-150.16,-150.16,Linda T. Sánchez,D,CA,38,119,2026Q1,true
S001156,2026 HON. LINDA T. SANCHEZ,OFFICIAL EXPENSES OF MEMBERS,PERSONNEL COMPENSATION,332632.38,332632.38,Linda T. Sánchez,D,CA,38,119,2026Q1,true
S001156,2026 HON. LINDA T. SANCHEZ,OFFICIAL EXPENSES OF MEMBERS,TRAVEL,16919.43,16919.43,Linda T. Sánchez,D,CA,38,119,2026Q1,true
S001156,2026 HON. LINDA T. SANCHEZ,OFFICIAL EXPENSES OF MEMBERS,RENT COMMUNICATION UTILITIES,25970.35,25970.35,Linda T. Sánchez,D,CA,38,119,2026Q1,true
S001156,2026 HON. LINDA T. SANCHEZ,OFFICIAL EXPENSES OF MEMBERS,PRINTING AND REPRODUCTION,38385.94,38385.94,Linda T. Sánchez,D,CA,38,119,2026Q1,true
S001156,2026 HON. LINDA T. SANCHEZ,OFFICIAL EXPENSES OF MEMBERS,OTHER SERVICES,164.51,164.51,Linda T. Sánchez,D,CA,38,119,2026Q1,true
S001156,2026 HON. LINDA T. SANCHEZ,OFFICIAL EXPENSES OF MEMBERS,SUPPLIES AND MATERIALS,4135.01,4135.01,Linda T. Sánchez,D,CA,38,119,2026Q1,true
S001156,2026 HON. LINDA T. SANCHEZ,OFFICIAL EXPENSES OF MEMBERS,EQUIPMENT,1185.99,1185.99,Linda T. Sánchez,D,CA,38,119,2026Q1,true
S001156,2026 HON. LINDA T. SANCHEZ,INTERN ALLOWANCES,PERSONNEL COMPENSATION,8150,8150,Linda T. Sánchez,D,CA,38,119,2026Q1,true
S001176,2026 HON. STEVE SCALISE,OFFICIAL EXPENSES OF MEMBERS,FRANKED MAIL,112.67,112.67,Steve Scalise,R,LA,1,119,2026Q1,true
S001176,2026 HON. STEVE SCALISE,OFFICIAL EXPENSES OF MEMBERS,PERSONNEL COMPENSATION,306421.83,306421.83,Steve Scalise,R,LA,1,119,2026Q1,true
S001176,2026 HON. STEVE SCALISE,OFFICIAL EXPENSES OF MEMBERS,TRAVEL,8602,8602,Steve Scalise,R,LA,1,119,2026Q1,true
S001176,2026 HON. STEVE SCALISE,OFFICIAL EXPENSES OF MEMBERS,RENT COMMUNICATION UTILITIES,13868.12,13868.12,Steve Scalise,R,LA,1,119,2026Q1,true
S001176,2026 HON. STEVE SCALISE,OFFICIAL EXPENSES OF MEMBERS,PRINTING AND REPRODUCTION,379.4,379.4,Steve Scalise,R,LA,1,119,2026Q1,true
S001176,2026 HON. STEVE SCALISE,OFFICIAL EXPENSES OF MEMBERS,SUPPLIES AND MATERIALS,3017.26,3017.26,Steve Scalise,R,LA,1,119,2026Q1,true
S001176,2026 HON. STEVE SCALISE,OFFICIAL EXPENSES OF MEMBERS,EQUIPMENT,1089,1089,Steve Scalise,R,LA,1,119,2026Q1,true
S001176,2026 HON. STEVE SCALISE,INTERN ALLOWANCES,PERSONNEL COMPENSATION,29040,29040,Steve Scalise,R,LA,1,119,2026Q1,true
S001205,2026 HON. MARY GAY SCANLON,OFFICIAL EXPENSES OF MEMBERS,FRANKED MAIL,-22.04,-22.04,Mary Gay Scanlon,D,PA,5,119,2026Q1,true
S001205,2026 HON. MARY GAY SCANLON,OFFICIAL EXPENSES OF MEMBERS,PERSONNEL COMPENSATION,385933.31,385933.31,Mary Gay Scanlon,D,PA,5,119,2026Q1,true
S001205,2026 HON. MARY GAY SCANLON,OFFICIAL EXPENSES OF MEMBERS,TRAVEL,10062.61,10062.61,Mary Gay Scanlon,D,PA,5,119,2026Q1,true
S001205,2026 HON. MARY GAY SCANLON,OFFICIAL EXPENSES OF MEMBERS,RENT COMMUNICATION UTILITIES,26775.71,26775.71,Mary Gay Scanlon,D,PA,5,119,2026Q1,true
S001205,2026 HON. MARY GAY SCANLON,OFFICIAL EXPENSES OF MEMBERS,OTHER SERVICES,13416.33,13416.33,Mary Gay Scanlon,D,PA,5,119,2026Q1,true
S001205,2026 HON. MARY GAY SCANLON,OFFICIAL EXPENSES OF MEMBERS,SUPPLIES AND MATERIALS,7200.85,7200.85,Mary Gay Scanlon,D,PA,5,119,2026Q1,true
S001205,2026 HON. MARY GAY SCANLON,OFFICIAL EXPENSES OF MEMBERS,EQUIPMENT,1106.54,1106.54,Mary Gay Scanlon,D,PA,5,119,2026Q1,true
S001205,2026 HON. MARY GAY SCANLON,INTERN ALLOWANCES,PERSONNEL COMPENSATION,11025,11025,Mary Gay Scanlon,D,PA,5,119,2026Q1,true
S001145,2026 HON. JANICE D. SCHAKOWSKY,OFFICIAL EXPENSES OF MEMBERS,FRANKED MAIL,-5.48,-5.48,Janice D. Schakowsky,D,IL,9,119,2026Q1,true
S001145,2026 HON. JANICE D. SCHAKOWSKY,OFFICIAL EXPENSES OF MEMBERS,PERSONNEL COMPENSATION,411207,411207,Janice D. Schakowsky,D,IL,9,119,2026Q1,true
S001145,2026 HON. JANICE D. SCHAKOWSKY,OFFICIAL EXPENSES OF MEMBERS,TRAVEL,4544.48,4544.48,Janice D. Schakowsky,D,IL,9,119,2026Q1,true
S001145,2026 HON. JANICE D. SCHAKOWSKY,OFFICIAL EXPENSES OF MEMBERS,RENT COMMUNICATION UTILITIES,16678.12,16678.12,Janice D. Schakowsky,D,IL,9,119,2026Q1,true
S001145,2026 HON. JANICE D. SCHAKOWSKY,OFFICIAL EXPENSES OF MEMBERS,OTHER SERVICES,14147.92,14147.92,Janice D. Schakowsky,D,IL,9,119,2026Q1,true
S001145,2026 HON. JANICE D. SCHAKOWSKY,OFFICIAL EXPENSES OF MEMBERS,SUPPLIES AND MATERIALS,16780.31,16780.31,Janice D. Schakowsky,D,IL,9,119,2026Q1,true
S001145,2026 HON. JANICE D. SCHAKOWSKY,OFFICIAL EXPENSES OF MEMBERS,EQUIPMENT,546,546,Janice D. Schakowsky,D,IL,9,119,2026Q1,true
S001145,2026 HON. JANICE D. SCHAKOWSKY,INTERN ALLOWANCES,PERSONNEL COMPENSATION,12913.89,12913.89,Janice D. Schakowsky,D,IL,9,119,2026Q1,true
S001228,2026 HON. DEREK SCHMIDT,OFFICIAL EXPENSES OF MEMBERS,FRANKED MAIL,-47.41,-47.41,Derek Schmidt,R,KS,2,119,2026Q1,true
S001228,2026 HON. DEREK SCHMIDT,OFFICIAL EXPENSES OF MEMBERS,PERSONNEL COMPENSATION,277925.01,277925.01,Derek Schmidt,R,KS,2,119,2026Q1,true
S001228,2026 HON. DEREK SCHMIDT,OFFICIAL EXPENSES OF MEMBERS,TRAVEL,23536.33,23536.33,Derek Schmidt,R,KS,2,119,2026Q1,true
S001228,2026 HON. DEREK SCHMIDT,OFFICIAL EXPENSES OF MEMBERS,RENT COMMUNICATION UTILITIES,3087.26,3087.26,Derek Schmidt,R,KS,2,119,2026Q1,true
S001228,2026 HON. DEREK SCHMIDT,OFFICIAL EXPENSES OF MEMBERS,PRINTING AND REPRODUCTION,13588.08,13588.08,Derek Schmidt,R,KS,2,119,2026Q1,true
S001228,2026 HON. DEREK SCHMIDT,OFFICIAL EXPENSES OF MEMBERS,OTHER SERVICES,4800,4800,Derek Schmidt,R,KS,2,119,2026Q1,true
S001228,2026 HON. DEREK SCHMIDT,OFFICIAL EXPENSES OF MEMBERS,SUPPLIES AND MATERIALS,3422.09,3422.09,Derek Schmidt,R,KS,2,119,2026Q1,true
S001190,2026 HON. BRADLEY SCOTT SCHNEIDER,OFFICIAL EXPENSES OF MEMBERS,FRANKED MAIL,-37.31,-37.31,Bradley Scott Schneider,D,IL,10,119,2026Q1,true
S001190,2026 HON. BRADLEY SCOTT SCHNEIDER,OFFICIAL EXPENSES OF MEMBERS,PERSONNEL COMPENSATION,370113.31,370113.31,Bradley Scott Schneider,D,IL,10,119,2026Q1,true
S001190,2026 HON. BRADLEY SCOTT SCHNEIDER,OFFICIAL EXPENSES OF MEMBERS,TRAVEL,2402.52,2402.52,Bradley Scott Schneider,D,IL,10,119,2026Q1,true
S001190,2026 HON. BRADLEY SCOTT SCHNEIDER,OFFICIAL EXPENSES OF MEMBERS,RENT COMMUNICATION UTILITIES,17798.5,17798.5,Bradley Scott Schneider,D,IL,10,119,2026Q1,true
S001190,2026 HON. BRADLEY SCOTT SCHNEIDER,OFFICIAL EXPENSES OF MEMBERS,PRINTING AND REPRODUCTION,501,501,Bradley Scott Schneider,D,IL,10,119,2026Q1,true
S001190,2026 HON. BRADLEY SCOTT SCHNEIDER,OFFICIAL EXPENSES OF MEMBERS,OTHER SERVICES,6120,6120,Bradley Scott Schneider,D,IL,10,119,2026Q1,true
S001190,2026 HON. BRADLEY SCOTT SCHNEIDER,OFFICIAL EXPENSES OF MEMBERS,SUPPLIES AND MATERIALS,1331.22,1331.22,Bradley Scott Schneider,D,IL,10,119,2026Q1,true
S001190,2026 HON. BRADLEY SCOTT SCHNEIDER,OFFICIAL EXPENSES OF MEMBERS,EQUIPMENT,1282.47,1282.47,Bradley Scott Schneider,D,IL,10,119,2026Q1,true
S001190,2026 HON. BRADLEY SCOTT SCHNEIDER,INTERN ALLOWANCES,PERSONNEL COMPENSATION,8036.67,8036.67,Bradley Scott Schneider,D,IL,10,119,2026Q1,true
S001221,2026 HON. HILLARY J. SCHOLTEN,OFFICIAL EXPENSES OF MEMBERS,FRANKED MAIL,-16.27,-16.27,Hillary J. Scholten,D,MI,3,119,2026Q1,true
S001221,2026 HON. HILLARY J. SCHOLTEN,OFFICIAL EXPENSES OF MEMBERS,PERSONNEL COMPENSATION,313073.92,313073.92,Hillary J. Scholten,D,MI,3,119,2026Q1,true
S001221,2026 HON. HILLARY J. SCHOLTEN,OFFICIAL EXPENSES OF MEMBERS,TRAVEL,9577.88,9577.88,Hillary J. Scholten,D,MI,3,119,2026Q1,true
S001221,2026 HON. HILLARY J. SCHOLTEN,OFFICIAL EXPENSES OF MEMBERS,RENT COMMUNICATION UTILITIES,11601.13,11601.13,Hillary J. Scholten,D,MI,3,119,2026Q1,true
S001221,2026 HON. HILLARY J. SCHOLTEN,OFFICIAL EXPENSES OF MEMBERS,PRINTING AND REPRODUCTION,187.5,187.5,Hillary J. Scholten,D,MI,3,119,2026Q1,true
S001221,2026 HON. HILLARY J. SCHOLTEN,OFFICIAL EXPENSES OF MEMBERS,OTHER SERVICES,1561.47,1561.47,Hillary J. Scholten,D,MI,3,119,2026Q1,true
S001221,2026 HON. HILLARY J. SCHOLTEN,OFFICIAL EXPENSES OF MEMBERS,SUPPLIES AND MATERIALS,8280.23,8280.23,Hillary J. Scholten,D,MI,3,119,2026Q1,true
S001221,2026 HON. HILLARY J. SCHOLTEN,OFFICIAL EXPENSES OF MEMBERS,EQUIPMENT,501,501,Hillary J. Scholten,D,MI,3,119,2026Q1,true
S001221,2026 HON. HILLARY J. SCHOLTEN,INTERN ALLOWANCES,PERSONNEL COMPENSATION,9084.96,9084.96,Hillary J. Scholten,D,MI,3,119,2026Q1,true
S001216,2026 HON. KIM SCHRIER,OFFICIAL EXPENSES OF MEMBERS,FRANKED MAIL,99.41,99.41,Kim Schrier,D,WA,8,119,2026Q1,true
S001216,2026 HON. KIM SCHRIER,OFFICIAL EXPENSES OF MEMBERS,PERSONNEL COMPENSATION,356644.5,356644.5,Kim Schrier,D,WA,8,119,2026Q1,true
S001216,2026 HON. KIM SCHRIER,OFFICIAL EXPENSES OF MEMBERS,TRAVEL,6278.14,6278.14,Kim Schrier,D,WA,8,119,2026Q1,true
S001216,2026 HON. KIM SCHRIER,OFFICIAL EXPENSES OF MEMBERS,RENT COMMUNICATION UTILITIES,33120.19,33120.19,Kim Schrier,D,WA,8,119,2026Q1,true
S001216,2026 HON. KIM SCHRIER,OFFICIAL EXPENSES OF MEMBERS,PRINTING AND REPRODUCTION,948,948,Kim Schrier,D,WA,8,119,2026Q1,true
S001216,2026 HON. KIM SCHRIER,OFFICIAL EXPENSES OF MEMBERS,OTHER SERVICES,121,121,Kim Schrier,D,WA,8,119,2026Q1,true
S001216,2026 HON. KIM SCHRIER,OFFICIAL EXPENSES OF MEMBERS,SUPPLIES AND MATERIALS,1690.98,1690.98,Kim Schrier,D,WA,8,119,2026Q1,true
S001216,2026 HON. KIM SCHRIER,OFFICIAL EXPENSES OF MEMBERS,EQUIPMENT,1095.99,1095.99,Kim Schrier,D,WA,8,119,2026Q1,true
S001216,2026 HON. KIM SCHRIER,INTERN ALLOWANCES,PERSONNEL COMPENSATION,12278.32,12278.32,Kim Schrier,D,WA,8,119,2026Q1,true
S001183,2026 HON. DAVID SCHWEIKERT,OFFICIAL EXPENSES OF MEMBERS,FRANKED MAIL,83808.9,83808.9,David Schweikert,R,AZ,6,119,2026Q1,true
S001183,2026 HON. DAVID SCHWEIKERT,OFFICIAL EXPENSES OF MEMBERS,PERSONNEL COMPENSATION,287911.14,287911.14,David Schweikert,R,AZ,6,119,2026Q1,true
S001183,2026 HON. DAVID SCHWEIKERT,OFFICIAL EXPENSES OF MEMBERS,TRAVEL,7079.19,7079.19,David Schweikert,R,AZ,6,119,2026Q1,true
S001183,2026 HON. DAVID SCHWEIKERT,OFFICIAL EXPENSES OF MEMBERS,RENT COMMUNICATION UTILITIES,3072.92,3072.92,David Schweikert,R,AZ,6,119,2026Q1,true
S001183,2026 HON. DAVID SCHWEIKERT,OFFICIAL EXPENSES OF MEMBERS,PRINTING AND REPRODUCTION,65224.55,65224.55,David Schweikert,R,AZ,6,119,2026Q1,true
S001183,2026 HON. DAVID SCHWEIKERT,OFFICIAL EXPENSES OF MEMBERS,OTHER SERVICES,3117.56,3117.56,David Schweikert,R,AZ,6,119,2026Q1,true
S001183,2026 HON. DAVID SCHWEIKERT,OFFICIAL EXPENSES OF MEMBERS,SUPPLIES AND MATERIALS,1579.58,1579.58,David Schweikert,R,AZ,6,119,2026Q1,true
S001183,2026 HON. DAVID SCHWEIKERT,OFFICIAL EXPENSES OF MEMBERS,EQUIPMENT,2091,2091,David Schweikert,R,AZ,6,119,2026Q1,true
S001183,2026 HON. DAVID SCHWEIKERT,INTERN ALLOWANCES,PERSONNEL COMPENSATION,11030.01,11030.01,David Schweikert,R,AZ,6,119,2026Q1,true
S001189,2026 HON. AUSTIN SCOTT,OFFICIAL EXPENSES OF MEMBERS,FRANKED MAIL,203.02,203.02,Austin Scott,R,GA,8,119,2026Q1,true
S001189,2026 HON. AUSTIN SCOTT,OFFICIAL EXPENSES OF MEMBERS,PERSONNEL COMPENSATION,319756.6,319756.6,Austin Scott,R,GA,8,119,2026Q1,true
S001189,2026 HON. AUSTIN SCOTT,OFFICIAL EXPENSES OF MEMBERS,TRAVEL,16090.46,16090.46,Austin Scott,R,GA,8,119,2026Q1,true
S001189,2026 HON. AUSTIN SCOTT,OFFICIAL EXPENSES OF MEMBERS,RENT COMMUNICATION UTILITIES,5070.88,5070.88,Austin Scott,R,GA,8,119,2026Q1,true
S001189,2026 HON. AUSTIN SCOTT,OFFICIAL EXPENSES OF MEMBERS,PRINTING AND REPRODUCTION,100.45,100.45,Austin Scott,R,GA,8,119,2026Q1,true
S001189,2026 HON. AUSTIN SCOTT,OFFICIAL EXPENSES OF MEMBERS,OTHER SERVICES,1174,1174,Austin Scott,R,GA,8,119,2026Q1,true
S001189,2026 HON. AUSTIN SCOTT,OFFICIAL EXPENSES OF MEMBERS,SUPPLIES AND MATERIALS,1571.33,1571.33,Austin Scott,R,GA,8,119,2026Q1,true
S001189,2026 HON. AUSTIN SCOTT,OFFICIAL EXPENSES OF MEMBERS,EQUIPMENT,493.5,493.5,Austin Scott,R,GA,8,119,2026Q1,true
S001189,2026 HON. AUSTIN SCOTT,INTERN ALLOWANCES,PERSONNEL COMPENSATION,3250,3250,Austin Scott,R,GA,8,119,2026Q1,true
S001157,2026 HON. DAVID SCOTT,OFFICIAL EXPENSES OF MEMBERS,FRANKED MAIL,35202.03,35202.03,David Scott,D,GA,13,119,2026Q1,true
S001157,2026 HON. DAVID SCOTT,OFFICIAL EXPENSES OF MEMBERS,PERSONNEL COMPENSATION,275727.76,275727.76,David Scott,D,GA,13,119,2026Q1,true
S001157,2026 HON. DAVID SCOTT,OFFICIAL EXPENSES OF MEMBERS,TRAVEL,24613.82,24613.82,David Scott,D,GA,13,119,2026Q1,true
S001157,2026 HON. DAVID SCOTT,OFFICIAL EXPENSES OF MEMBERS,RENT COMMUNICATION UTILITIES,4558.28,4558.28,David Scott,D,GA,13,119,2026Q1,true
S001157,2026 HON. DAVID SCOTT,OFFICIAL EXPENSES OF MEMBERS,PRINTING AND REPRODUCTION,62980.32,62980.32,David Scott,D,GA,13,119,2026Q1,true
S001157,2026 HON. DAVID SCOTT,OFFICIAL EXPENSES OF MEMBERS,OTHER SERVICES,14550,14550,David Scott,D,GA,13,119,2026Q1,true
S001157,2026 HON. DAVID SCOTT,OFFICIAL EXPENSES OF MEMBERS,SUPPLIES AND MATERIALS,1091.76,1091.76,David Scott,D,GA,13,119,2026Q1,true
S001157,2026 HON. DAVID SCOTT,OFFICIAL EXPENSES OF MEMBERS,EQUIPMENT,495,495,David Scott,D,GA,13,119,2026Q1,true
S001157,2026 HON. DAVID SCOTT,INTERN ALLOWANCES,PERSONNEL COMPENSATION,6520,6520,David Scott,D,GA,13,119,2026Q1,true
S000185,"2026 HON. ROBERT C. ""BOBBY"" SCOTT",OFFICIAL EXPENSES OF MEMBERS,FRANKED MAIL,16.44,16.44,"Robert C. ""Bobby"" Scott",D,VA,3,119,2026Q1,true
S000185,"2026 HON. ROBERT C. ""BOBBY"" SCOTT",OFFICIAL EXPENSES OF MEMBERS,PERSONNEL COMPENSATION,363077.29,363077.29,"Robert C. ""Bobby"" Scott",D,VA,3,119,2026Q1,true
S000185,"2026 HON. ROBERT C. ""BOBBY"" SCOTT",OFFICIAL EXPENSES OF MEMBERS,TRAVEL,2508.05,2508.05,"Robert C. ""Bobby"" Scott",D,VA,3,119,2026Q1,true
S000185,"2026 HON. ROBERT C. ""BOBBY"" SCOTT",OFFICIAL EXPENSES OF MEMBERS,RENT COMMUNICATION UTILITIES,21305.94,21305.94,"Robert C. ""Bobby"" Scott",D,VA,3,119,2026Q1,true
S000185,"2026 HON. ROBERT C. ""BOBBY"" SCOTT",OFFICIAL EXPENSES OF MEMBERS,OTHER SERVICES,9588,9588,"Robert C. ""Bobby"" Scott",D,VA,3,119,2026Q1,true
S000185,"2026 HON. ROBERT C. ""BOBBY"" SCOTT",OFFICIAL EXPENSES OF MEMBERS,SUPPLIES AND MATERIALS,884.58,884.58,"Robert C. ""Bobby"" Scott",D,VA,3,119,2026Q1,true
S000185,"2026 HON. ROBERT C. ""BOBBY"" SCOTT",OFFICIAL EXPENSES OF MEMBERS,EQUIPMENT,1089,1089,"Robert C. ""Bobby"" Scott",D,VA,3,119,2026Q1,true
S000185,"2026 HON. ROBERT C. ""BOBBY"" SCOTT",INTERN ALLOWANCES,PERSONNEL COMPENSATION,17317.17,17317.17,"Robert C. ""Bobby"" Scott",D,VA,3,119,2026Q1,true
S001224,2026 HON. KEITH SELF,OFFICIAL EXPENSES OF MEMBERS,FRANKED MAIL,-96.2,-96.2,Keith Self,R,TX,3,119,2026Q1,true
S001224,2026 HON. KEITH SELF,OFFICIAL EXPENSES OF MEMBERS,PERSONNEL COMPENSATION,335300.75,335300.75,Keith Self,R,TX,3,119,2026Q1,true
S001224,2026 HON. KEITH SELF,OFFICIAL EXPENSES OF MEMBERS,TRAVEL,12388.57,12388.57,Keith Self,R,TX,3,119,2026Q1,true
S001224,2026 HON. KEITH SELF,OFFICIAL EXPENSES OF MEMBERS,RENT COMMUNICATION UTILITIES,5165.83,5165.83,Keith Self,R,TX,3,119,2026Q1,true
S001224,2026 HON. KEITH SELF,OFFICIAL EXPENSES OF MEMBERS,PRINTING AND REPRODUCTION,1015.5,1015.5,Keith Self,R,TX,3,119,2026Q1,true
S001224,2026 HON. KEITH SELF,OFFICIAL EXPENSES OF MEMBERS,OTHER SERVICES,6790,6790,Keith Self,R,TX,3,119,2026Q1,true
S001224,2026 HON. KEITH SELF,OFFICIAL EXPENSES OF MEMBERS,SUPPLIES AND MATERIALS,3628.27,3628.27,Keith Self,R,TX,3,119,2026Q1,true
S001224,2026 HON. KEITH SELF,OFFICIAL EXPENSES OF MEMBERS,EQUIPMENT,3621,3621,Keith Self,R,TX,3,119,2026Q1,true
S001224,2026 HON. KEITH SELF,INTERN ALLOWANCES,PERSONNEL COMPENSATION,11038.33,11038.33,Keith Self,R,TX,3,119,2026Q1,true
S000250,2026 HON. PETE SESSIONS,OFFICIAL EXPENSES OF MEMBERS,FRANKED MAIL,-16.13,-16.13,Pete Sessions,R,TX,17,119,2026Q1,true
S000250,2026 HON. PETE SESSIONS,OFFICIAL EXPENSES OF MEMBERS,PERSONNEL COMPENSATION,380553.87,380553.87,Pete Sessions,R,TX,17,119,2026Q1,true
S000250,2026 HON. PETE SESSIONS,OFFICIAL EXPENSES OF MEMBERS,TRAVEL,17341.03,17341.03,Pete Sessions,R,TX,17,119,2026Q1,true
S000250,2026 HON. PETE SESSIONS,OFFICIAL EXPENSES OF MEMBERS,RENT COMMUNICATION UTILITIES,5568.66,5568.66,Pete Sessions,R,TX,17,119,2026Q1,true
S000250,2026 HON. PETE SESSIONS,OFFICIAL EXPENSES OF MEMBERS,PRINTING AND REPRODUCTION,145.5,145.5,Pete Sessions,R,TX,17,119,2026Q1,true
S000250,2026 HON. PETE SESSIONS,OFFICIAL EXPENSES OF MEMBERS,OTHER SERVICES,12999.7,12999.7,Pete Sessions,R,TX,17,119,2026Q1,true
S000250,2026 HON. PETE SESSIONS,OFFICIAL EXPENSES OF MEMBERS,SUPPLIES AND MATERIALS,11985.68,11985.68,Pete Sessions,R,TX,17,119,2026Q1,true
S000250,2026 HON. PETE SESSIONS,OFFICIAL EXPENSES OF MEMBERS,EQUIPMENT,9911.23,9911.23,Pete Sessions,R,TX,17,119,2026Q1,true
S000250,2026 HON. PETE SESSIONS,INTERN ALLOWANCES,PERSONNEL COMPENSATION,5933.33,5933.33,Pete Sessions,R,TX,17,119,2026Q1,true
S001185,2026 HON. TERRI A. SEWELL,OFFICIAL EXPENSES OF MEMBERS,FRANKED MAIL,96.2,96.2,Terri A. Sewell,D,AL,7,119,2026Q1,true
S001185,2026 HON. TERRI A. SEWELL,OFFICIAL EXPENSES OF MEMBERS,PERSONNEL COMPENSATION,296652.81,296652.81,Terri A. Sewell,D,AL,7,119,2026Q1,true
S001185,2026 HON. TERRI A. SEWELL,OFFICIAL EXPENSES OF MEMBERS,TRAVEL,14700.44,14700.44,Terri A. Sewell,D,AL,7,119,2026Q1,true
S001185,2026 HON. TERRI A. SEWELL,OFFICIAL EXPENSES OF MEMBERS,RENT COMMUNICATION UTILITIES,17453.54,17453.54,Terri A. Sewell,D,AL,7,119,2026Q1,true
S001185,2026 HON. TERRI A. SEWELL,OFFICIAL EXPENSES OF MEMBERS,PRINTING AND REPRODUCTION,147.5,147.5,Terri A. Sewell,D,AL,7,119,2026Q1,true
S001185,2026 HON. TERRI A. SEWELL,OFFICIAL EXPENSES OF MEMBERS,OTHER SERVICES,19671.41,19671.41,Terri A. Sewell,D,AL,7,119,2026Q1,true
S001185,2026 HON. TERRI A. SEWELL,OFFICIAL EXPENSES OF MEMBERS,SUPPLIES AND MATERIALS,7747.13,7747.13,Terri A. Sewell,D,AL,7,119,2026Q1,true
S001185,2026 HON. TERRI A. SEWELL,OFFICIAL EXPENSES OF MEMBERS,EQUIPMENT,1857,1857,Terri A. Sewell,D,AL,7,119,2026Q1,true
S001185,2026 HON. TERRI A. SEWELL,INTERN ALLOWANCES,PERSONNEL COMPENSATION,15687.32,15687.32,Terri A. Sewell,D,AL,7,119,2026Q1,true
S000344,2026 HON. BRAD SHERMAN,OFFICIAL EXPENSES OF MEMBERS,FRANKED MAIL,6744.38,6744.38,Brad Sherman,D,CA,30,119,2026Q1,true
S000344,2026 HON. BRAD SHERMAN,OFFICIAL EXPENSES OF MEMBERS,PERSONNEL COMPENSATION,326148.49,326148.49,Brad Sherman,D,CA,30,119,2026Q1,true
S000344,2026 HON. BRAD SHERMAN,OFFICIAL EXPENSES OF MEMBERS,TRAVEL,3147.19,3147.19,Brad Sherman,D,CA,30,119,2026Q1,true
S000344,2026 HON. BRAD SHERMAN,OFFICIAL EXPENSES OF MEMBERS,RENT COMMUNICATION UTILITIES,199508.76,199508.76,Brad Sherman,D,CA,30,119,2026Q1,true
S000344,2026 HON. BRAD SHERMAN,OFFICIAL EXPENSES OF MEMBERS,PRINTING AND REPRODUCTION,25877.11,25877.11,Brad Sherman,D,CA,30,119,2026Q1,true
S000344,2026 HON. BRAD SHERMAN,OFFICIAL EXPENSES OF MEMBERS,OTHER SERVICES,27.53,27.53,Brad Sherman,D,CA,30,119,2026Q1,true
S000344,2026 HON. BRAD SHERMAN,OFFICIAL EXPENSES OF MEMBERS,SUPPLIES AND MATERIALS,2265.54,2265.54,Brad Sherman,D,CA,30,119,2026Q1,true
S000344,2026 HON. BRAD SHERMAN,OFFICIAL EXPENSES OF MEMBERS,EQUIPMENT,375,375,Brad Sherman,D,CA,30,119,2026Q1,true
S000344,2026 HON. BRAD SHERMAN,INTERN ALLOWANCES,PERSONNEL COMPENSATION,6080.92,6080.92,Brad Sherman,D,CA,30,119,2026Q1,true
S001229,2026 HON. JEFFERSON SHREVE,OFFICIAL EXPENSES OF MEMBERS,FRANKED MAIL,24294.31,24294.31,Jefferson Shreve,R,IN,6,119,2026Q1,true
S001229,2026 HON. JEFFERSON SHREVE,OFFICIAL EXPENSES OF MEMBERS,PERSONNEL COMPENSATION,243732.47,243732.47,Jefferson Shreve,R,IN,6,119,2026Q1,true
S001229,2026 HON. JEFFERSON SHREVE,OFFICIAL EXPENSES OF MEMBERS,TRAVEL,3608,3608,Jefferson Shreve,R,IN,6,119,2026Q1,true
S001229,2026 HON. JEFFERSON SHREVE,OFFICIAL EXPENSES OF MEMBERS,RENT COMMUNICATION UTILITIES,3540.45,3540.45,Jefferson Shreve,R,IN,6,119,2026Q1,true
S001229,2026 HON. JEFFERSON SHREVE,OFFICIAL EXPENSES OF MEMBERS,PRINTING AND REPRODUCTION,42757.95,42757.95,Jefferson Shreve,R,IN,6,119,2026Q1,true
S001229,2026 HON. JEFFERSON SHREVE,OFFICIAL EXPENSES OF MEMBERS,OTHER SERVICES,80,80,Jefferson Shreve,R,IN,6,119,2026Q1,true
S001229,2026 HON. JEFFERSON SHREVE,OFFICIAL EXPENSES OF MEMBERS,SUPPLIES AND MATERIALS,1899.01,1899.01,Jefferson Shreve,R,IN,6,119,2026Q1,true
S001229,2026 HON. JEFFERSON SHREVE,OFFICIAL EXPENSES OF MEMBERS,EQUIPMENT,1002,1002,Jefferson Shreve,R,IN,6,119,2026Q1,true
S001229,2026 HON. JEFFERSON SHREVE,INTERN ALLOWANCES,PERSONNEL COMPENSATION,10530,10530,Jefferson Shreve,R,IN,6,119,2026Q1,true
S001231,2026 HON. LATEEFAH SIMON,OFFICIAL EXPENSES OF MEMBERS,FRANKED MAIL,44.25,44.25,Lateefah Simon,D,CA,12,119,2026Q1,true
S001231,2026 HON. LATEEFAH SIMON,OFFICIAL EXPENSES OF MEMBERS,PERSONNEL COMPENSATION,292413.87,292413.87,Lateefah Simon,D,CA,12,119,2026Q1,true
S001231,2026 HON. LATEEFAH SIMON,OFFICIAL EXPENSES OF MEMBERS,TRAVEL,32508.68,32508.68,Lateefah Simon,D,CA,12,119,2026Q1,true
S001231,2026 HON. LATEEFAH SIMON,OFFICIAL EXPENSES OF MEMBERS,RENT COMMUNICATION UTILITIES,8084.46,8084.46,Lateefah Simon,D,CA,12,119,2026Q1,true
S001231,2026 HON. LATEEFAH SIMON,OFFICIAL EXPENSES OF MEMBERS,PRINTING AND REPRODUCTION,1718.6,1718.6,Lateefah Simon,D,CA,12,119,2026Q1,true
S001231,2026 HON. LATEEFAH SIMON,OFFICIAL EXPENSES OF MEMBERS,OTHER SERVICES,10632.55,10632.55,Lateefah Simon,D,CA,12,119,2026Q1,true
S001231,2026 HON. LATEEFAH SIMON,OFFICIAL EXPENSES OF MEMBERS,SUPPLIES AND MATERIALS,4443.84,4443.84,Lateefah Simon,D,CA,12,119,2026Q1,true
S001231,2026 HON. LATEEFAH SIMON,OFFICIAL EXPENSES OF MEMBERS,EQUIPMENT,1002,1002,Lateefah Simon,D,CA,12,119,2026Q1,true
S001231,2026 HON. LATEEFAH SIMON,INTERN ALLOWANCES,PERSONNEL COMPENSATION,7554.67,7554.67,Lateefah Simon,D,CA,12,119,2026Q1,true
S001148,2026 HON. MICHAEL K. SIMPSON,OFFICIAL EXPENSES OF MEMBERS,FRANKED MAIL,3365.76,3365.76,Michael K. Simpson,R,ID,2,119,2026Q1,true
S001148,2026 HON. MICHAEL K. SIMPSON,OFFICIAL EXPENSES OF MEMBERS,PERSONNEL COMPENSATION,299206.06,299206.06,Michael K. Simpson,R,ID,2,119,2026Q1,true
S001148,2026 HON. MICHAEL K. SIMPSON,OFFICIAL EXPENSES OF MEMBERS,TRAVEL,37468.2,37468.2,Michael K. Simpson,R,ID,2,119,2026Q1,true
S001148,2026 HON. MICHAEL K. SIMPSON,OFFICIAL EXPENSES OF MEMBERS,RENT COMMUNICATION UTILITIES,56599.71,56599.71,Michael K. Simpson,R,ID,2,119,2026Q1,true
S001148,2026 HON. MICHAEL K. SIMPSON,OFFICIAL EXPENSES OF MEMBERS,PRINTING AND REPRODUCTION,42593.86,42593.86,Michael K. Simpson,R,ID,2,119,2026Q1,true
S001148,2026 HON. MICHAEL K. SIMPSON,OFFICIAL EXPENSES OF MEMBERS,OTHER SERVICES,7267.75,7267.75,Michael K. Simpson,R,ID,2,119,2026Q1,true
S001148,2026 HON. MICHAEL K. SIMPSON,OFFICIAL EXPENSES OF MEMBERS,SUPPLIES AND MATERIALS,2584.32,2584.32,Michael K. Simpson,R,ID,2,119,2026Q1,true
S001148,2026 HON. MICHAEL K. SIMPSON,OFFICIAL EXPENSES OF MEMBERS,EQUIPMENT,391.81,391.81,Michael K. Simpson,R,ID,2,119,2026Q1,true
S001148,2026 HON. MICHAEL K. SIMPSON,INTERN ALLOWANCES,PERSONNEL COMPENSATION,4300,4300,Michael K. Simpson,R,ID,2,119,2026Q1,true
S000510,2026 HON. ADAM SMITH,OFFICIAL EXPENSES OF MEMBERS,FRANKED MAIL,573.63,573.63,Adam Smith,D,WA,9,119,2026Q1,true
S000510,2026 HON. ADAM SMITH,OFFICIAL EXPENSES OF MEMBERS,PERSONNEL COMPENSATION,360800,360800,Adam Smith,D,WA,9,119,2026Q1,true
S000510,2026 HON. ADAM SMITH,OFFICIAL EXPENSES OF MEMBERS,TRAVEL,8488.86,8488.86,Adam Smith,D,WA,9,119,2026Q1,true
S000510,2026 HON. ADAM SMITH,OFFICIAL EXPENSES OF MEMBERS,RENT COMMUNICATION UTILITIES,14615.51,14615.51,Adam Smith,D,WA,9,119,2026Q1,true
S000510,2026 HON. ADAM SMITH,OFFICIAL EXPENSES OF MEMBERS,PRINTING AND REPRODUCTION,222,222,Adam Smith,D,WA,9,119,2026Q1,true
S000510,2026 HON. ADAM SMITH,OFFICIAL EXPENSES OF MEMBERS,OTHER SERVICES,15547.08,15547.08,Adam Smith,D,WA,9,119,2026Q1,true
S000510,2026 HON. ADAM SMITH,OFFICIAL EXPENSES OF MEMBERS,SUPPLIES AND MATERIALS,2645.93,2645.93,Adam Smith,D,WA,9,119,2026Q1,true
S000510,2026 HON. ADAM SMITH,OFFICIAL EXPENSES OF MEMBERS,EQUIPMENT,1002,1002,Adam Smith,D,WA,9,119,2026Q1,true
S000510,2026 HON. ADAM SMITH,INTERN ALLOWANCES,PERSONNEL COMPENSATION,15528.19,15528.19,Adam Smith,D,WA,9,119,2026Q1,true
S001172,2026 HON. ADRIAN SMITH,OFFICIAL EXPENSES OF MEMBERS,FRANKED MAIL,-467.05,-467.05,Adrian Smith,R,NE,3,119,2026Q1,true
S001172,2026 HON. ADRIAN SMITH,OFFICIAL EXPENSES OF MEMBERS,PERSONNEL COMPENSATION,350377.74,350377.74,Adrian Smith,R,NE,3,119,2026Q1,true
S001172,2026 HON. ADRIAN SMITH,OFFICIAL EXPENSES OF MEMBERS,TRAVEL,17607.29,17607.29,Adrian Smith,R,NE,3,119,2026Q1,true
S001172,2026 HON. ADRIAN SMITH,OFFICIAL EXPENSES OF MEMBERS,RENT COMMUNICATION UTILITIES,11458.27,11458.27,Adrian Smith,R,NE,3,119,2026Q1,true
S001172,2026 HON. ADRIAN SMITH,OFFICIAL EXPENSES OF MEMBERS,PRINTING AND REPRODUCTION,330.54,330.54,Adrian Smith,R,NE,3,119,2026Q1,true
S001172,2026 HON. ADRIAN SMITH,OFFICIAL EXPENSES OF MEMBERS,OTHER SERVICES,2651.28,2651.28,Adrian Smith,R,NE,3,119,2026Q1,true
S001172,2026 HON. ADRIAN SMITH,OFFICIAL EXPENSES OF MEMBERS,SUPPLIES AND MATERIALS,10678.12,10678.12,Adrian Smith,R,NE,3,119,2026Q1,true
S001172,2026 HON. ADRIAN SMITH,OFFICIAL EXPENSES OF MEMBERS,EQUIPMENT,2922.78,2922.78,Adrian Smith,R,NE,3,119,2026Q1,true
S001172,2026 HON. ADRIAN SMITH,INTERN ALLOWANCES,PERSONNEL COMPENSATION,4030.74,4030.74,Adrian Smith,R,NE,3,119,2026Q1,true
S000522,2026 HON. CHRISTOPHER H. SMITH,OFFICIAL EXPENSES OF MEMBERS,FRANKED MAIL,-48.36,-48.36,Christopher H. Smith,R,NJ,4,119,2026Q1,true
S000522,2026 HON. CHRISTOPHER H. SMITH,OFFICIAL EXPENSES OF MEMBERS,PERSONNEL COMPENSATION,336030.62,336030.62,Christopher H. Smith,R,NJ,4,119,2026Q1,true
S000522,2026 HON. CHRISTOPHER H. SMITH,OFFICIAL EXPENSES OF MEMBERS,TRAVEL,6534.8,6534.8,Christopher H. Smith,R,NJ,4,119,2026Q1,true
S000522,2026 HON. CHRISTOPHER H. SMITH,OFFICIAL EXPENSES OF MEMBERS,RENT COMMUNICATION UTILITIES,6217.08,6217.08,Christopher H. Smith,R,NJ,4,119,2026Q1,true
S000522,2026 HON. CHRISTOPHER H. SMITH,OFFICIAL EXPENSES OF MEMBERS,PRINTING AND REPRODUCTION,365,365,Christopher H. Smith,R,NJ,4,119,2026Q1,true
S000522,2026 HON. CHRISTOPHER H. SMITH,OFFICIAL EXPENSES OF MEMBERS,SUPPLIES AND MATERIALS,1009.14,1009.14,Christopher H. Smith,R,NJ,4,119,2026Q1,true
S000522,2026 HON. CHRISTOPHER H. SMITH,OFFICIAL EXPENSES OF MEMBERS,EQUIPMENT,984,984,Christopher H. Smith,R,NJ,4,119,2026Q1,true
S000522,2026 HON. CHRISTOPHER H. SMITH,INTERN ALLOWANCES,PERSONNEL COMPENSATION,10373.6,10373.6,Christopher H. Smith,R,NJ,4,119,2026Q1,true
S001195,2026 HON. JASON SMITH,OFFICIAL EXPENSES OF MEMBERS,FRANKED MAIL,24,24,Jason Smith,R,MO,8,119,2026Q1,true
S001195,2026 HON. JASON SMITH,OFFICIAL EXPENSES OF MEMBERS,PERSONNEL COMPENSATION,312338.02,312338.02,Jason Smith,R,MO,8,119,2026Q1,true
S001195,2026 HON. JASON SMITH,OFFICIAL EXPENSES OF MEMBERS,TRAVEL,9710.63,9710.63,Jason Smith,R,MO,8,119,2026Q1,true
S001195,2026 HON. JASON SMITH,OFFICIAL EXPENSES OF MEMBERS,RENT COMMUNICATION UTILITIES,6273.82,6273.82,Jason Smith,R,MO,8,119,2026Q1,true
S001195,2026 HON. JASON SMITH,OFFICIAL EXPENSES OF MEMBERS,PRINTING AND REPRODUCTION,91.3,91.3,Jason Smith,R,MO,8,119,2026Q1,true
S001195,2026 HON. JASON SMITH,OFFICIAL EXPENSES OF MEMBERS,OTHER SERVICES,7145.16,7145.16,Jason Smith,R,MO,8,119,2026Q1,true
S001195,2026 HON. JASON SMITH,OFFICIAL EXPENSES OF MEMBERS,SUPPLIES AND MATERIALS,2975.96,2975.96,Jason Smith,R,MO,8,119,2026Q1,true
S001195,2026 HON. JASON SMITH,OFFICIAL EXPENSES OF MEMBERS,EQUIPMENT,495,495,Jason Smith,R,MO,8,119,2026Q1,true
S001195,2026 HON. JASON SMITH,INTERN ALLOWANCES,PERSONNEL COMPENSATION,6206.66,6206.66,Jason Smith,R,MO,8,119,2026Q1,true
S001199,2026 HON. LLOYD SMUCKER,OFFICIAL EXPENSES OF MEMBERS,FRANKED MAIL,1597.79,1597.79,Lloyd Smucker,R,PA,11,119,2026Q1,true
S001199,2026 HON. LLOYD SMUCKER,OFFICIAL EXPENSES OF MEMBERS,PERSONNEL COMPENSATION,343088.37,343088.37,Lloyd Smucker,R,PA,11,119,2026Q1,true
S001199,2026 HON. LLOYD SMUCKER,OFFICIAL EXPENSES OF MEMBERS,TRAVEL,6150.2,6150.2,Lloyd Smucker,R,PA,11,119,2026Q1,true
S001199,2026 HON. LLOYD SMUCKER,OFFICIAL EXPENSES OF MEMBERS,RENT COMMUNICATION UTILITIES,9557.82,9557.82,Lloyd Smucker,R,PA,11,119,2026Q1,true
S001199,2026 HON. LLOYD SMUCKER,OFFICIAL EXPENSES OF MEMBERS,PRINTING AND REPRODUCTION,99,99,Lloyd Smucker,R,PA,11,119,2026Q1,true
S001199,2026 HON. LLOYD SMUCKER,OFFICIAL EXPENSES OF MEMBERS,OTHER SERVICES,6693.85,6693.85,Lloyd Smucker,R,PA,11,119,2026Q1,true
S001199,2026 HON. LLOYD SMUCKER,OFFICIAL EXPENSES OF MEMBERS,SUPPLIES AND MATERIALS,5979.57,5979.57,Lloyd Smucker,R,PA,11,119,2026Q1,true
S001199,2026 HON. LLOYD SMUCKER,OFFICIAL EXPENSES OF MEMBERS,EQUIPMENT,3022,3022,Lloyd Smucker,R,PA,11,119,2026Q1,true
S001199,2026 HON. LLOYD SMUCKER,INTERN ALLOWANCES,PERSONNEL COMPENSATION,2000,2000,Lloyd Smucker,R,PA,11,119,2026Q1,true
S001225,2026 HON. ERIC SORENSEN,OFFICIAL EXPENSES OF MEMBERS,FRANKED MAIL,1222.52,1222.52,Eric Sorensen,D,IL,17,119,2026Q1,true
S001225,2026 HON. ERIC SORENSEN,OFFICIAL EXPENSES OF MEMBERS,PERSONNEL COMPENSATION,336511.15,336511.15,Eric Sorensen,D,IL,17,119,2026Q1,true
S001225,2026 HON. ERIC SORENSEN,OFFICIAL EXPENSES OF MEMBERS,TRAVEL,10553.45,10553.45,Eric Sorensen,D,IL,17,119,2026Q1,true
S001225,2026 HON. ERIC SORENSEN,OFFICIAL EXPENSES OF MEMBERS,RENT COMMUNICATION UTILITIES,3692.94,3692.94,Eric Sorensen,D,IL,17,119,2026Q1,true
S001225,2026 HON. ERIC SORENSEN,OFFICIAL EXPENSES OF MEMBERS,PRINTING AND REPRODUCTION,67.5,67.5,Eric Sorensen,D,IL,17,119,2026Q1,true
S001225,2026 HON. ERIC SORENSEN,OFFICIAL EXPENSES OF MEMBERS,OTHER SERVICES,6356.04,6356.04,Eric Sorensen,D,IL,17,119,2026Q1,true
S001225,2026 HON. ERIC SORENSEN,OFFICIAL EXPENSES OF MEMBERS,SUPPLIES AND MATERIALS,1695.48,1695.48,Eric Sorensen,D,IL,17,119,2026Q1,true
S001225,2026 HON. ERIC SORENSEN,OFFICIAL EXPENSES OF MEMBERS,EQUIPMENT,1551.54,1551.54,Eric Sorensen,D,IL,17,119,2026Q1,true
S001225,2026 HON. ERIC SORENSEN,INTERN ALLOWANCES,PERSONNEL COMPENSATION,6816,6816,Eric Sorensen,D,IL,17,119,2026Q1,true
S001200,2026 HON. DARREN SOTO,OFFICIAL EXPENSES OF MEMBERS,FRANKED MAIL,257.91,257.91,Darren Soto,D,FL,9,119,2026Q1,true
S001200,2026 HON. DARREN SOTO,OFFICIAL EXPENSES OF MEMBERS,PERSONNEL COMPENSATION,300275.91,300275.91,Darren Soto,D,FL,9,119,2026Q1,true
S001200,2026 HON. DARREN SOTO,OFFICIAL EXPENSES OF MEMBERS,TRAVEL,16419.68,16419.68,Darren Soto,D,FL,9,119,2026Q1,true
S001200,2026 HON. DARREN SOTO,OFFICIAL EXPENSES OF MEMBERS,RENT COMMUNICATION UTILITIES,39115.54,39115.54,Darren Soto,D,FL,9,119,2026Q1,true
S001200,2026 HON. DARREN SOTO,OFFICIAL EXPENSES OF MEMBERS,PRINTING AND REPRODUCTION,593.56,593.56,Darren Soto,D,FL,9,119,2026Q1,true
S001200,2026 HON. DARREN SOTO,OFFICIAL EXPENSES OF MEMBERS,OTHER SERVICES,6842.49,6842.49,Darren Soto,D,FL,9,119,2026Q1,true
S001200,2026 HON. DARREN SOTO,OFFICIAL EXPENSES OF MEMBERS,SUPPLIES AND MATERIALS,1000.51,1000.51,Darren Soto,D,FL,9,119,2026Q1,true
S001200,2026 HON. DARREN SOTO,OFFICIAL EXPENSES OF MEMBERS,EQUIPMENT,822,822,Darren Soto,D,FL,9,119,2026Q1,true
S001200,2026 HON. DARREN SOTO,INTERN ALLOWANCES,PERSONNEL COMPENSATION,7336.66,7336.66,Darren Soto,D,FL,9,119,2026Q1,true
S000929,2026 HON. VICTORIA SPARTZ,OFFICIAL EXPENSES OF MEMBERS,FRANKED MAIL,-204.76,-204.76,Victoria Spartz,R,IN,5,119,2026Q1,true
S000929,2026 HON. VICTORIA SPARTZ,OFFICIAL EXPENSES OF MEMBERS,PERSONNEL COMPENSATION,266204.03,266204.03,Victoria Spartz,R,IN,5,119,2026Q1,true
S000929,2026 HON. VICTORIA SPARTZ,OFFICIAL EXPENSES OF MEMBERS,TRAVEL,18802.18,18802.18,Victoria Spartz,R,IN,5,119,2026Q1,true
S000929,2026 HON. VICTORIA SPARTZ,OFFICIAL EXPENSES OF MEMBERS,RENT COMMUNICATION UTILITIES,4246.8,4246.8,Victoria Spartz,R,IN,5,119,2026Q1,true
S000929,2026 HON. VICTORIA SPARTZ,OFFICIAL EXPENSES OF MEMBERS,PRINTING AND REPRODUCTION,41861,41861,Victoria Spartz,R,IN,5,119,2026Q1,true
S000929,2026 HON. VICTORIA SPARTZ,OFFICIAL EXPENSES OF MEMBERS,OTHER SERVICES,997.05,997.05,Victoria Spartz,R,IN,5,119,2026Q1,true
S000929,2026 HON. VICTORIA SPARTZ,OFFICIAL EXPENSES OF MEMBERS,SUPPLIES AND MATERIALS,5378.24,5378.24,Victoria Spartz,R,IN,5,119,2026Q1,true
S000929,2026 HON. VICTORIA SPARTZ,OFFICIAL EXPENSES OF MEMBERS,EQUIPMENT,501,501,Victoria Spartz,R,IN,5,119,2026Q1,true
S000929,2026 HON. VICTORIA SPARTZ,INTERN ALLOWANCES,PERSONNEL COMPENSATION,6660,6660,Victoria Spartz,R,IN,5,119,2026Q1,true
S001218,2026 HON. MELANIE ANN STANSBURY,OFFICIAL EXPENSES OF MEMBERS,FRANKED MAIL,-91.43,-91.43,Melanie A. Stansbury,D,NM,1,119,2026Q1,true
S001218,2026 HON. MELANIE ANN STANSBURY,OFFICIAL EXPENSES OF MEMBERS,PERSONNEL COMPENSATION,294863.91,294863.91,Melanie A. Stansbury,D,NM,1,119,2026Q1,true
S001218,2026 HON. MELANIE ANN STANSBURY,OFFICIAL EXPENSES OF MEMBERS,TRAVEL,8897.99,8897.99,Melanie A. Stansbury,D,NM,1,119,2026Q1,true
S001218,2026 HON. MELANIE ANN STANSBURY,OFFICIAL EXPENSES OF MEMBERS,RENT COMMUNICATION UTILITIES,4414.54,4414.54,Melanie A. Stansbury,D,NM,1,119,2026Q1,true
S001218,2026 HON. MELANIE ANN STANSBURY,OFFICIAL EXPENSES OF MEMBERS,PRINTING AND REPRODUCTION,414,414,Melanie A. Stansbury,D,NM,1,119,2026Q1,true
S001218,2026 HON. MELANIE ANN STANSBURY,OFFICIAL EXPENSES OF MEMBERS,OTHER SERVICES,649.74,649.74,Melanie A. Stansbury,D,NM,1,119,2026Q1,true
S001218,2026 HON. MELANIE ANN STANSBURY,OFFICIAL EXPENSES OF MEMBERS,SUPPLIES AND MATERIALS,1458.07,1458.07,Melanie A. Stansbury,D,NM,1,119,2026Q1,true
S001218,2026 HON. MELANIE ANN STANSBURY,OFFICIAL EXPENSES OF MEMBERS,EQUIPMENT,432,432,Melanie A. Stansbury,D,NM,1,119,2026Q1,true
S001218,2026 HON. MELANIE ANN STANSBURY,INTERN ALLOWANCES,PERSONNEL COMPENSATION,5136.67,5136.67,Melanie A. Stansbury,D,NM,1,119,2026Q1,true
S001211,2026 HON. GREG STANTON,OFFICIAL EXPENSES OF MEMBERS,FRANKED MAIL,17906.96,17906.96,Greg Stanton,D,AZ,9,119,2026Q1,true
S001211,2026 HON. GREG STANTON,OFFICIAL EXPENSES OF MEMBERS,PERSONNEL COMPENSATION,319956.08,319956.08,Greg Stanton,D,AZ,9,119,2026Q1,true
S001211,2026 HON. GREG STANTON,OFFICIAL EXPENSES OF MEMBERS,TRAVEL,11725.43,11725.43,Greg Stanton,D,AZ,9,119,2026Q1,true
S001211,2026 HON. GREG STANTON,OFFICIAL EXPENSES OF MEMBERS,RENT COMMUNICATION UTILITIES,8402.99,8402.99,Greg Stanton,D,AZ,9,119,2026Q1,true
S001211,2026 HON. GREG STANTON,OFFICIAL EXPENSES OF MEMBERS,PRINTING AND REPRODUCTION,206,206,Greg Stanton,D,AZ,9,119,2026Q1,true
S001211,2026 HON. GREG STANTON,OFFICIAL EXPENSES OF MEMBERS,OTHER SERVICES,23127.57,23127.57,Greg Stanton,D,AZ,9,119,2026Q1,true
S001211,2026 HON. GREG STANTON,OFFICIAL EXPENSES OF MEMBERS,SUPPLIES AND MATERIALS,10456.37,10456.37,Greg Stanton,D,AZ,9,119,2026Q1,true
S001211,2026 HON. GREG STANTON,INTERN ALLOWANCES,PERSONNEL COMPENSATION,6208,6208,Greg Stanton,D,AZ,9,119,2026Q1,true
S001212,2026 HON. PETE STAUBER,OFFICIAL EXPENSES OF MEMBERS,FRANKED MAIL,5672.11,5672.11,Pete Stauber,R,MN,8,119,2026Q1,true
S001212,2026 HON. PETE STAUBER,OFFICIAL EXPENSES OF MEMBERS,PERSONNEL COMPENSATION,343081.12,343081.12,Pete Stauber,R,MN,8,119,2026Q1,true
S001212,2026 HON. PETE STAUBER,OFFICIAL EXPENSES OF MEMBERS,TRAVEL,24720.72,24720.72,Pete Stauber,R,MN,8,119,2026Q1,true
S001212,2026 HON. PETE STAUBER,OFFICIAL EXPENSES OF MEMBERS,RENT COMMUNICATION UTILITIES,18107.09,18107.09,Pete Stauber,R,MN,8,119,2026Q1,true
S001212,2026 HON. PETE STAUBER,OFFICIAL EXPENSES OF MEMBERS,PRINTING AND REPRODUCTION,7002.63,7002.63,Pete Stauber,R,MN,8,119,2026Q1,true
S001212,2026 HON. PETE STAUBER,OFFICIAL EXPENSES OF MEMBERS,OTHER SERVICES,11421.66,11421.66,Pete Stauber,R,MN,8,119,2026Q1,true
S001212,2026 HON. PETE STAUBER,OFFICIAL EXPENSES OF MEMBERS,SUPPLIES AND MATERIALS,2651.18,2651.18,Pete Stauber,R,MN,8,119,2026Q1,true
S001212,2026 HON. PETE STAUBER,INTERN ALLOWANCES,PERSONNEL COMPENSATION,6256.67,6256.67,Pete Stauber,R,MN,8,119,2026Q1,true
S001196,2026 HON. ELISE M. STEFANIK,OFFICIAL EXPENSES OF MEMBERS,FRANKED MAIL,-38.19,-38.19,Elise M. Stefanik,R,NY,21,119,2026Q1,true
S001196,2026 HON. ELISE M. STEFANIK,OFFICIAL EXPENSES OF MEMBERS,PERSONNEL COMPENSATION,334686.15,334686.15,Elise M. Stefanik,R,NY,21,119,2026Q1,true
S001196,2026 HON. ELISE M. STEFANIK,OFFICIAL EXPENSES OF MEMBERS,TRAVEL,1814.03,1814.03,Elise M. Stefanik,R,NY,21,119,2026Q1,true
S001196,2026 HON. ELISE M. STEFANIK,OFFICIAL EXPENSES OF MEMBERS,RENT COMMUNICATION UTILITIES,6663.15,6663.15,Elise M. Stefanik,R,NY,21,119,2026Q1,true
S001196,2026 HON. ELISE M. STEFANIK,OFFICIAL EXPENSES OF MEMBERS,PRINTING AND REPRODUCTION,220.8,220.8,Elise M. Stefanik,R,NY,21,119,2026Q1,true
S001196,2026 HON. ELISE M. STEFANIK,OFFICIAL EXPENSES OF MEMBERS,OTHER SERVICES,6120,6120,Elise M. Stefanik,R,NY,21,119,2026Q1,true
S001196,2026 HON. ELISE M. STEFANIK,OFFICIAL EXPENSES OF MEMBERS,SUPPLIES AND MATERIALS,2303.8,2303.8,Elise M. Stefanik,R,NY,21,119,2026Q1,true
S001196,2026 HON. ELISE M. STEFANIK,OFFICIAL EXPENSES OF MEMBERS,EQUIPMENT,1759.44,1759.44,Elise M. Stefanik,R,NY,21,119,2026Q1,true
S001196,2026 HON. ELISE M. STEFANIK,INTERN ALLOWANCES,PERSONNEL COMPENSATION,4070,4070,Elise M. Stefanik,R,NY,21,119,2026Q1,true
S001213,2026 HON. BRYAN STEIL,OFFICIAL EXPENSES OF MEMBERS,FRANKED MAIL,598.48,598.48,Bryan Steil,R,WI,1,119,2026Q1,true
S001213,2026 HON. BRYAN STEIL,OFFICIAL EXPENSES OF MEMBERS,PERSONNEL COMPENSATION,286114.41,286114.41,Bryan Steil,R,WI,1,119,2026Q1,true
S001213,2026 HON. BRYAN STEIL,OFFICIAL EXPENSES OF MEMBERS,TRAVEL,4232.04,4232.04,Bryan Steil,R,WI,1,119,2026Q1,true
S001213,2026 HON. BRYAN STEIL,OFFICIAL EXPENSES OF MEMBERS,RENT COMMUNICATION UTILITIES,20374.38,20374.38,Bryan Steil,R,WI,1,119,2026Q1,true
S001213,2026 HON. BRYAN STEIL,OFFICIAL EXPENSES OF MEMBERS,PRINTING AND REPRODUCTION,31405.26,31405.26,Bryan Steil,R,WI,1,119,2026Q1,true
S001213,2026 HON. BRYAN STEIL,OFFICIAL EXPENSES OF MEMBERS,OTHER SERVICES,11700,11700,Bryan Steil,R,WI,1,119,2026Q1,true
S001213,2026 HON. BRYAN STEIL,OFFICIAL EXPENSES OF MEMBERS,SUPPLIES AND MATERIALS,2478.75,2478.75,Bryan Steil,R,WI,1,119,2026Q1,true
S001213,2026 HON. BRYAN STEIL,OFFICIAL EXPENSES OF MEMBERS,EQUIPMENT,795,795,Bryan Steil,R,WI,1,119,2026Q1,true
S001213,2026 HON. BRYAN STEIL,INTERN ALLOWANCES,PERSONNEL COMPENSATION,7733.34,7733.34,Bryan Steil,R,WI,1,119,2026Q1,true
S001214,2026 HON. W. GREGORY STEUBE,OFFICIAL EXPENSES OF MEMBERS,FRANKED MAIL,70.73,70.73,W. Gregory Steube,R,FL,17,119,2026Q1,true
S001214,2026 HON. W. GREGORY STEUBE,OFFICIAL EXPENSES OF MEMBERS,PERSONNEL COMPENSATION,243177.82,243177.82,W. Gregory Steube,R,FL,17,119,2026Q1,true
S001214,2026 HON. W. GREGORY STEUBE,OFFICIAL EXPENSES OF MEMBERS,TRAVEL,11015.45,11015.45,W. Gregory Steube,R,FL,17,119,2026Q1,true
S001214,2026 HON. W. GREGORY STEUBE,OFFICIAL EXPENSES OF MEMBERS,RENT COMMUNICATION UTILITIES,5382.8,5382.8,W. Gregory Steube,R,FL,17,119,2026Q1,true
S001214,2026 HON. W. GREGORY STEUBE,OFFICIAL EXPENSES OF MEMBERS,PRINTING AND REPRODUCTION,95.3,95.3,W. Gregory Steube,R,FL,17,119,2026Q1,true
S001214,2026 HON. W. GREGORY STEUBE,OFFICIAL EXPENSES OF MEMBERS,OTHER SERVICES,14969.77,14969.77,W. Gregory Steube,R,FL,17,119,2026Q1,true
S001214,2026 HON. W. GREGORY STEUBE,OFFICIAL EXPENSES OF MEMBERS,SUPPLIES AND MATERIALS,5463.27,5463.27,W. Gregory Steube,R,FL,17,119,2026Q1,true
S001214,2026 HON. W. GREGORY STEUBE,OFFICIAL EXPENSES OF MEMBERS,EQUIPMENT,8655.27,8655.27,W. Gregory Steube,R,FL,17,119,2026Q1,true
S001214,2026 HON. W. GREGORY STEUBE,INTERN ALLOWANCES,PERSONNEL COMPENSATION,13150,13150,W. Gregory Steube,R,FL,17,119,2026Q1,true
S001215,2026 HON. HALEY M. STEVENS,OFFICIAL EXPENSES OF MEMBERS,FRANKED MAIL,80.75,80.75,Haley M. Stevens,D,MI,11,119,2026Q1,true
S001215,2026 HON. HALEY M. STEVENS,OFFICIAL EXPENSES OF MEMBERS,PERSONNEL COMPENSATION,392960.24,392960.24,Haley M. Stevens,D,MI,11,119,2026Q1,true
S001215,2026 HON. HALEY M. STEVENS,OFFICIAL EXPENSES OF MEMBERS,TRAVEL,14307.09,14307.09,Haley M. Stevens,D,MI,11,119,2026Q1,true
S001215,2026 HON. HALEY M. STEVENS,OFFICIAL EXPENSES OF MEMBERS,RENT COMMUNICATION UTILITIES,20182.06,20182.06,Haley M. Stevens,D,MI,11,119,2026Q1,true
S001215,2026 HON. HALEY M. STEVENS,OFFICIAL EXPENSES OF MEMBERS,PRINTING AND REPRODUCTION,209.9,209.9,Haley M. Stevens,D,MI,11,119,2026Q1,true
S001215,2026 HON. HALEY M. STEVENS,OFFICIAL EXPENSES OF MEMBERS,OTHER SERVICES,6659.49,6659.49,Haley M. Stevens,D,MI,11,119,2026Q1,true
S001215,2026 HON. HALEY M. STEVENS,OFFICIAL EXPENSES OF MEMBERS,SUPPLIES AND MATERIALS,2637.67,2637.67,Haley M. Stevens,D,MI,11,119,2026Q1,true
S001215,2026 HON. HALEY M. STEVENS,OFFICIAL EXPENSES OF MEMBERS,EQUIPMENT,561,561,Haley M. Stevens,D,MI,11,119,2026Q1,true
S001215,2026 HON. HALEY M. STEVENS,INTERN ALLOWANCES,PERSONNEL COMPENSATION,9700,9700,Haley M. Stevens,D,MI,11,119,2026Q1,true
S001159,2026 HON. MARILYN STRICKLAND,OFFICIAL EXPENSES OF MEMBERS,FRANKED MAIL,-34.15,-34.15,Marilyn Strickland,D,WA,10,119,2026Q1,true
S001159,2026 HON. MARILYN STRICKLAND,OFFICIAL EXPENSES OF MEMBERS,PERSONNEL COMPENSATION,361105.2,361105.2,Marilyn Strickland,D,WA,10,119,2026Q1,true
S001159,2026 HON. MARILYN STRICKLAND,OFFICIAL EXPENSES OF MEMBERS,TRAVEL,12410.39,12410.39,Marilyn Strickland,D,WA,10,119,2026Q1,true
S001159,2026 HON. MARILYN STRICKLAND,OFFICIAL EXPENSES OF MEMBERS,RENT COMMUNICATION UTILITIES,20023.66,20023.66,Marilyn Strickland,D,WA,10,119,2026Q1,true
S001159,2026 HON. MARILYN STRICKLAND,OFFICIAL EXPENSES OF MEMBERS,PRINTING AND REPRODUCTION,2098.5,2098.5,Marilyn Strickland,D,WA,10,119,2026Q1,true
S001159,2026 HON. MARILYN STRICKLAND,OFFICIAL EXPENSES OF MEMBERS,OTHER SERVICES,12629.08,12629.08,Marilyn Strickland,D,WA,10,119,2026Q1,true
S001159,2026 HON. MARILYN STRICKLAND,OFFICIAL EXPENSES OF MEMBERS,SUPPLIES AND MATERIALS,3861.99,3861.99,Marilyn Strickland,D,WA,10,119,2026Q1,true
S001159,2026 HON. MARILYN STRICKLAND,OFFICIAL EXPENSES OF MEMBERS,EQUIPMENT,2205.17,2205.17,Marilyn Strickland,D,WA,10,119,2026Q1,true
S001159,2026 HON. MARILYN STRICKLAND,INTERN ALLOWANCES,PERSONNEL COMPENSATION,7648.61,7648.61,Marilyn Strickland,D,WA,10,119,2026Q1,true
S001220,2026 HON. DALE W. STRONG,OFFICIAL EXPENSES OF MEMBERS,FRANKED MAIL,29036.77,29036.77,Dale W. Strong,R,AL,5,119,2026Q1,true
S001220,2026 HON. DALE W. STRONG,OFFICIAL EXPENSES OF MEMBERS,PERSONNEL COMPENSATION,272433.32,272433.32,Dale W. Strong,R,AL,5,119,2026Q1,true
S001220,2026 HON. DALE W. STRONG,OFFICIAL EXPENSES OF MEMBERS,TRAVEL,13545.61,13545.61,Dale W. Strong,R,AL,5,119,2026Q1,true
S001220,2026 HON. DALE W. STRONG,OFFICIAL EXPENSES OF MEMBERS,RENT COMMUNICATION UTILITIES,29241.09,29241.09,Dale W. Strong,R,AL,5,119,2026Q1,true
S001220,2026 HON. DALE W. STRONG,OFFICIAL EXPENSES OF MEMBERS,PRINTING AND REPRODUCTION,22326.84,22326.84,Dale W. Strong,R,AL,5,119,2026Q1,true
S001220,2026 HON. DALE W. STRONG,OFFICIAL EXPENSES OF MEMBERS,OTHER SERVICES,199,199,Dale W. Strong,R,AL,5,119,2026Q1,true
S001220,2026 HON. DALE W. STRONG,OFFICIAL EXPENSES OF MEMBERS,SUPPLIES AND MATERIALS,1454.23,1454.23,Dale W. Strong,R,AL,5,119,2026Q1,true
S001220,2026 HON. DALE W. STRONG,OFFICIAL EXPENSES OF MEMBERS,EQUIPMENT,1798,1798,Dale W. Strong,R,AL,5,119,2026Q1,true
S001188,2026 HON. MARLIN A. STUTZMAN,OFFICIAL EXPENSES OF MEMBERS,FRANKED MAIL,-137.24,-137.24,Marlin A. Stutzman,R,IN,3,119,2026Q1,true
S001188,2026 HON. MARLIN A. STUTZMAN,OFFICIAL EXPENSES OF MEMBERS,PERSONNEL COMPENSATION,335279.9,335279.9,Marlin A. Stutzman,R,IN,3,119,2026Q1,true
S001188,2026 HON. MARLIN A. STUTZMAN,OFFICIAL EXPENSES OF MEMBERS,TRAVEL,12773.81,12773.81,Marlin A. Stutzman,R,IN,3,119,2026Q1,true
S001188,2026 HON. MARLIN A. STUTZMAN,OFFICIAL EXPENSES OF MEMBERS,RENT COMMUNICATION UTILITIES,3179.77,3179.77,Marlin A. Stutzman,R,IN,3,119,2026Q1,true
S001188,2026 HON. MARLIN A. STUTZMAN,OFFICIAL EXPENSES OF MEMBERS,PRINTING AND REPRODUCTION,21951.67,21951.67,Marlin A. Stutzman,R,IN,3,119,2026Q1,true
S001188,2026 HON. MARLIN A. STUTZMAN,OFFICIAL EXPENSES OF MEMBERS,OTHER SERVICES,6313.65,6313.65,Marlin A. Stutzman,R,IN,3,119,2026Q1,true
S001188,2026 HON. MARLIN A. STUTZMAN,OFFICIAL EXPENSES OF MEMBERS,SUPPLIES AND MATERIALS,10545.97,10545.97,Marlin A. Stutzman,R,IN,3,119,2026Q1,true
S001188,2026 HON. MARLIN A. STUTZMAN,OFFICIAL EXPENSES OF MEMBERS,EQUIPMENT,603.39,603.39,Marlin A. Stutzman,R,IN,3,119,2026Q1,true
S001188,2026 HON. MARLIN A. STUTZMAN,INTERN ALLOWANCES,PERSONNEL COMPENSATION,11699.71,11699.71,Marlin A. Stutzman,R,IN,3,119,2026Q1,true
S001230,2026 HON. SUHAS SUBRAMANYAM,OFFICIAL EXPENSES OF MEMBERS,FRANKED MAIL,-89.32,-89.32,Suhas Subramanyam,D,VA,10,119,2026Q1,true
S001230,2026 HON. SUHAS SUBRAMANYAM,OFFICIAL EXPENSES OF MEMBERS,PERSONNEL COMPENSATION,295844.23,295844.23,Suhas Subramanyam,D,VA,10,119,2026Q1,true
S001230,2026 HON. SUHAS SUBRAMANYAM,OFFICIAL EXPENSES OF MEMBERS,TRAVEL,1069.89,1069.89,Suhas Subramanyam,D,VA,10,119,2026Q1,true
S001230,2026 HON. SUHAS SUBRAMANYAM,OFFICIAL EXPENSES OF MEMBERS,RENT COMMUNICATION UTILITIES,3535.68,3535.68,Suhas Subramanyam,D,VA,10,119,2026Q1,true
S001230,2026 HON. SUHAS SUBRAMANYAM,OFFICIAL EXPENSES OF MEMBERS,PRINTING AND REPRODUCTION,751.8,751.8,Suhas Subramanyam,D,VA,10,119,2026Q1,true
S001230,2026 HON. SUHAS SUBRAMANYAM,OFFICIAL EXPENSES OF MEMBERS,OTHER SERVICES,695.19,695.19,Suhas Subramanyam,D,VA,10,119,2026Q1,true
S001230,2026 HON. SUHAS SUBRAMANYAM,OFFICIAL EXPENSES OF MEMBERS,SUPPLIES AND MATERIALS,1276.36,1276.36,Suhas Subramanyam,D,VA,10,119,2026Q1,true
S001230,2026 HON. SUHAS SUBRAMANYAM,OFFICIAL EXPENSES OF MEMBERS,EQUIPMENT,2409,2409,Suhas Subramanyam,D,VA,10,119,2026Q1,true
S001230,2026 HON. SUHAS SUBRAMANYAM,INTERN ALLOWANCES,PERSONNEL COMPENSATION,6315.66,6315.66,Suhas Subramanyam,D,VA,10,119,2026Q1,true
S001201,2026 HON. THOMAS R SUOZZI,OFFICIAL EXPENSES OF MEMBERS,FRANKED MAIL,-29.83,-29.83,Thomas R. Suozzi,D,NY,3,119,2026Q1,true
S001201,2026 HON. THOMAS R SUOZZI,OFFICIAL EXPENSES OF MEMBERS,PERSONNEL COMPENSATION,329166.82,329166.82,Thomas R. Suozzi,D,NY,3,119,2026Q1,true
S001201,2026 HON. THOMAS R SUOZZI,OFFICIAL EXPENSES OF MEMBERS,TRAVEL,5796.95,5796.95,Thomas R. Suozzi,D,NY,3,119,2026Q1,true
S001201,2026 HON. THOMAS R SUOZZI,OFFICIAL EXPENSES OF MEMBERS,RENT COMMUNICATION UTILITIES,5139.23,5139.23,Thomas R. Suozzi,D,NY,3,119,2026Q1,true
S001201,2026 HON. THOMAS R SUOZZI,OFFICIAL EXPENSES OF MEMBERS,PRINTING AND REPRODUCTION,35153.69,35153.69,Thomas R. Suozzi,D,NY,3,119,2026Q1,true
S001201,2026 HON. THOMAS R SUOZZI,OFFICIAL EXPENSES OF MEMBERS,OTHER SERVICES,1086.59,1086.59,Thomas R. Suozzi,D,NY,3,119,2026Q1,true
S001201,2026 HON. THOMAS R SUOZZI,OFFICIAL EXPENSES OF MEMBERS,SUPPLIES AND MATERIALS,4859.42,4859.42,Thomas R. Suozzi,D,NY,3,119,2026Q1,true
S001201,2026 HON. THOMAS R SUOZZI,OFFICIAL EXPENSES OF MEMBERS,EQUIPMENT,906,906,Thomas R. Suozzi,D,NY,3,119,2026Q1,true
S001201,2026 HON. THOMAS R SUOZZI,INTERN ALLOWANCES,PERSONNEL COMPENSATION,7025,7025,Thomas R. Suozzi,D,NY,3,119,2026Q1,true
S001193,2026 HON. ERIC SWALWELL,OFFICIAL EXPENSES OF MEMBERS,FRANKED MAIL,18.38,18.38,Eric Swalwell,D,CA,15,119,2026Q1,true
S001193,2026 HON. ERIC SWALWELL,OFFICIAL EXPENSES OF MEMBERS,PERSONNEL COMPENSATION,361177.8,361177.8,Eric Swalwell,D,CA,15,119,2026Q1,true
S001193,2026 HON. ERIC SWALWELL,OFFICIAL EXPENSES OF MEMBERS,TRAVEL,2606.45,2606.45,Eric Swalwell,D,CA,15,119,2026Q1,true
S001193,2026 HON. ERIC SWALWELL,OFFICIAL EXPENSES OF MEMBERS,RENT COMMUNICATION UTILITIES,18921.3,18921.3,Eric Swalwell,D,CA,15,119,2026Q1,true
S001193,2026 HON. ERIC SWALWELL,OFFICIAL EXPENSES OF MEMBERS,PRINTING AND REPRODUCTION,773,773,Eric Swalwell,D,CA,15,119,2026Q1,true
S001193,2026 HON. ERIC SWALWELL,OFFICIAL EXPENSES OF MEMBERS,OTHER SERVICES,11170,11170,Eric Swalwell,D,CA,15,119,2026Q1,true
S001193,2026 HON. ERIC SWALWELL,OFFICIAL EXPENSES OF MEMBERS,SUPPLIES AND MATERIALS,4267.58,4267.58,Eric Swalwell,D,CA,15,119,2026Q1,true
S001193,2026 HON. ERIC SWALWELL,OFFICIAL EXPENSES OF MEMBERS,EQUIPMENT,645,645,Eric Swalwell,D,CA,15,119,2026Q1,true
S001193,2026 HON. ERIC SWALWELL,INTERN ALLOWANCES,PERSONNEL COMPENSATION,8000,8000,Eric Swalwell,D,CA,15,119,2026Q1,true
S001223,2026 HON. EMILIA STRONG SYKES,OFFICIAL EXPENSES OF MEMBERS,FRANKED MAIL,10230.63,10230.63,Emilia Strong Sykes,D,OH,13,119,2026Q1,true
S001223,2026 HON. EMILIA STRONG SYKES,OFFICIAL EXPENSES OF MEMBERS,PERSONNEL COMPENSATION,297680.47,297680.47,Emilia Strong Sykes,D,OH,13,119,2026Q1,true
S001223,2026 HON. EMILIA STRONG SYKES,OFFICIAL EXPENSES OF MEMBERS,TRAVEL,18107.64,18107.64,Emilia Strong Sykes,D,OH,13,119,2026Q1,true
S001223,2026 HON. EMILIA STRONG SYKES,OFFICIAL EXPENSES OF MEMBERS,RENT COMMUNICATION UTILITIES,6281.77,6281.77,Emilia Strong Sykes,D,OH,13,119,2026Q1,true
S001223,2026 HON. EMILIA STRONG SYKES,OFFICIAL EXPENSES OF MEMBERS,PRINTING AND REPRODUCTION,8489,8489,Emilia Strong Sykes,D,OH,13,119,2026Q1,true
S001223,2026 HON. EMILIA STRONG SYKES,OFFICIAL EXPENSES OF MEMBERS,OTHER SERVICES,1662.31,1662.31,Emilia Strong Sykes,D,OH,13,119,2026Q1,true
S001223,2026 HON. EMILIA STRONG SYKES,OFFICIAL EXPENSES OF MEMBERS,SUPPLIES AND MATERIALS,4978.62,4978.62,Emilia Strong Sykes,D,OH,13,119,2026Q1,true
S001223,2026 HON. EMILIA STRONG SYKES,OFFICIAL EXPENSES OF MEMBERS,EQUIPMENT,1359.35,1359.35,Emilia Strong Sykes,D,OH,13,119,2026Q1,true
S001223,2026 HON. EMILIA STRONG SYKES,INTERN ALLOWANCES,PERSONNEL COMPENSATION,13225.34,13225.34,Emilia Strong Sykes,D,OH,13,119,2026Q1,true
T000472,2026 HON. MARK TAKANO,OFFICIAL EXPENSES OF MEMBERS,FRANKED MAIL,-25.1,-25.1,Mark Takano,D,CA,41,119,2026Q1,true
T000472,2026 HON. MARK TAKANO,OFFICIAL EXPENSES OF MEMBERS,PERSONNEL COMPENSATION,365479.96,365479.96,Mark Takano,D,CA,41,119,2026Q1,true
T000472,2026 HON. MARK TAKANO,OFFICIAL EXPENSES OF MEMBERS,TRAVEL,12028.85,12028.85,Mark Takano,D,CA,41,119,2026Q1,true
T000472,2026 HON. MARK TAKANO,OFFICIAL EXPENSES OF MEMBERS,RENT COMMUNICATION UTILITIES,23419.73,23419.73,Mark Takano,D,CA,41,119,2026Q1,true
T000472,2026 HON. MARK TAKANO,OFFICIAL EXPENSES OF MEMBERS,PRINTING AND REPRODUCTION,152,152,Mark Takano,D,CA,41,119,2026Q1,true
T000472,2026 HON. MARK TAKANO,OFFICIAL EXPENSES OF MEMBERS,OTHER SERVICES,889,889,Mark Takano,D,CA,41,119,2026Q1,true
T000472,2026 HON. MARK TAKANO,OFFICIAL EXPENSES OF MEMBERS,SUPPLIES AND MATERIALS,1783.52,1783.52,Mark Takano,D,CA,41,119,2026Q1,true
T000472,2026 HON. MARK TAKANO,OFFICIAL EXPENSES OF MEMBERS,EQUIPMENT,4232.08,4232.08,Mark Takano,D,CA,41,119,2026Q1,true
T000472,2026 HON. MARK TAKANO,INTERN ALLOWANCES,PERSONNEL COMPENSATION,10650,10650,Mark Takano,D,CA,41,119,2026Q1,true
T000490,2026 HON. DAVID J. TAYLOR,OFFICIAL EXPENSES OF MEMBERS,FRANKED MAIL,10023.6,10023.6,David J. Taylor,R,OH,2,119,2026Q1,true
T000490,2026 HON. DAVID J. TAYLOR,OFFICIAL EXPENSES OF MEMBERS,PERSONNEL COMPENSATION,304978.91,304978.91,David J. Taylor,R,OH,2,119,2026Q1,true
T000490,2026 HON. DAVID J. TAYLOR,OFFICIAL EXPENSES OF MEMBERS,TRAVEL,9765.97,9765.97,David J. Taylor,R,OH,2,119,2026Q1,true
T000490,2026 HON. DAVID J. TAYLOR,OFFICIAL EXPENSES OF MEMBERS,RENT COMMUNICATION UTILITIES,25885.91,25885.91,David J. Taylor,R,OH,2,119,2026Q1,true
T000490,2026 HON. DAVID J. TAYLOR,OFFICIAL EXPENSES OF MEMBERS,PRINTING AND REPRODUCTION,47086.37,47086.37,David J. Taylor,R,OH,2,119,2026Q1,true
T000490,2026 HON. DAVID J. TAYLOR,OFFICIAL EXPENSES OF MEMBERS,SUPPLIES AND MATERIALS,5415.45,5415.45,David J. Taylor,R,OH,2,119,2026Q1,true
T000490,2026 HON. DAVID J. TAYLOR,OFFICIAL EXPENSES OF MEMBERS,EQUIPMENT,465,465,David J. Taylor,R,OH,2,119,2026Q1,true
T000490,2026 HON. DAVID J. TAYLOR,INTERN ALLOWANCES,PERSONNEL COMPENSATION,3153.33,3153.33,David J. Taylor,R,OH,2,119,2026Q1,true
T000478,2026 HON. CLAUDIA TENNEY,OFFICIAL EXPENSES OF MEMBERS,FRANKED MAIL,-116.51,-116.51,Claudia Tenney,R,NY,22,119,2026Q1,true
T000478,2026 HON. CLAUDIA TENNEY,OFFICIAL EXPENSES OF MEMBERS,PERSONNEL COMPENSATION,319127.22,319127.22,Claudia Tenney,R,NY,22,119,2026Q1,true
T000478,2026 HON. CLAUDIA TENNEY,OFFICIAL EXPENSES OF MEMBERS,TRAVEL,13026.15,13026.15,Claudia Tenney,R,NY,22,119,2026Q1,true
T000478,2026 HON. CLAUDIA TENNEY,OFFICIAL EXPENSES OF MEMBERS,RENT COMMUNICATION UTILITIES,6227.84,6227.84,Claudia Tenney,R,NY,22,119,2026Q1,true
T000478,2026 HON. CLAUDIA TENNEY,OFFICIAL EXPENSES OF MEMBERS,PRINTING AND REPRODUCTION,2083.06,2083.06,Claudia Tenney,R,NY,22,119,2026Q1,true
T000478,2026 HON. CLAUDIA TENNEY,OFFICIAL EXPENSES OF MEMBERS,OTHER SERVICES,4916.69,4916.69,Claudia Tenney,R,NY,22,119,2026Q1,true
T000478,2026 HON. CLAUDIA TENNEY,OFFICIAL EXPENSES OF MEMBERS,SUPPLIES AND MATERIALS,2698.78,2698.78,Claudia Tenney,R,NY,22,119,2026Q1,true
T000478,2026 HON. CLAUDIA TENNEY,OFFICIAL EXPENSES OF MEMBERS,EQUIPMENT,501,501,Claudia Tenney,R,NY,22,119,2026Q1,true
T000478,2026 HON. CLAUDIA TENNEY,INTERN ALLOWANCES,PERSONNEL COMPENSATION,3913.34,3913.34,Claudia Tenney,R,NY,22,119,2026Q1,true
T000488,2026 HON. SHRI THANEDAR,OFFICIAL EXPENSES OF MEMBERS,FRANKED MAIL,32293.05,32293.05,Shri Thanedar,D,MI,13,119,2026Q1,true
T000488,2026 HON. SHRI THANEDAR,OFFICIAL EXPENSES OF MEMBERS,PERSONNEL COMPENSATION,158446.71,158446.71,Shri Thanedar,D,MI,13,119,2026Q1,true
T000488,2026 HON. SHRI THANEDAR,OFFICIAL EXPENSES OF MEMBERS,TRAVEL,6175.55,6175.55,Shri Thanedar,D,MI,13,119,2026Q1,true
T000488,2026 HON. SHRI THANEDAR,OFFICIAL EXPENSES OF MEMBERS,RENT COMMUNICATION UTILITIES,21506.82,21506.82,Shri Thanedar,D,MI,13,119,2026Q1,true
T000488,2026 HON. SHRI THANEDAR,OFFICIAL EXPENSES OF MEMBERS,PRINTING AND REPRODUCTION,26425.4,26425.4,Shri Thanedar,D,MI,13,119,2026Q1,true
T000488,2026 HON. SHRI THANEDAR,OFFICIAL EXPENSES OF MEMBERS,SUPPLIES AND MATERIALS,4359.42,4359.42,Shri Thanedar,D,MI,13,119,2026Q1,true
T000488,2026 HON. SHRI THANEDAR,OFFICIAL EXPENSES OF MEMBERS,EQUIPMENT,594,594,Shri Thanedar,D,MI,13,119,2026Q1,true
T000488,2026 HON. SHRI THANEDAR,INTERN ALLOWANCES,PERSONNEL COMPENSATION,11509.99,11509.99,Shri Thanedar,D,MI,13,119,2026Q1,true
T000193,2026 HON. BENNIE G. THOMPSON,OFFICIAL EXPENSES OF MEMBERS,FRANKED MAIL,245.73,245.73,Bennie G. Thompson,D,MS,2,119,2026Q1,true
T000193,2026 HON. BENNIE G. THOMPSON,OFFICIAL EXPENSES OF MEMBERS,PERSONNEL COMPENSATION,338513.5,338513.5,Bennie G. Thompson,D,MS,2,119,2026Q1,true
T000193,2026 HON. BENNIE G. THOMPSON,OFFICIAL EXPENSES OF MEMBERS,TRAVEL,16259.17,16259.17,Bennie G. Thompson,D,MS,2,119,2026Q1,true
T000193,2026 HON. BENNIE G. THOMPSON,OFFICIAL EXPENSES OF MEMBERS,RENT COMMUNICATION UTILITIES,14169.59,14169.59,Bennie G. Thompson,D,MS,2,119,2026Q1,true
T000193,2026 HON. BENNIE G. THOMPSON,OFFICIAL EXPENSES OF MEMBERS,PRINTING AND REPRODUCTION,1167.57,1167.57,Bennie G. Thompson,D,MS,2,119,2026Q1,true
T000193,2026 HON. BENNIE G. THOMPSON,OFFICIAL EXPENSES OF MEMBERS,OTHER SERVICES,13452,13452,Bennie G. Thompson,D,MS,2,119,2026Q1,true
T000193,2026 HON. BENNIE G. THOMPSON,OFFICIAL EXPENSES OF MEMBERS,SUPPLIES AND MATERIALS,13039.13,13039.13,Bennie G. Thompson,D,MS,2,119,2026Q1,true
T000193,2026 HON. BENNIE G. THOMPSON,OFFICIAL EXPENSES OF MEMBERS,EQUIPMENT,2426.88,2426.88,Bennie G. Thompson,D,MS,2,119,2026Q1,true
T000467,2026 HON. GLENN THOMPSON,OFFICIAL EXPENSES OF MEMBERS,FRANKED MAIL,559.7,559.7,Glenn Thompson,R,PA,15,119,2026Q1,true
T000467,2026 HON. GLENN THOMPSON,OFFICIAL EXPENSES OF MEMBERS,PERSONNEL COMPENSATION,379712.65,379712.65,Glenn Thompson,R,PA,15,119,2026Q1,true
T000467,2026 HON. GLENN THOMPSON,OFFICIAL EXPENSES OF MEMBERS,TRAVEL,6310.86,6310.86,Glenn Thompson,R,PA,15,119,2026Q1,true
T000467,2026 HON. GLENN THOMPSON,OFFICIAL EXPENSES OF MEMBERS,RENT COMMUNICATION UTILITIES,6756.56,6756.56,Glenn Thompson,R,PA,15,119,2026Q1,true
T000467,2026 HON. GLENN THOMPSON,OFFICIAL EXPENSES OF MEMBERS,PRINTING AND REPRODUCTION,4450,4450,Glenn Thompson,R,PA,15,119,2026Q1,true
T000467,2026 HON. GLENN THOMPSON,OFFICIAL EXPENSES OF MEMBERS,OTHER SERVICES,6633.78,6633.78,Glenn Thompson,R,PA,15,119,2026Q1,true
T000467,2026 HON. GLENN THOMPSON,OFFICIAL EXPENSES OF MEMBERS,SUPPLIES AND MATERIALS,2533.73,2533.73,Glenn Thompson,R,PA,15,119,2026Q1,true
T000467,2026 HON. GLENN THOMPSON,OFFICIAL EXPENSES OF MEMBERS,EQUIPMENT,501,501,Glenn Thompson,R,PA,15,119,2026Q1,true
T000467,2026 HON. GLENN THOMPSON,INTERN ALLOWANCES,PERSONNEL COMPENSATION,40,40,Glenn Thompson,R,PA,15,119,2026Q1,true
T000460,2026 HON. MIKE THOMPSON,OFFICIAL EXPENSES OF MEMBERS,FRANKED MAIL,1336.04,1336.04,Mike Thompson,D,CA,5,119,2026Q1,true
T000460,2026 HON. MIKE THOMPSON,OFFICIAL EXPENSES OF MEMBERS,PERSONNEL COMPENSATION,373029.29,373029.29,Mike Thompson,D,CA,5,119,2026Q1,true
T000460,2026 HON. MIKE THOMPSON,OFFICIAL EXPENSES OF MEMBERS,TRAVEL,15333.62,15333.62,Mike Thompson,D,CA,5,119,2026Q1,true
T000460,2026 HON. MIKE THOMPSON,OFFICIAL EXPENSES OF MEMBERS,RENT COMMUNICATION UTILITIES,4307.41,4307.41,Mike Thompson,D,CA,5,119,2026Q1,true
T000460,2026 HON. MIKE THOMPSON,OFFICIAL EXPENSES OF MEMBERS,PRINTING AND REPRODUCTION,876.7,876.7,Mike Thompson,D,CA,5,119,2026Q1,true
T000460,2026 HON. MIKE THOMPSON,OFFICIAL EXPENSES OF MEMBERS,OTHER SERVICES,8955.75,8955.75,Mike Thompson,D,CA,5,119,2026Q1,true
T000460,2026 HON. MIKE THOMPSON,OFFICIAL EXPENSES OF MEMBERS,SUPPLIES AND MATERIALS,4135.34,4135.34,Mike Thompson,D,CA,5,119,2026Q1,true
T000460,2026 HON. MIKE THOMPSON,OFFICIAL EXPENSES OF MEMBERS,EQUIPMENT,3701.37,3701.37,Mike Thompson,D,CA,5,119,2026Q1,true
T000460,2026 HON. MIKE THOMPSON,INTERN ALLOWANCES,PERSONNEL COMPENSATION,7532.75,7532.75,Mike Thompson,D,CA,5,119,2026Q1,true
T000165,2026 HON. THOMAS P. TIFFANY,OFFICIAL EXPENSES OF MEMBERS,FRANKED MAIL,430.98,430.98,Thomas P. Tiffany,R,WI,7,119,2026Q1,true
T000165,2026 HON. THOMAS P. TIFFANY,OFFICIAL EXPENSES OF MEMBERS,PERSONNEL COMPENSATION,319495.55,319495.55,Thomas P. Tiffany,R,WI,7,119,2026Q1,true
T000165,2026 HON. THOMAS P. TIFFANY,OFFICIAL EXPENSES OF MEMBERS,TRAVEL,8681.01,8681.01,Thomas P. Tiffany,R,WI,7,119,2026Q1,true
T000165,2026 HON. THOMAS P. TIFFANY,OFFICIAL EXPENSES OF MEMBERS,RENT COMMUNICATION UTILITIES,5215.3,5215.3,Thomas P. Tiffany,R,WI,7,119,2026Q1,true
T000165,2026 HON. THOMAS P. TIFFANY,OFFICIAL EXPENSES OF MEMBERS,PRINTING AND REPRODUCTION,1952.03,1952.03,Thomas P. Tiffany,R,WI,7,119,2026Q1,true
T000165,2026 HON. THOMAS P. TIFFANY,OFFICIAL EXPENSES OF MEMBERS,SUPPLIES AND MATERIALS,2178.38,2178.38,Thomas P. Tiffany,R,WI,7,119,2026Q1,true
T000165,2026 HON. THOMAS P. TIFFANY,OFFICIAL EXPENSES OF MEMBERS,EQUIPMENT,501,501,Thomas P. Tiffany,R,WI,7,119,2026Q1,true
T000165,2026 HON. THOMAS P. TIFFANY,INTERN ALLOWANCES,PERSONNEL COMPENSATION,8853.33,8853.33,Thomas P. Tiffany,R,WI,7,119,2026Q1,true
T000480,2026 HON. WILLIAM R. TIMMONS IV,OFFICIAL EXPENSES OF MEMBERS,FRANKED MAIL,17961.12,17961.12,William R. Timmons IV,R,SC,4,119,2026Q1,true
T000480,2026 HON. WILLIAM R. TIMMONS IV,OFFICIAL EXPENSES OF MEMBERS,PERSONNEL COMPENSATION,269166.68,269166.68,William R. Timmons IV,R,SC,4,119,2026Q1,true
T000480,2026 HON. WILLIAM R. TIMMONS IV,OFFICIAL EXPENSES OF MEMBERS,TRAVEL,16680.9,16680.9,William R. Timmons IV,R,SC,4,119,2026Q1,true
T000480,2026 HON. WILLIAM R. TIMMONS IV,OFFICIAL EXPENSES OF MEMBERS,RENT COMMUNICATION UTILITIES,17062.36,17062.36,William R. Timmons IV,R,SC,4,119,2026Q1,true
T000480,2026 HON. WILLIAM R. TIMMONS IV,OFFICIAL EXPENSES OF MEMBERS,PRINTING AND REPRODUCTION,101071.74,101071.74,William R. Timmons IV,R,SC,4,119,2026Q1,true
T000480,2026 HON. WILLIAM R. TIMMONS IV,OFFICIAL EXPENSES OF MEMBERS,OTHER SERVICES,7561.34,7561.34,William R. Timmons IV,R,SC,4,119,2026Q1,true
T000480,2026 HON. WILLIAM R. TIMMONS IV,OFFICIAL EXPENSES OF MEMBERS,SUPPLIES AND MATERIALS,4417.13,4417.13,William R. Timmons IV,R,SC,4,119,2026Q1,true
T000480,2026 HON. WILLIAM R. TIMMONS IV,OFFICIAL EXPENSES OF MEMBERS,EQUIPMENT,708,708,William R. Timmons IV,R,SC,4,119,2026Q1,true
T000480,2026 HON. WILLIAM R. TIMMONS IV,INTERN ALLOWANCES,PERSONNEL COMPENSATION,11865,11865,William R. Timmons IV,R,SC,4,119,2026Q1,true
T000468,2026 HON. DINA TITUS,OFFICIAL EXPENSES OF MEMBERS,FRANKED MAIL,92.73,92.73,Dina Titus,D,NV,1,119,2026Q1,true
T000468,2026 HON. DINA TITUS,OFFICIAL EXPENSES OF MEMBERS,PERSONNEL COMPENSATION,254466.63,254466.63,Dina Titus,D,NV,1,119,2026Q1,true
T000468,2026 HON. DINA TITUS,OFFICIAL EXPENSES OF MEMBERS,TRAVEL,16711.7,16711.7,Dina Titus,D,NV,1,119,2026Q1,true
T000468,2026 HON. DINA TITUS,OFFICIAL EXPENSES OF MEMBERS,RENT COMMUNICATION UTILITIES,4361.51,4361.51,Dina Titus,D,NV,1,119,2026Q1,true
T000468,2026 HON. DINA TITUS,OFFICIAL EXPENSES OF MEMBERS,PRINTING AND REPRODUCTION,591.72,591.72,Dina Titus,D,NV,1,119,2026Q1,true
T000468,2026 HON. DINA TITUS,OFFICIAL EXPENSES OF MEMBERS,OTHER SERVICES,850,850,Dina Titus,D,NV,1,119,2026Q1,true
T000468,2026 HON. DINA TITUS,OFFICIAL EXPENSES OF MEMBERS,SUPPLIES AND MATERIALS,1608.82,1608.82,Dina Titus,D,NV,1,119,2026Q1,true
T000468,2026 HON. DINA TITUS,OFFICIAL EXPENSES OF MEMBERS,EQUIPMENT,501,501,Dina Titus,D,NV,1,119,2026Q1,true
T000468,2026 HON. DINA TITUS,INTERN ALLOWANCES,PERSONNEL COMPENSATION,7833.34,7833.34,Dina Titus,D,NV,1,119,2026Q1,true
T000481,2026 HON. RASHIDA TLAIB,OFFICIAL EXPENSES OF MEMBERS,FRANKED MAIL,313.74,313.74,Rashida Tlaib,D,MI,13,119,2026Q1,true
T000481,2026 HON. RASHIDA TLAIB,OFFICIAL EXPENSES OF MEMBERS,PERSONNEL COMPENSATION,306897.84,306897.84,Rashida Tlaib,D,MI,13,119,2026Q1,true
T000481,2026 HON. RASHIDA TLAIB,OFFICIAL EXPENSES OF MEMBERS,TRAVEL,3364.63,3364.63,Rashida Tlaib,D,MI,13,119,2026Q1,true
T000481,2026 HON. RASHIDA TLAIB,OFFICIAL EXPENSES OF MEMBERS,RENT COMMUNICATION UTILITIES,21317.96,21317.96,Rashida Tlaib,D,MI,13,119,2026Q1,true
T000481,2026 HON. RASHIDA TLAIB,OFFICIAL EXPENSES OF MEMBERS,PRINTING AND REPRODUCTION,21.08,21.08,Rashida Tlaib,D,MI,13,119,2026Q1,true
T000481,2026 HON. RASHIDA TLAIB,OFFICIAL EXPENSES OF MEMBERS,OTHER SERVICES,1000,1000,Rashida Tlaib,D,MI,13,119,2026Q1,true
T000481,2026 HON. RASHIDA TLAIB,OFFICIAL EXPENSES OF MEMBERS,SUPPLIES AND MATERIALS,935.4,935.4,Rashida Tlaib,D,MI,13,119,2026Q1,true
T000481,2026 HON. RASHIDA TLAIB,OFFICIAL EXPENSES OF MEMBERS,EQUIPMENT,1539,1539,Rashida Tlaib,D,MI,13,119,2026Q1,true
T000481,2026 HON. RASHIDA TLAIB,INTERN ALLOWANCES,PERSONNEL COMPENSATION,12256,12256,Rashida Tlaib,D,MI,13,119,2026Q1,true
T000487,2026 HON. JILL N. TOKUDA,OFFICIAL EXPENSES OF MEMBERS,FRANKED MAIL,29.24,29.24,Jill N. Tokuda,D,HI,2,119,2026Q1,true
T000487,2026 HON. JILL N. TOKUDA,OFFICIAL EXPENSES OF MEMBERS,PERSONNEL COMPENSATION,331981.95,331981.95,Jill N. Tokuda,D,HI,2,119,2026Q1,true
T000487,2026 HON. JILL N. TOKUDA,OFFICIAL EXPENSES OF MEMBERS,TRAVEL,21616.72,21616.72,Jill N. Tokuda,D,HI,2,119,2026Q1,true
T000487,2026 HON. JILL N. TOKUDA,OFFICIAL EXPENSES OF MEMBERS,RENT COMMUNICATION UTILITIES,9027.93,9027.93,Jill N. Tokuda,D,HI,2,119,2026Q1,true
T000487,2026 HON. JILL N. TOKUDA,OFFICIAL EXPENSES OF MEMBERS,PRINTING AND REPRODUCTION,1219,1219,Jill N. Tokuda,D,HI,2,119,2026Q1,true
T000487,2026 HON. JILL N. TOKUDA,OFFICIAL EXPENSES OF MEMBERS,OTHER SERVICES,9245.2,9245.2,Jill N. Tokuda,D,HI,2,119,2026Q1,true
T000487,2026 HON. JILL N. TOKUDA,OFFICIAL EXPENSES OF MEMBERS,SUPPLIES AND MATERIALS,3359.17,3359.17,Jill N. Tokuda,D,HI,2,119,2026Q1,true
T000487,2026 HON. JILL N. TOKUDA,OFFICIAL EXPENSES OF MEMBERS,EQUIPMENT,717,717,Jill N. Tokuda,D,HI,2,119,2026Q1,true
T000487,2026 HON. JILL N. TOKUDA,INTERN ALLOWANCES,PERSONNEL COMPENSATION,9737.5,9737.5,Jill N. Tokuda,D,HI,2,119,2026Q1,true
T000469,2026 HON. PAUL TONKO,OFFICIAL EXPENSES OF MEMBERS,FRANKED MAIL,81.85,81.85,Paul Tonko,D,NY,20,119,2026Q1,true
T000469,2026 HON. PAUL TONKO,OFFICIAL EXPENSES OF MEMBERS,PERSONNEL COMPENSATION,369441.18,369441.18,Paul Tonko,D,NY,20,119,2026Q1,true
T000469,2026 HON. PAUL TONKO,OFFICIAL EXPENSES OF MEMBERS,TRAVEL,9162.47,9162.47,Paul Tonko,D,NY,20,119,2026Q1,true
T000469,2026 HON. PAUL TONKO,OFFICIAL EXPENSES OF MEMBERS,RENT COMMUNICATION UTILITIES,6519.8,6519.8,Paul Tonko,D,NY,20,119,2026Q1,true
T000469,2026 HON. PAUL TONKO,OFFICIAL EXPENSES OF MEMBERS,PRINTING AND REPRODUCTION,223,223,Paul Tonko,D,NY,20,119,2026Q1,true
T000469,2026 HON. PAUL TONKO,OFFICIAL EXPENSES OF MEMBERS,OTHER SERVICES,8461.82,8461.82,Paul Tonko,D,NY,20,119,2026Q1,true
T000469,2026 HON. PAUL TONKO,OFFICIAL EXPENSES OF MEMBERS,SUPPLIES AND MATERIALS,2772.57,2772.57,Paul Tonko,D,NY,20,119,2026Q1,true
T000469,2026 HON. PAUL TONKO,OFFICIAL EXPENSES OF MEMBERS,EQUIPMENT,702,702,Paul Tonko,D,NY,20,119,2026Q1,true
T000469,2026 HON. PAUL TONKO,INTERN ALLOWANCES,PERSONNEL COMPENSATION,14073.64,14073.64,Paul Tonko,D,NY,20,119,2026Q1,true
T000474,2026 HON. NORMA J. TORRES,OFFICIAL EXPENSES OF MEMBERS,FRANKED MAIL,-8.8,-8.8,Norma J. Torres,D,CA,35,119,2026Q1,true
T000474,2026 HON. NORMA J. TORRES,OFFICIAL EXPENSES OF MEMBERS,PERSONNEL COMPENSATION,294286.67,294286.67,Norma J. Torres,D,CA,35,119,2026Q1,true
T000474,2026 HON. NORMA J. TORRES,OFFICIAL EXPENSES OF MEMBERS,TRAVEL,11213.82,11213.82,Norma J. Torres,D,CA,35,119,2026Q1,true
T000474,2026 HON. NORMA J. TORRES,OFFICIAL EXPENSES OF MEMBERS,RENT COMMUNICATION UTILITIES,1720.6,1720.6,Norma J. Torres,D,CA,35,119,2026Q1,true
T000474,2026 HON. NORMA J. TORRES,OFFICIAL EXPENSES OF MEMBERS,PRINTING AND REPRODUCTION,57236.99,57236.99,Norma J. Torres,D,CA,35,119,2026Q1,true
T000474,2026 HON. NORMA J. TORRES,OFFICIAL EXPENSES OF MEMBERS,OTHER SERVICES,3785.03,3785.03,Norma J. Torres,D,CA,35,119,2026Q1,true
T000474,2026 HON. NORMA J. TORRES,OFFICIAL EXPENSES OF MEMBERS,SUPPLIES AND MATERIALS,819.17,819.17,Norma J. Torres,D,CA,35,119,2026Q1,true
T000474,2026 HON. NORMA J. TORRES,OFFICIAL EXPENSES OF MEMBERS,EQUIPMENT,930,930,Norma J. Torres,D,CA,35,119,2026Q1,true
T000474,2026 HON. NORMA J. TORRES,INTERN ALLOWANCES,PERSONNEL COMPENSATION,12805.66,12805.66,Norma J. Torres,D,CA,35,119,2026Q1,true
T000486,2026 HON. RITCHIE TORRES,OFFICIAL EXPENSES OF MEMBERS,FRANKED MAIL,155.52,155.52,Ritchie Torres,D,NY,15,119,2026Q1,true
T000486,2026 HON. RITCHIE TORRES,OFFICIAL EXPENSES OF MEMBERS,PERSONNEL COMPENSATION,309929.11,309929.11,Ritchie Torres,D,NY,15,119,2026Q1,true
T000486,2026 HON. RITCHIE TORRES,OFFICIAL EXPENSES OF MEMBERS,TRAVEL,6961.57,6961.57,Ritchie Torres,D,NY,15,119,2026Q1,true
T000486,2026 HON. RITCHIE TORRES,OFFICIAL EXPENSES OF MEMBERS,RENT COMMUNICATION UTILITIES,46850.6,46850.6,Ritchie Torres,D,NY,15,119,2026Q1,true
T000486,2026 HON. RITCHIE TORRES,OFFICIAL EXPENSES OF MEMBERS,PRINTING AND REPRODUCTION,60421.57,60421.57,Ritchie Torres,D,NY,15,119,2026Q1,true
T000486,2026 HON. RITCHIE TORRES,OFFICIAL EXPENSES OF MEMBERS,OTHER SERVICES,5971.28,5971.28,Ritchie Torres,D,NY,15,119,2026Q1,true
T000486,2026 HON. RITCHIE TORRES,OFFICIAL EXPENSES OF MEMBERS,SUPPLIES AND MATERIALS,1869.56,1869.56,Ritchie Torres,D,NY,15,119,2026Q1,true
T000486,2026 HON. RITCHIE TORRES,OFFICIAL EXPENSES OF MEMBERS,EQUIPMENT,456,456,Ritchie Torres,D,NY,15,119,2026Q1,true
T000486,2026 HON. RITCHIE TORRES,INTERN ALLOWANCES,PERSONNEL COMPENSATION,12016.68,12016.68,Ritchie Torres,D,NY,15,119,2026Q1,true
T000482,2026 HON. LORI TRAHAN,OFFICIAL EXPENSES OF MEMBERS,FRANKED MAIL,-38.1,-38.1,Lori Trahan,D,MA,3,119,2026Q1,true
T000482,2026 HON. LORI TRAHAN,OFFICIAL EXPENSES OF MEMBERS,PERSONNEL COMPENSATION,350884.47,350884.47,Lori Trahan,D,MA,3,119,2026Q1,true
T000482,2026 HON. LORI TRAHAN,OFFICIAL EXPENSES OF MEMBERS,TRAVEL,3228.26,3228.26,Lori Trahan,D,MA,3,119,2026Q1,true
T000482,2026 HON. LORI TRAHAN,OFFICIAL EXPENSES OF MEMBERS,RENT COMMUNICATION UTILITIES,6288.48,6288.48,Lori Trahan,D,MA,3,119,2026Q1,true
T000482,2026 HON. LORI TRAHAN,OFFICIAL EXPENSES OF MEMBERS,PRINTING AND REPRODUCTION,1162,1162,Lori Trahan,D,MA,3,119,2026Q1,true
T000482,2026 HON. LORI TRAHAN,OFFICIAL EXPENSES OF MEMBERS,OTHER SERVICES,856.36,856.36,Lori Trahan,D,MA,3,119,2026Q1,true
T000482,2026 HON. LORI TRAHAN,OFFICIAL EXPENSES OF MEMBERS,SUPPLIES AND MATERIALS,4105.18,4105.18,Lori Trahan,D,MA,3,119,2026Q1,true
T000482,2026 HON. LORI TRAHAN,OFFICIAL EXPENSES OF MEMBERS,EQUIPMENT,2734.32,2734.32,Lori Trahan,D,MA,3,119,2026Q1,true
T000482,2026 HON. LORI TRAHAN,INTERN ALLOWANCES,PERSONNEL COMPENSATION,9869.99,9869.99,Lori Trahan,D,MA,3,119,2026Q1,true
T000491,2026 HON. DEREK TRAN,OFFICIAL EXPENSES OF MEMBERS,FRANKED MAIL,-129.5,-129.5,Derek Tran,D,CA,45,119,2026Q1,true
T000491,2026 HON. DEREK TRAN,OFFICIAL EXPENSES OF MEMBERS,PERSONNEL COMPENSATION,309104.45,309104.45,Derek Tran,D,CA,45,119,2026Q1,true
T000491,2026 HON. DEREK TRAN,OFFICIAL EXPENSES OF MEMBERS,TRAVEL,12075.69,12075.69,Derek Tran,D,CA,45,119,2026Q1,true
T000491,2026 HON. DEREK TRAN,OFFICIAL EXPENSES OF MEMBERS,RENT COMMUNICATION UTILITIES,2669.24,2669.24,Derek Tran,D,CA,45,119,2026Q1,true
T000491,2026 HON. DEREK TRAN,OFFICIAL EXPENSES OF MEMBERS,PRINTING AND REPRODUCTION,954.03,954.03,Derek Tran,D,CA,45,119,2026Q1,true
T000491,2026 HON. DEREK TRAN,OFFICIAL EXPENSES OF MEMBERS,OTHER SERVICES,595.4,595.4,Derek Tran,D,CA,45,119,2026Q1,true
T000491,2026 HON. DEREK TRAN,OFFICIAL EXPENSES OF MEMBERS,SUPPLIES AND MATERIALS,7635.2,7635.2,Derek Tran,D,CA,45,119,2026Q1,true
T000491,2026 HON. DEREK TRAN,OFFICIAL EXPENSES OF MEMBERS,EQUIPMENT,912,912,Derek Tran,D,CA,45,119,2026Q1,true
T000491,2026 HON. DEREK TRAN,INTERN ALLOWANCES,PERSONNEL COMPENSATION,9386.68,9386.68,Derek Tran,D,CA,45,119,2026Q1,true
T000463,2026 HON. MICHAEL R. TURNER,OFFICIAL EXPENSES OF MEMBERS,FRANKED MAIL,-28.9,-28.9,Michael R. Turner,R,OH,10,119,2026Q1,true
T000463,2026 HON. MICHAEL R. TURNER,OFFICIAL EXPENSES OF MEMBERS,PERSONNEL COMPENSATION,366261.11,366261.11,Michael R. Turner,R,OH,10,119,2026Q1,true
T000463,2026 HON. MICHAEL R. TURNER,OFFICIAL EXPENSES OF MEMBERS,TRAVEL,31920.98,31920.98,Michael R. Turner,R,OH,10,119,2026Q1,true
T000463,2026 HON. MICHAEL R. TURNER,OFFICIAL EXPENSES OF MEMBERS,RENT COMMUNICATION UTILITIES,13207.76,13207.76,Michael R. Turner,R,OH,10,119,2026Q1,true
T000463,2026 HON. MICHAEL R. TURNER,OFFICIAL EXPENSES OF MEMBERS,PRINTING AND REPRODUCTION,426.11,426.11,Michael R. Turner,R,OH,10,119,2026Q1,true
T000463,2026 HON. MICHAEL R. TURNER,OFFICIAL EXPENSES OF MEMBERS,OTHER SERVICES,1955.06,1955.06,Michael R. Turner,R,OH,10,119,2026Q1,true
T000463,2026 HON. MICHAEL R. TURNER,OFFICIAL EXPENSES OF MEMBERS,SUPPLIES AND MATERIALS,3380.69,3380.69,Michael R. Turner,R,OH,10,119,2026Q1,true
T000463,2026 HON. MICHAEL R. TURNER,OFFICIAL EXPENSES OF MEMBERS,EQUIPMENT,1076.82,1076.82,Michael R. Turner,R,OH,10,119,2026Q1,true
T000463,2026 HON. MICHAEL R. TURNER,INTERN ALLOWANCES,PERSONNEL COMPENSATION,8753.44,8753.44,Michael R. Turner,R,OH,10,119,2026Q1,true
U000040,2026 HON. LAUREN UNDERWOOD,OFFICIAL EXPENSES OF MEMBERS,FRANKED MAIL,-45.06,-45.06,Lauren Underwood,D,IL,14,119,2026Q1,true
U000040,2026 HON. LAUREN UNDERWOOD,OFFICIAL EXPENSES OF MEMBERS,PERSONNEL COMPENSATION,352873.6,352873.6,Lauren Underwood,D,IL,14,119,2026Q1,true
U000040,2026 HON. LAUREN UNDERWOOD,OFFICIAL EXPENSES OF MEMBERS,TRAVEL,5325.34,5325.34,Lauren Underwood,D,IL,14,119,2026Q1,true
U000040,2026 HON. LAUREN UNDERWOOD,OFFICIAL EXPENSES OF MEMBERS,RENT COMMUNICATION UTILITIES,4111.73,4111.73,Lauren Underwood,D,IL,14,119,2026Q1,true
U000040,2026 HON. LAUREN UNDERWOOD,OFFICIAL EXPENSES OF MEMBERS,OTHER SERVICES,800,800,Lauren Underwood,D,IL,14,119,2026Q1,true
U000040,2026 HON. LAUREN UNDERWOOD,OFFICIAL EXPENSES OF MEMBERS,SUPPLIES AND MATERIALS,543.93,543.93,Lauren Underwood,D,IL,14,119,2026Q1,true
U000040,2026 HON. LAUREN UNDERWOOD,OFFICIAL EXPENSES OF MEMBERS,EQUIPMENT,68.32,68.32,Lauren Underwood,D,IL,14,119,2026Q1,true
U000040,2026 HON. LAUREN UNDERWOOD,INTERN ALLOWANCES,PERSONNEL COMPENSATION,11350.67,11350.67,Lauren Underwood,D,IL,14,119,2026Q1,true
V000129,2026 HON. DAVID G. VALADAO,OFFICIAL EXPENSES OF MEMBERS,FRANKED MAIL,69.21,69.21,David G. Valadao,R,CA,21,119,2026Q1,true
V000129,2026 HON. DAVID G. VALADAO,OFFICIAL EXPENSES OF MEMBERS,PERSONNEL COMPENSATION,318971.28,318971.28,David G. Valadao,R,CA,21,119,2026Q1,true
V000129,2026 HON. DAVID G. VALADAO,OFFICIAL EXPENSES OF MEMBERS,TRAVEL,20376.21,20376.21,David G. Valadao,R,CA,21,119,2026Q1,true
V000129,2026 HON. DAVID G. VALADAO,OFFICIAL EXPENSES OF MEMBERS,RENT COMMUNICATION UTILITIES,12615.55,12615.55,David G. Valadao,R,CA,21,119,2026Q1,true
V000129,2026 HON. DAVID G. VALADAO,OFFICIAL EXPENSES OF MEMBERS,PRINTING AND REPRODUCTION,9930.5,9930.5,David G. Valadao,R,CA,21,119,2026Q1,true
V000129,2026 HON. DAVID G. VALADAO,OFFICIAL EXPENSES OF MEMBERS,OTHER SERVICES,9284.47,9284.47,David G. Valadao,R,CA,21,119,2026Q1,true
V000129,2026 HON. DAVID G. VALADAO,OFFICIAL EXPENSES OF MEMBERS,SUPPLIES AND MATERIALS,1529.3,1529.3,David G. Valadao,R,CA,21,119,2026Q1,true
V000129,2026 HON. DAVID G. VALADAO,OFFICIAL EXPENSES OF MEMBERS,EQUIPMENT,1002,1002,David G. Valadao,R,CA,21,119,2026Q1,true
V000129,2026 HON. DAVID G. VALADAO,INTERN ALLOWANCES,PERSONNEL COMPENSATION,6750,6750,David G. Valadao,R,CA,21,119,2026Q1,true
V000133,2026 HON. JEFFERSON VAN DREW,OFFICIAL EXPENSES OF MEMBERS,FRANKED MAIL,45.44,45.44,Jefferson Van Drew,R,NJ,2,119,2026Q1,true
V000133,2026 HON. JEFFERSON VAN DREW,OFFICIAL EXPENSES OF MEMBERS,PERSONNEL COMPENSATION,412622.24,412622.24,Jefferson Van Drew,R,NJ,2,119,2026Q1,true
V000133,2026 HON. JEFFERSON VAN DREW,OFFICIAL EXPENSES OF MEMBERS,TRAVEL,2788.37,2788.37,Jefferson Van Drew,R,NJ,2,119,2026Q1,true
V000133,2026 HON. JEFFERSON VAN DREW,OFFICIAL EXPENSES OF MEMBERS,RENT COMMUNICATION UTILITIES,29186.95,29186.95,Jefferson Van Drew,R,NJ,2,119,2026Q1,true
V000133,2026 HON. JEFFERSON VAN DREW,OFFICIAL EXPENSES OF MEMBERS,PRINTING AND REPRODUCTION,181.5,181.5,Jefferson Van Drew,R,NJ,2,119,2026Q1,true
V000133,2026 HON. JEFFERSON VAN DREW,OFFICIAL EXPENSES OF MEMBERS,OTHER SERVICES,9683.61,9683.61,Jefferson Van Drew,R,NJ,2,119,2026Q1,true
V000133,2026 HON. JEFFERSON VAN DREW,OFFICIAL EXPENSES OF MEMBERS,SUPPLIES AND MATERIALS,4575.68,4575.68,Jefferson Van Drew,R,NJ,2,119,2026Q1,true
V000133,2026 HON. JEFFERSON VAN DREW,OFFICIAL EXPENSES OF MEMBERS,EQUIPMENT,411,411,Jefferson Van Drew,R,NJ,2,119,2026Q1,true
V000133,2026 HON. JEFFERSON VAN DREW,INTERN ALLOWANCES,PERSONNEL COMPENSATION,5679.99,5679.99,Jefferson Van Drew,R,NJ,2,119,2026Q1,true
V000134,2026 HON. BETH VAN DUYNE,OFFICIAL EXPENSES OF MEMBERS,FRANKED MAIL,-5.39,-5.39,Beth Van Duyne,R,TX,24,119,2026Q1,true
V000134,2026 HON. BETH VAN DUYNE,OFFICIAL EXPENSES OF MEMBERS,PERSONNEL COMPENSATION,279833.28,279833.28,Beth Van Duyne,R,TX,24,119,2026Q1,true
V000134,2026 HON. BETH VAN DUYNE,OFFICIAL EXPENSES OF MEMBERS,TRAVEL,5018.45,5018.45,Beth Van Duyne,R,TX,24,119,2026Q1,true
V000134,2026 HON. BETH VAN DUYNE,OFFICIAL EXPENSES OF MEMBERS,RENT COMMUNICATION UTILITIES,27911.64,27911.64,Beth Van Duyne,R,TX,24,119,2026Q1,true
V000134,2026 HON. BETH VAN DUYNE,OFFICIAL EXPENSES OF MEMBERS,PRINTING AND REPRODUCTION,865.55,865.55,Beth Van Duyne,R,TX,24,119,2026Q1,true
V000134,2026 HON. BETH VAN DUYNE,OFFICIAL EXPENSES OF MEMBERS,OTHER SERVICES,386.34,386.34,Beth Van Duyne,R,TX,24,119,2026Q1,true
V000134,2026 HON. BETH VAN DUYNE,OFFICIAL EXPENSES OF MEMBERS,SUPPLIES AND MATERIALS,5131.44,5131.44,Beth Van Duyne,R,TX,24,119,2026Q1,true
V000134,2026 HON. BETH VAN DUYNE,OFFICIAL EXPENSES OF MEMBERS,EQUIPMENT,5072.01,5072.01,Beth Van Duyne,R,TX,24,119,2026Q1,true
V000134,2026 HON. BETH VAN DUYNE,INTERN ALLOWANCES,PERSONNEL COMPENSATION,8493.33,8493.33,Beth Van Duyne,R,TX,24,119,2026Q1,true
V000139,2026 HON. MATT VAN EPPS,OFFICIAL EXPENSES OF MEMBERS,FRANKED MAIL,-1.61,-1.61,Matt Van Epps,R,TN,7,119,2026Q1,true
V000139,2026 HON. MATT VAN EPPS,OFFICIAL EXPENSES OF MEMBERS,PERSONNEL COMPENSATION,283741.67,283741.67,Matt Van Epps,R,TN,7,119,2026Q1,true
V000139,2026 HON. MATT VAN EPPS,OFFICIAL EXPENSES OF MEMBERS,TRAVEL,25639.09,25639.09,Matt Van Epps,R,TN,7,119,2026Q1,true
V000139,2026 HON. MATT VAN EPPS,OFFICIAL EXPENSES OF MEMBERS,RENT COMMUNICATION UTILITIES,27195.73,27195.73,Matt Van Epps,R,TN,7,119,2026Q1,true
V000139,2026 HON. MATT VAN EPPS,OFFICIAL EXPENSES OF MEMBERS,PRINTING AND REPRODUCTION,724.64,724.64,Matt Van Epps,R,TN,7,119,2026Q1,true
V000139,2026 HON. MATT VAN EPPS,OFFICIAL EXPENSES OF MEMBERS,OTHER SERVICES,1454.16,1454.16,Matt Van Epps,R,TN,7,119,2026Q1,true
V000139,2026 HON. MATT VAN EPPS,OFFICIAL EXPENSES OF MEMBERS,SUPPLIES AND MATERIALS,23895.49,23895.49,Matt Van Epps,R,TN,7,119,2026Q1,true
V000139,2026 HON. MATT VAN EPPS,OFFICIAL EXPENSES OF MEMBERS,EQUIPMENT,1222.62,1222.62,Matt Van Epps,R,TN,7,119,2026Q1,true
V000139,2026 HON. MATT VAN EPPS,INTERN ALLOWANCES,PERSONNEL COMPENSATION,3000,3000,Matt Van Epps,R,TN,7,119,2026Q1,true
V000135,2026 HON. DERRICK VAN ORDEN,OFFICIAL EXPENSES OF MEMBERS,FRANKED MAIL,28,28,Derrick Van Orden,R,WI,3,119,2026Q1,true
V000135,2026 HON. DERRICK VAN ORDEN,OFFICIAL EXPENSES OF MEMBERS,PERSONNEL COMPENSATION,321361.16,321361.16,Derrick Van Orden,R,WI,3,119,2026Q1,true
V000135,2026 HON. DERRICK VAN ORDEN,OFFICIAL EXPENSES OF MEMBERS,TRAVEL,15420.06,15420.06,Derrick Van Orden,R,WI,3,119,2026Q1,true
V000135,2026 HON. DERRICK VAN ORDEN,OFFICIAL EXPENSES OF MEMBERS,RENT COMMUNICATION UTILITIES,2000.86,2000.86,Derrick Van Orden,R,WI,3,119,2026Q1,true
V000135,2026 HON. DERRICK VAN ORDEN,OFFICIAL EXPENSES OF MEMBERS,PRINTING AND REPRODUCTION,38,38,Derrick Van Orden,R,WI,3,119,2026Q1,true
V000135,2026 HON. DERRICK VAN ORDEN,OFFICIAL EXPENSES OF MEMBERS,SUPPLIES AND MATERIALS,852.26,852.26,Derrick Van Orden,R,WI,3,119,2026Q1,true
V000135,2026 HON. DERRICK VAN ORDEN,OFFICIAL EXPENSES OF MEMBERS,EQUIPMENT,495,495,Derrick Van Orden,R,WI,3,119,2026Q1,true
V000135,2026 HON. DERRICK VAN ORDEN,INTERN ALLOWANCES,PERSONNEL COMPENSATION,8266.67,8266.67,Derrick Van Orden,R,WI,3,119,2026Q1,true
V000130,2026 HON. JUAN VARGAS,OFFICIAL EXPENSES OF MEMBERS,FRANKED MAIL,-35.02,-35.02,Juan Vargas,D,CA,51,119,2026Q1,true
V000130,2026 HON. JUAN VARGAS,OFFICIAL EXPENSES OF MEMBERS,PERSONNEL COMPENSATION,334455.6,334455.6,Juan Vargas,D,CA,51,119,2026Q1,true
V000130,2026 HON. JUAN VARGAS,OFFICIAL EXPENSES OF MEMBERS,TRAVEL,9635.82,9635.82,Juan Vargas,D,CA,51,119,2026Q1,true
V000130,2026 HON. JUAN VARGAS,OFFICIAL EXPENSES OF MEMBERS,RENT COMMUNICATION UTILITIES,5337.46,5337.46,Juan Vargas,D,CA,51,119,2026Q1,true
V000130,2026 HON. JUAN VARGAS,OFFICIAL EXPENSES OF MEMBERS,OTHER SERVICES,12184,12184,Juan Vargas,D,CA,51,119,2026Q1,true
V000130,2026 HON. JUAN VARGAS,OFFICIAL EXPENSES OF MEMBERS,SUPPLIES AND MATERIALS,3710.19,3710.19,Juan Vargas,D,CA,51,119,2026Q1,true
V000130,2026 HON. JUAN VARGAS,OFFICIAL EXPENSES OF MEMBERS,EQUIPMENT,744,744,Juan Vargas,D,CA,51,119,2026Q1,true
V000130,2026 HON. JUAN VARGAS,INTERN ALLOWANCES,PERSONNEL COMPENSATION,8452.58,8452.58,Juan Vargas,D,CA,51,119,2026Q1,true
V000136,2026 HON. GABE VASQUEZ,OFFICIAL EXPENSES OF MEMBERS,FRANKED MAIL,28.53,28.53,Gabe Vasquez,D,NM,2,119,2026Q1,true
V000136,2026 HON. GABE VASQUEZ,OFFICIAL EXPENSES OF MEMBERS,PERSONNEL COMPENSATION,284691.72,284691.72,Gabe Vasquez,D,NM,2,119,2026Q1,true
V000136,2026 HON. GABE VASQUEZ,OFFICIAL EXPENSES OF MEMBERS,TRAVEL,22377.18,22377.18,Gabe Vasquez,D,NM,2,119,2026Q1,true
V000136,2026 HON. GABE VASQUEZ,OFFICIAL EXPENSES OF MEMBERS,TRANSPORTATION OF THINGS,46.2,46.2,Gabe Vasquez,D,NM,2,119,2026Q1,true
V000136,2026 HON. GABE VASQUEZ,OFFICIAL EXPENSES OF MEMBERS,RENT COMMUNICATION UTILITIES,9373.85,9373.85,Gabe Vasquez,D,NM,2,119,2026Q1,true
V000136,2026 HON. GABE VASQUEZ,OFFICIAL EXPENSES OF MEMBERS,PRINTING AND REPRODUCTION,46386.01,46386.01,Gabe Vasquez,D,NM,2,119,2026Q1,true
V000136,2026 HON. GABE VASQUEZ,OFFICIAL EXPENSES OF MEMBERS,OTHER SERVICES,3.17,3.17,Gabe Vasquez,D,NM,2,119,2026Q1,true
V000136,2026 HON. GABE VASQUEZ,OFFICIAL EXPENSES OF MEMBERS,SUPPLIES AND MATERIALS,3521.81,3521.81,Gabe Vasquez,D,NM,2,119,2026Q1,true
V000136,2026 HON. GABE VASQUEZ,OFFICIAL EXPENSES OF MEMBERS,EQUIPMENT,651,651,Gabe Vasquez,D,NM,2,119,2026Q1,true
V000136,2026 HON. GABE VASQUEZ,INTERN ALLOWANCES,PERSONNEL COMPENSATION,10635.38,10635.38,Gabe Vasquez,D,NM,2,119,2026Q1,true
V000131,2026 HON. MARC A. VEASEY,OFFICIAL EXPENSES OF MEMBERS,FRANKED MAIL,251.89,251.89,Marc A. Veasey,D,TX,33,119,2026Q1,true
V000131,2026 HON. MARC A. VEASEY,OFFICIAL EXPENSES OF MEMBERS,PERSONNEL COMPENSATION,365530.13,365530.13,Marc A. Veasey,D,TX,33,119,2026Q1,true
V000131,2026 HON. MARC A. VEASEY,OFFICIAL EXPENSES OF MEMBERS,TRAVEL,11737.26,11737.26,Marc A. Veasey,D,TX,33,119,2026Q1,true
V000131,2026 HON. MARC A. VEASEY,OFFICIAL EXPENSES OF MEMBERS,RENT COMMUNICATION UTILITIES,23951.96,23951.96,Marc A. Veasey,D,TX,33,119,2026Q1,true
V000131,2026 HON. MARC A. VEASEY,OFFICIAL EXPENSES OF MEMBERS,PRINTING AND REPRODUCTION,148.5,148.5,Marc A. Veasey,D,TX,33,119,2026Q1,true
V000131,2026 HON. MARC A. VEASEY,OFFICIAL EXPENSES OF MEMBERS,OTHER SERVICES,21.64,21.64,Marc A. Veasey,D,TX,33,119,2026Q1,true
V000131,2026 HON. MARC A. VEASEY,OFFICIAL EXPENSES OF MEMBERS,SUPPLIES AND MATERIALS,2510.9,2510.9,Marc A. Veasey,D,TX,33,119,2026Q1,true
V000131,2026 HON. MARC A. VEASEY,OFFICIAL EXPENSES OF MEMBERS,EQUIPMENT,822,822,Marc A. Veasey,D,TX,33,119,2026Q1,true
V000131,2026 HON. MARC A. VEASEY,INTERN ALLOWANCES,PERSONNEL COMPENSATION,4517.5,4517.5,Marc A. Veasey,D,TX,33,119,2026Q1,true
V000081,2026 HON. NYDIA M. VELAZQUEZ,OFFICIAL EXPENSES OF MEMBERS,FRANKED MAIL,-4.39,-4.39,Nydia M. Velázquez,D,NY,7,119,2026Q1,true
V000081,2026 HON. NYDIA M. VELAZQUEZ,OFFICIAL EXPENSES OF MEMBERS,PERSONNEL COMPENSATION,327761.09,327761.09,Nydia M. Velázquez,D,NY,7,119,2026Q1,true
V000081,2026 HON. NYDIA M. VELAZQUEZ,OFFICIAL EXPENSES OF MEMBERS,TRAVEL,5921.02,5921.02,Nydia M. Velázquez,D,NY,7,119,2026Q1,true
V000081,2026 HON. NYDIA M. VELAZQUEZ,OFFICIAL EXPENSES OF MEMBERS,RENT COMMUNICATION UTILITIES,63680.01,63680.01,Nydia M. Velázquez,D,NY,7,119,2026Q1,true
V000081,2026 HON. NYDIA M. VELAZQUEZ,OFFICIAL EXPENSES OF MEMBERS,PRINTING AND REPRODUCTION,301,301,Nydia M. Velázquez,D,NY,7,119,2026Q1,true
V000081,2026 HON. NYDIA M. VELAZQUEZ,OFFICIAL EXPENSES OF MEMBERS,OTHER SERVICES,17700,17700,Nydia M. Velázquez,D,NY,7,119,2026Q1,true
V000081,2026 HON. NYDIA M. VELAZQUEZ,OFFICIAL EXPENSES OF MEMBERS,SUPPLIES AND MATERIALS,2095.13,2095.13,Nydia M. Velázquez,D,NY,7,119,2026Q1,true
V000081,2026 HON. NYDIA M. VELAZQUEZ,OFFICIAL EXPENSES OF MEMBERS,EQUIPMENT,1052.22,1052.22,Nydia M. Velázquez,D,NY,7,119,2026Q1,true
V000081,2026 HON. NYDIA M. VELAZQUEZ,INTERN ALLOWANCES,PERSONNEL COMPENSATION,9190.32,9190.32,Nydia M. Velázquez,D,NY,7,119,2026Q1,true
V000138,2026 HON. EUGENE SIMON VINDMAN,OFFICIAL EXPENSES OF MEMBERS,FRANKED MAIL,120.83,120.83,Eugene Simon Vindman,D,VA,7,119,2026Q1,true
V000138,2026 HON. EUGENE SIMON VINDMAN,OFFICIAL EXPENSES OF MEMBERS,PERSONNEL COMPENSATION,346528.33,346528.33,Eugene Simon Vindman,D,VA,7,119,2026Q1,true
V000138,2026 HON. EUGENE SIMON VINDMAN,OFFICIAL EXPENSES OF MEMBERS,TRAVEL,6935.74,6935.74,Eugene Simon Vindman,D,VA,7,119,2026Q1,true
V000138,2026 HON. EUGENE SIMON VINDMAN,OFFICIAL EXPENSES OF MEMBERS,RENT COMMUNICATION UTILITIES,4616.41,4616.41,Eugene Simon Vindman,D,VA,7,119,2026Q1,true
V000138,2026 HON. EUGENE SIMON VINDMAN,OFFICIAL EXPENSES OF MEMBERS,PRINTING AND REPRODUCTION,198,198,Eugene Simon Vindman,D,VA,7,119,2026Q1,true
V000138,2026 HON. EUGENE SIMON VINDMAN,OFFICIAL EXPENSES OF MEMBERS,OTHER SERVICES,180,180,Eugene Simon Vindman,D,VA,7,119,2026Q1,true
V000138,2026 HON. EUGENE SIMON VINDMAN,OFFICIAL EXPENSES OF MEMBERS,SUPPLIES AND MATERIALS,4080.58,4080.58,Eugene Simon Vindman,D,VA,7,119,2026Q1,true
V000138,2026 HON. EUGENE SIMON VINDMAN,OFFICIAL EXPENSES OF MEMBERS,EQUIPMENT,1155.15,1155.15,Eugene Simon Vindman,D,VA,7,119,2026Q1,true
V000138,2026 HON. EUGENE SIMON VINDMAN,INTERN ALLOWANCES,PERSONNEL COMPENSATION,14754,14754,Eugene Simon Vindman,D,VA,7,119,2026Q1,true
W000812,2026 HON. ANN WAGNER,OFFICIAL EXPENSES OF MEMBERS,FRANKED MAIL,-2.68,-2.68,Ann Wagner,R,MO,2,119,2026Q1,true
W000812,2026 HON. ANN WAGNER,OFFICIAL EXPENSES OF MEMBERS,PERSONNEL COMPENSATION,328727.75,328727.75,Ann Wagner,R,MO,2,119,2026Q1,true
W000812,2026 HON. ANN WAGNER,OFFICIAL EXPENSES OF MEMBERS,TRAVEL,5447.84,5447.84,Ann Wagner,R,MO,2,119,2026Q1,true
W000812,2026 HON. ANN WAGNER,OFFICIAL EXPENSES OF MEMBERS,RENT COMMUNICATION UTILITIES,4319.14,4319.14,Ann Wagner,R,MO,2,119,2026Q1,true
W000812,2026 HON. ANN WAGNER,OFFICIAL EXPENSES OF MEMBERS,PRINTING AND REPRODUCTION,800.97,800.97,Ann Wagner,R,MO,2,119,2026Q1,true
W000812,2026 HON. ANN WAGNER,OFFICIAL EXPENSES OF MEMBERS,OTHER SERVICES,6940,6940,Ann Wagner,R,MO,2,119,2026Q1,true
W000812,2026 HON. ANN WAGNER,OFFICIAL EXPENSES OF MEMBERS,SUPPLIES AND MATERIALS,13573.18,13573.18,Ann Wagner,R,MO,2,119,2026Q1,true
W000812,2026 HON. ANN WAGNER,OFFICIAL EXPENSES OF MEMBERS,EQUIPMENT,165,165,Ann Wagner,R,MO,2,119,2026Q1,true
W000812,2026 HON. ANN WAGNER,INTERN ALLOWANCES,PERSONNEL COMPENSATION,4858.5,4858.5,Ann Wagner,R,MO,2,119,2026Q1,true
W000798,2026 HON. TIM WALBERG,OFFICIAL EXPENSES OF MEMBERS,FRANKED MAIL,21778.02,21778.02,Tim Walberg,R,MI,7,119,2026Q1,true
W000798,2026 HON. TIM WALBERG,OFFICIAL EXPENSES OF MEMBERS,PERSONNEL COMPENSATION,265233.41,265233.41,Tim Walberg,R,MI,7,119,2026Q1,true
W000798,2026 HON. TIM WALBERG,OFFICIAL EXPENSES OF MEMBERS,TRAVEL,12114.7,12114.7,Tim Walberg,R,MI,7,119,2026Q1,true
W000798,2026 HON. TIM WALBERG,OFFICIAL EXPENSES OF MEMBERS,RENT COMMUNICATION UTILITIES,50121.13,50121.13,Tim Walberg,R,MI,7,119,2026Q1,true
W000798,2026 HON. TIM WALBERG,OFFICIAL EXPENSES OF MEMBERS,PRINTING AND REPRODUCTION,19715.06,19715.06,Tim Walberg,R,MI,7,119,2026Q1,true
W000798,2026 HON. TIM WALBERG,OFFICIAL EXPENSES OF MEMBERS,OTHER SERVICES,12562.05,12562.05,Tim Walberg,R,MI,7,119,2026Q1,true
W000798,2026 HON. TIM WALBERG,OFFICIAL EXPENSES OF MEMBERS,SUPPLIES AND MATERIALS,2372.59,2372.59,Tim Walberg,R,MI,7,119,2026Q1,true
W000798,2026 HON. TIM WALBERG,OFFICIAL EXPENSES OF MEMBERS,EQUIPMENT,908.67,908.67,Tim Walberg,R,MI,7,119,2026Q1,true
W000798,2026 HON. TIM WALBERG,INTERN ALLOWANCES,PERSONNEL COMPENSATION,8200,8200,Tim Walberg,R,MI,7,119,2026Q1,true
W000831,2026 HON. JAMES R. WALKINSHAW,OFFICIAL EXPENSES OF MEMBERS,FRANKED MAIL,-163.46,-163.46,James R. Walkinshaw,D,VA,11,119,2026Q1,true
W000831,2026 HON. JAMES R. WALKINSHAW,OFFICIAL EXPENSES OF MEMBERS,PERSONNEL COMPENSATION,312218.97,312218.97,James R. Walkinshaw,D,VA,11,119,2026Q1,true
W000831,2026 HON. JAMES R. WALKINSHAW,OFFICIAL EXPENSES OF MEMBERS,TRAVEL,1435.59,1435.59,James R. Walkinshaw,D,VA,11,119,2026Q1,true
W000831,2026 HON. JAMES R. WALKINSHAW,OFFICIAL EXPENSES OF MEMBERS,RENT COMMUNICATION UTILITIES,21726.18,21726.18,James R. Walkinshaw,D,VA,11,119,2026Q1,true
W000831,2026 HON. JAMES R. WALKINSHAW,OFFICIAL EXPENSES OF MEMBERS,PRINTING AND REPRODUCTION,6841.55,6841.55,James R. Walkinshaw,D,VA,11,119,2026Q1,true
W000831,2026 HON. JAMES R. WALKINSHAW,OFFICIAL EXPENSES OF MEMBERS,OTHER SERVICES,850,850,James R. Walkinshaw,D,VA,11,119,2026Q1,true
W000831,2026 HON. JAMES R. WALKINSHAW,OFFICIAL EXPENSES OF MEMBERS,SUPPLIES AND MATERIALS,2871.94,2871.94,James R. Walkinshaw,D,VA,11,119,2026Q1,true
W000831,2026 HON. JAMES R. WALKINSHAW,INTERN ALLOWANCES,PERSONNEL COMPENSATION,10148.49,10148.49,James R. Walkinshaw,D,VA,11,119,2026Q1,true
W000797,2026 HON. DEBBIE WASSERMAN SCHULTZ,OFFICIAL EXPENSES OF MEMBERS,FRANKED MAIL,-53.67,-53.67,Debbie Wasserman Schultz,D,FL,23,119,2026Q1,true
W000797,2026 HON. DEBBIE WASSERMAN SCHULTZ,OFFICIAL EXPENSES OF MEMBERS,PERSONNEL COMPENSATION,316416.11,316416.11,Debbie Wasserman Schultz,D,FL,23,119,2026Q1,true
W000797,2026 HON. DEBBIE WASSERMAN SCHULTZ,OFFICIAL EXPENSES OF MEMBERS,TRAVEL,7668.97,7668.97,Debbie Wasserman Schultz,D,FL,23,119,2026Q1,true
W000797,2026 HON. DEBBIE WASSERMAN SCHULTZ,OFFICIAL EXPENSES OF MEMBERS,RENT COMMUNICATION UTILITIES,5980.5,5980.5,Debbie Wasserman Schultz,D,FL,23,119,2026Q1,true
W000797,2026 HON. DEBBIE WASSERMAN SCHULTZ,OFFICIAL EXPENSES OF MEMBERS,PRINTING AND REPRODUCTION,1184.15,1184.15,Debbie Wasserman Schultz,D,FL,23,119,2026Q1,true
W000797,2026 HON. DEBBIE WASSERMAN SCHULTZ,OFFICIAL EXPENSES OF MEMBERS,OTHER SERVICES,5530.6,5530.6,Debbie Wasserman Schultz,D,FL,23,119,2026Q1,true
W000797,2026 HON. DEBBIE WASSERMAN SCHULTZ,OFFICIAL EXPENSES OF MEMBERS,SUPPLIES AND MATERIALS,3607.69,3607.69,Debbie Wasserman Schultz,D,FL,23,119,2026Q1,true
W000797,2026 HON. DEBBIE WASSERMAN SCHULTZ,OFFICIAL EXPENSES OF MEMBERS,EQUIPMENT,195,195,Debbie Wasserman Schultz,D,FL,23,119,2026Q1,true
W000797,2026 HON. DEBBIE WASSERMAN SCHULTZ,INTERN ALLOWANCES,PERSONNEL COMPENSATION,10416.67,10416.67,Debbie Wasserman Schultz,D,FL,23,119,2026Q1,true
W000187,2026 HON. MAXINE WATERS,OFFICIAL EXPENSES OF MEMBERS,FRANKED MAIL,148.39,148.39,Maxine Waters,D,CA,43,119,2026Q1,true
W000187,2026 HON. MAXINE WATERS,OFFICIAL EXPENSES OF MEMBERS,PERSONNEL COMPENSATION,207536.13,207536.13,Maxine Waters,D,CA,43,119,2026Q1,true
W000187,2026 HON. MAXINE WATERS,OFFICIAL EXPENSES OF MEMBERS,TRAVEL,19237.45,19237.45,Maxine Waters,D,CA,43,119,2026Q1,true
W000187,2026 HON. MAXINE WATERS,OFFICIAL EXPENSES OF MEMBERS,RENT COMMUNICATION UTILITIES,7835.91,7835.91,Maxine Waters,D,CA,43,119,2026Q1,true
W000187,2026 HON. MAXINE WATERS,OFFICIAL EXPENSES OF MEMBERS,OTHER SERVICES,6855,6855,Maxine Waters,D,CA,43,119,2026Q1,true
W000187,2026 HON. MAXINE WATERS,OFFICIAL EXPENSES OF MEMBERS,SUPPLIES AND MATERIALS,8514.87,8514.87,Maxine Waters,D,CA,43,119,2026Q1,true
W000187,2026 HON. MAXINE WATERS,OFFICIAL EXPENSES OF MEMBERS,EQUIPMENT,1011,1011,Maxine Waters,D,CA,43,119,2026Q1,true
W000822,2026 HON. BONNIE WATSON COLEMAN,OFFICIAL EXPENSES OF MEMBERS,FRANKED MAIL,66.88,66.88,Bonnie Watson Coleman,D,NJ,12,119,2026Q1,true
W000822,2026 HON. BONNIE WATSON COLEMAN,OFFICIAL EXPENSES OF MEMBERS,PERSONNEL COMPENSATION,391105.14,391105.14,Bonnie Watson Coleman,D,NJ,12,119,2026Q1,true
W000822,2026 HON. BONNIE WATSON COLEMAN,OFFICIAL EXPENSES OF MEMBERS,TRAVEL,5277.57,5277.57,Bonnie Watson Coleman,D,NJ,12,119,2026Q1,true
W000822,2026 HON. BONNIE WATSON COLEMAN,OFFICIAL EXPENSES OF MEMBERS,RENT COMMUNICATION UTILITIES,46667.82,46667.82,Bonnie Watson Coleman,D,NJ,12,119,2026Q1,true
W000822,2026 HON. BONNIE WATSON COLEMAN,OFFICIAL EXPENSES OF MEMBERS,PRINTING AND REPRODUCTION,216,216,Bonnie Watson Coleman,D,NJ,12,119,2026Q1,true
W000822,2026 HON. BONNIE WATSON COLEMAN,OFFICIAL EXPENSES OF MEMBERS,OTHER SERVICES,13578.91,13578.91,Bonnie Watson Coleman,D,NJ,12,119,2026Q1,true
W000822,2026 HON. BONNIE WATSON COLEMAN,OFFICIAL EXPENSES OF MEMBERS,SUPPLIES AND MATERIALS,2168.73,2168.73,Bonnie Watson Coleman,D,NJ,12,119,2026Q1,true
W000822,2026 HON. BONNIE WATSON COLEMAN,OFFICIAL EXPENSES OF MEMBERS,EQUIPMENT,906,906,Bonnie Watson Coleman,D,NJ,12,119,2026Q1,true
W000822,2026 HON. BONNIE WATSON COLEMAN,INTERN ALLOWANCES,PERSONNEL COMPENSATION,14581.8,14581.8,Bonnie Watson Coleman,D,NJ,12,119,2026Q1,true
W000814,2026 HON. RANDY K. WEBER SR.,OFFICIAL EXPENSES OF MEMBERS,FRANKED MAIL,-48.87,-48.87,"Randy K. Weber, Sr.",R,TX,14,119,2026Q1,true
W000814,2026 HON. RANDY K. WEBER SR.,OFFICIAL EXPENSES OF MEMBERS,PERSONNEL COMPENSATION,285556.11,285556.11,"Randy K. Weber, Sr.",R,TX,14,119,2026Q1,true
W000814,2026 HON. RANDY K. WEBER SR.,OFFICIAL EXPENSES OF MEMBERS,TRAVEL,20194.4,20194.4,"Randy K. Weber, Sr.",R,TX,14,119,2026Q1,true
W000814,2026 HON. RANDY K. WEBER SR.,OFFICIAL EXPENSES OF MEMBERS,RENT COMMUNICATION UTILITIES,5359.54,5359.54,"Randy K. Weber, Sr.",R,TX,14,119,2026Q1,true
W000814,2026 HON. RANDY K. WEBER SR.,OFFICIAL EXPENSES OF MEMBERS,SUPPLIES AND MATERIALS,2469.16,2469.16,"Randy K. Weber, Sr.",R,TX,14,119,2026Q1,true
W000814,2026 HON. RANDY K. WEBER SR.,OFFICIAL EXPENSES OF MEMBERS,EQUIPMENT,2004,2004,"Randy K. Weber, Sr.",R,TX,14,119,2026Q1,true
W000814,2026 HON. RANDY K. WEBER SR.,INTERN ALLOWANCES,PERSONNEL COMPENSATION,12466.67,12466.67,"Randy K. Weber, Sr.",R,TX,14,119,2026Q1,true
W000806,2026 HON. DANIEL WEBSTER,OFFICIAL EXPENSES OF MEMBERS,FRANKED MAIL,272.93,272.93,Daniel Webster,R,FL,11,119,2026Q1,true
W000806,2026 HON. DANIEL WEBSTER,OFFICIAL EXPENSES OF MEMBERS,PERSONNEL COMPENSATION,258147.78,258147.78,Daniel Webster,R,FL,11,119,2026Q1,true
W000806,2026 HON. DANIEL WEBSTER,OFFICIAL EXPENSES OF MEMBERS,TRAVEL,8399.34,8399.34,Daniel Webster,R,FL,11,119,2026Q1,true
W000806,2026 HON. DANIEL WEBSTER,OFFICIAL EXPENSES OF MEMBERS,RENT COMMUNICATION UTILITIES,26547.66,26547.66,Daniel Webster,R,FL,11,119,2026Q1,true
W000806,2026 HON. DANIEL WEBSTER,OFFICIAL EXPENSES OF MEMBERS,PRINTING AND REPRODUCTION,94.5,94.5,Daniel Webster,R,FL,11,119,2026Q1,true
W000806,2026 HON. DANIEL WEBSTER,OFFICIAL EXPENSES OF MEMBERS,SUPPLIES AND MATERIALS,1595.5,1595.5,Daniel Webster,R,FL,11,119,2026Q1,true
W000806,2026 HON. DANIEL WEBSTER,INTERN ALLOWANCES,PERSONNEL COMPENSATION,10726.66,10726.66,Daniel Webster,R,FL,11,119,2026Q1,true
W000821,2026 HON. BRUCE WESTERMAN,OFFICIAL EXPENSES OF MEMBERS,FRANKED MAIL,109.79,109.79,Bruce Westerman,R,AR,4,119,2026Q1,true
W000821,2026 HON. BRUCE WESTERMAN,OFFICIAL EXPENSES OF MEMBERS,PERSONNEL COMPENSATION,313499.99,313499.99,Bruce Westerman,R,AR,4,119,2026Q1,true
W000821,2026 HON. BRUCE WESTERMAN,OFFICIAL EXPENSES OF MEMBERS,TRAVEL,14857.26,14857.26,Bruce Westerman,R,AR,4,119,2026Q1,true
W000821,2026 HON. BRUCE WESTERMAN,OFFICIAL EXPENSES OF MEMBERS,RENT COMMUNICATION UTILITIES,4115.03,4115.03,Bruce Westerman,R,AR,4,119,2026Q1,true
W000821,2026 HON. BRUCE WESTERMAN,OFFICIAL EXPENSES OF MEMBERS,PRINTING AND REPRODUCTION,945.14,945.14,Bruce Westerman,R,AR,4,119,2026Q1,true
W000821,2026 HON. BRUCE WESTERMAN,OFFICIAL EXPENSES OF MEMBERS,OTHER SERVICES,6076,6076,Bruce Westerman,R,AR,4,119,2026Q1,true
W000821,2026 HON. BRUCE WESTERMAN,OFFICIAL EXPENSES OF MEMBERS,SUPPLIES AND MATERIALS,2024.99,2024.99,Bruce Westerman,R,AR,4,119,2026Q1,true
W000821,2026 HON. BRUCE WESTERMAN,OFFICIAL EXPENSES OF MEMBERS,EQUIPMENT,629.3,629.3,Bruce Westerman,R,AR,4,119,2026Q1,true
W000821,2026 HON. BRUCE WESTERMAN,INTERN ALLOWANCES,PERSONNEL COMPENSATION,7883.33,7883.33,Bruce Westerman,R,AR,4,119,2026Q1,true
W000830,2026 HON. GEORGE WHITESIDES,OFFICIAL EXPENSES OF MEMBERS,FRANKED MAIL,1472.46,1472.46,George Whitesides,D,CA,27,119,2026Q1,true
W000830,2026 HON. GEORGE WHITESIDES,OFFICIAL EXPENSES OF MEMBERS,PERSONNEL COMPENSATION,283283.28,283283.28,George Whitesides,D,CA,27,119,2026Q1,true
W000830,2026 HON. GEORGE WHITESIDES,OFFICIAL EXPENSES OF MEMBERS,TRAVEL,7923.46,7923.46,George Whitesides,D,CA,27,119,2026Q1,true
W000830,2026 HON. GEORGE WHITESIDES,OFFICIAL EXPENSES OF MEMBERS,RENT COMMUNICATION UTILITIES,15259.42,15259.42,George Whitesides,D,CA,27,119,2026Q1,true
W000830,2026 HON. GEORGE WHITESIDES,OFFICIAL EXPENSES OF MEMBERS,PRINTING AND REPRODUCTION,5264.23,5264.23,George Whitesides,D,CA,27,119,2026Q1,true
W000830,2026 HON. GEORGE WHITESIDES,OFFICIAL EXPENSES OF MEMBERS,OTHER SERVICES,5954.6,5954.6,George Whitesides,D,CA,27,119,2026Q1,true
W000830,2026 HON. GEORGE WHITESIDES,OFFICIAL EXPENSES OF MEMBERS,SUPPLIES AND MATERIALS,3033.75,3033.75,George Whitesides,D,CA,27,119,2026Q1,true
W000830,2026 HON. GEORGE WHITESIDES,OFFICIAL EXPENSES OF MEMBERS,EQUIPMENT,1470,1470,George Whitesides,D,CA,27,119,2026Q1,true
W000830,2026 HON. GEORGE WHITESIDES,INTERN ALLOWANCES,PERSONNEL COMPENSATION,6940.29,6940.29,George Whitesides,D,CA,27,119,2026Q1,true
W000829,2026 HON. TONY WIED,OFFICIAL EXPENSES OF MEMBERS,FRANKED MAIL,56.86,56.86,Tony Wied,R,WI,8,119,2026Q1,true
W000829,2026 HON. TONY WIED,OFFICIAL EXPENSES OF MEMBERS,PERSONNEL COMPENSATION,283033.34,283033.34,Tony Wied,R,WI,8,119,2026Q1,true
W000829,2026 HON. TONY WIED,OFFICIAL EXPENSES OF MEMBERS,TRAVEL,7317.92,7317.92,Tony Wied,R,WI,8,119,2026Q1,true
W000829,2026 HON. TONY WIED,OFFICIAL EXPENSES OF MEMBERS,RENT COMMUNICATION UTILITIES,9358.46,9358.46,Tony Wied,R,WI,8,119,2026Q1,true
W000829,2026 HON. TONY WIED,OFFICIAL EXPENSES OF MEMBERS,PRINTING AND REPRODUCTION,467.49,467.49,Tony Wied,R,WI,8,119,2026Q1,true
W000829,2026 HON. TONY WIED,OFFICIAL EXPENSES OF MEMBERS,OTHER SERVICES,127.19,127.19,Tony Wied,R,WI,8,119,2026Q1,true
W000829,2026 HON. TONY WIED,OFFICIAL EXPENSES OF MEMBERS,SUPPLIES AND MATERIALS,1477.69,1477.69,Tony Wied,R,WI,8,119,2026Q1,true
W000829,2026 HON. TONY WIED,INTERN ALLOWANCES,PERSONNEL COMPENSATION,12328.33,12328.33,Tony Wied,R,WI,8,119,2026Q1,true
W000788,2026 HON. NIKEMA WILLIAMS,OFFICIAL EXPENSES OF MEMBERS,FRANKED MAIL,47.34,47.34,Nikema Williams,D,GA,5,119,2026Q1,true
W000788,2026 HON. NIKEMA WILLIAMS,OFFICIAL EXPENSES OF MEMBERS,PERSONNEL COMPENSATION,249277.74,249277.74,Nikema Williams,D,GA,5,119,2026Q1,true
W000788,2026 HON. NIKEMA WILLIAMS,OFFICIAL EXPENSES OF MEMBERS,TRAVEL,22424.34,22424.34,Nikema Williams,D,GA,5,119,2026Q1,true
W000788,2026 HON. NIKEMA WILLIAMS,OFFICIAL EXPENSES OF MEMBERS,RENT COMMUNICATION UTILITIES,3497.63,3497.63,Nikema Williams,D,GA,5,119,2026Q1,true
W000788,2026 HON. NIKEMA WILLIAMS,OFFICIAL EXPENSES OF MEMBERS,PRINTING AND REPRODUCTION,22373.46,22373.46,Nikema Williams,D,GA,5,119,2026Q1,true
W000788,2026 HON. NIKEMA WILLIAMS,OFFICIAL EXPENSES OF MEMBERS,OTHER SERVICES,7697.19,7697.19,Nikema Williams,D,GA,5,119,2026Q1,true
W000788,2026 HON. NIKEMA WILLIAMS,OFFICIAL EXPENSES OF MEMBERS,SUPPLIES AND MATERIALS,2791.99,2791.99,Nikema Williams,D,GA,5,119,2026Q1,true
W000788,2026 HON. NIKEMA WILLIAMS,OFFICIAL EXPENSES OF MEMBERS,EQUIPMENT,2178,2178,Nikema Williams,D,GA,5,119,2026Q1,true
W000788,2026 HON. NIKEMA WILLIAMS,INTERN ALLOWANCES,PERSONNEL COMPENSATION,14786.5,14786.5,Nikema Williams,D,GA,5,119,2026Q1,true
W000816,2026 HON. ROGER WILLIAMS,OFFICIAL EXPENSES OF MEMBERS,FRANKED MAIL,295.07,295.07,Roger Williams,R,TX,25,119,2026Q1,true
W000816,2026 HON. ROGER WILLIAMS,OFFICIAL EXPENSES OF MEMBERS,PERSONNEL COMPENSATION,346991.66,346991.66,Roger Williams,R,TX,25,119,2026Q1,true
W000816,2026 HON. ROGER WILLIAMS,OFFICIAL EXPENSES OF MEMBERS,TRAVEL,28984.33,28984.33,Roger Williams,R,TX,25,119,2026Q1,true
W000816,2026 HON. ROGER WILLIAMS,OFFICIAL EXPENSES OF MEMBERS,RENT COMMUNICATION UTILITIES,12268.38,12268.38,Roger Williams,R,TX,25,119,2026Q1,true
W000816,2026 HON. ROGER WILLIAMS,OFFICIAL EXPENSES OF MEMBERS,PRINTING AND REPRODUCTION,855.5,855.5,Roger Williams,R,TX,25,119,2026Q1,true
W000816,2026 HON. ROGER WILLIAMS,OFFICIAL EXPENSES OF MEMBERS,SUPPLIES AND MATERIALS,5952.51,5952.51,Roger Williams,R,TX,25,119,2026Q1,true
W000816,2026 HON. ROGER WILLIAMS,OFFICIAL EXPENSES OF MEMBERS,EQUIPMENT,645,645,Roger Williams,R,TX,25,119,2026Q1,true
W000816,2026 HON. ROGER WILLIAMS,INTERN ALLOWANCES,PERSONNEL COMPENSATION,1950,1950,Roger Williams,R,TX,25,119,2026Q1,true
W000808,2026 HON. FREDERICA S. WILSON,OFFICIAL EXPENSES OF MEMBERS,FRANKED MAIL,1.42,1.42,Frederica S. Wilson,D,FL,24,119,2026Q1,true
W000808,2026 HON. FREDERICA S. WILSON,OFFICIAL EXPENSES OF MEMBERS,PERSONNEL COMPENSATION,323532.3,323532.3,Frederica S. Wilson,D,FL,24,119,2026Q1,true
W000808,2026 HON. FREDERICA S. WILSON,OFFICIAL EXPENSES OF MEMBERS,TRAVEL,12706.36,12706.36,Frederica S. Wilson,D,FL,24,119,2026Q1,true
W000808,2026 HON. FREDERICA S. WILSON,OFFICIAL EXPENSES OF MEMBERS,RENT COMMUNICATION UTILITIES,28056.88,28056.88,Frederica S. Wilson,D,FL,24,119,2026Q1,true
W000808,2026 HON. FREDERICA S. WILSON,OFFICIAL EXPENSES OF MEMBERS,PRINTING AND REPRODUCTION,2938.76,2938.76,Frederica S. Wilson,D,FL,24,119,2026Q1,true
W000808,2026 HON. FREDERICA S. WILSON,OFFICIAL EXPENSES OF MEMBERS,OTHER SERVICES,2044.13,2044.13,Frederica S. Wilson,D,FL,24,119,2026Q1,true
W000808,2026 HON. FREDERICA S. WILSON,OFFICIAL EXPENSES OF MEMBERS,SUPPLIES AND MATERIALS,5338.2,5338.2,Frederica S. Wilson,D,FL,24,119,2026Q1,true
W000808,2026 HON. FREDERICA S. WILSON,OFFICIAL EXPENSES OF MEMBERS,EQUIPMENT,744,744,Frederica S. Wilson,D,FL,24,119,2026Q1,true
W000808,2026 HON. FREDERICA S. WILSON,INTERN ALLOWANCES,PERSONNEL COMPENSATION,5808.33,5808.33,Frederica S. Wilson,D,FL,24,119,2026Q1,true
W000795,2026 HON. JOE WILSON,OFFICIAL EXPENSES OF MEMBERS,FRANKED MAIL,25898.62,25898.62,Joe Wilson,R,SC,2,119,2026Q1,true
W000795,2026 HON. JOE WILSON,OFFICIAL EXPENSES OF MEMBERS,PERSONNEL COMPENSATION,389333.33,389333.33,Joe Wilson,R,SC,2,119,2026Q1,true
W000795,2026 HON. JOE WILSON,OFFICIAL EXPENSES OF MEMBERS,TRAVEL,12214.77,12214.77,Joe Wilson,R,SC,2,119,2026Q1,true
W000795,2026 HON. JOE WILSON,OFFICIAL EXPENSES OF MEMBERS,TRANSPORTATION OF THINGS,3,3,Joe Wilson,R,SC,2,119,2026Q1,true
W000795,2026 HON. JOE WILSON,OFFICIAL EXPENSES OF MEMBERS,RENT COMMUNICATION UTILITIES,19815.5,19815.5,Joe Wilson,R,SC,2,119,2026Q1,true
W000795,2026 HON. JOE WILSON,OFFICIAL EXPENSES OF MEMBERS,PRINTING AND REPRODUCTION,2148.78,2148.78,Joe Wilson,R,SC,2,119,2026Q1,true
W000795,2026 HON. JOE WILSON,OFFICIAL EXPENSES OF MEMBERS,OTHER SERVICES,12284.49,12284.49,Joe Wilson,R,SC,2,119,2026Q1,true
W000795,2026 HON. JOE WILSON,OFFICIAL EXPENSES OF MEMBERS,SUPPLIES AND MATERIALS,4304.73,4304.73,Joe Wilson,R,SC,2,119,2026Q1,true
W000795,2026 HON. JOE WILSON,OFFICIAL EXPENSES OF MEMBERS,EQUIPMENT,1401,1401,Joe Wilson,R,SC,2,119,2026Q1,true
W000795,2026 HON. JOE WILSON,INTERN ALLOWANCES,PERSONNEL COMPENSATION,5433.34,5433.34,Joe Wilson,R,SC,2,119,2026Q1,true
W000804,2026 HON. ROBERT J. WITTMAN,OFFICIAL EXPENSES OF MEMBERS,FRANKED MAIL,93.52,93.52,Robert J. Wittman,R,VA,1,119,2026Q1,true
W000804,2026 HON. ROBERT J. WITTMAN,OFFICIAL EXPENSES OF MEMBERS,PERSONNEL COMPENSATION,288622.23,288622.23,Robert J. Wittman,R,VA,1,119,2026Q1,true
W000804,2026 HON. ROBERT J. WITTMAN,OFFICIAL EXPENSES OF MEMBERS,TRAVEL,3978.33,3978.33,Robert J. Wittman,R,VA,1,119,2026Q1,true
W000804,2026 HON. ROBERT J. WITTMAN,OFFICIAL EXPENSES OF MEMBERS,RENT COMMUNICATION UTILITIES,6532.62,6532.62,Robert J. Wittman,R,VA,1,119,2026Q1,true
W000804,2026 HON. ROBERT J. WITTMAN,OFFICIAL EXPENSES OF MEMBERS,PRINTING AND REPRODUCTION,1039.7,1039.7,Robert J. Wittman,R,VA,1,119,2026Q1,true
W000804,2026 HON. ROBERT J. WITTMAN,OFFICIAL EXPENSES OF MEMBERS,OTHER SERVICES,1984.78,1984.78,Robert J. Wittman,R,VA,1,119,2026Q1,true
W000804,2026 HON. ROBERT J. WITTMAN,OFFICIAL EXPENSES OF MEMBERS,SUPPLIES AND MATERIALS,1841.33,1841.33,Robert J. Wittman,R,VA,1,119,2026Q1,true
W000804,2026 HON. ROBERT J. WITTMAN,OFFICIAL EXPENSES OF MEMBERS,EQUIPMENT,1553,1553,Robert J. Wittman,R,VA,1,119,2026Q1,true
W000804,2026 HON. ROBERT J. WITTMAN,INTERN ALLOWANCES,PERSONNEL COMPENSATION,8600.01,8600.01,Robert J. Wittman,R,VA,1,119,2026Q1,true
W000809,2026 HON. STEVE WOMACK,OFFICIAL EXPENSES OF MEMBERS,FRANKED MAIL,6940.2,6940.2,Steve Womack,R,AR,3,119,2026Q1,true
W000809,2026 HON. STEVE WOMACK,OFFICIAL EXPENSES OF MEMBERS,PERSONNEL COMPENSATION,313516.55,313516.55,Steve Womack,R,AR,3,119,2026Q1,true
W000809,2026 HON. STEVE WOMACK,OFFICIAL EXPENSES OF MEMBERS,TRAVEL,25808.44,25808.44,Steve Womack,R,AR,3,119,2026Q1,true
W000809,2026 HON. STEVE WOMACK,OFFICIAL EXPENSES OF MEMBERS,RENT COMMUNICATION UTILITIES,11529.16,11529.16,Steve Womack,R,AR,3,119,2026Q1,true
W000809,2026 HON. STEVE WOMACK,OFFICIAL EXPENSES OF MEMBERS,PRINTING AND REPRODUCTION,606.54,606.54,Steve Womack,R,AR,3,119,2026Q1,true
W000809,2026 HON. STEVE WOMACK,OFFICIAL EXPENSES OF MEMBERS,OTHER SERVICES,173.07,173.07,Steve Womack,R,AR,3,119,2026Q1,true
W000809,2026 HON. STEVE WOMACK,OFFICIAL EXPENSES OF MEMBERS,SUPPLIES AND MATERIALS,2552.2,2552.2,Steve Womack,R,AR,3,119,2026Q1,true
W000809,2026 HON. STEVE WOMACK,OFFICIAL EXPENSES OF MEMBERS,EQUIPMENT,12728.04,12728.04,Steve Womack,R,AR,3,119,2026Q1,true
W000809,2026 HON. STEVE WOMACK,INTERN ALLOWANCES,PERSONNEL COMPENSATION,9735.28,9735.28,Steve Womack,R,AR,3,119,2026Q1,true
Y000067,2026 HON. RUDY YAKYM III,OFFICIAL EXPENSES OF MEMBERS,FRANKED MAIL,391.81,391.81,Rudy Yakym III,R,IN,2,119,2026Q1,true
Y000067,2026 HON. RUDY YAKYM III,OFFICIAL EXPENSES OF MEMBERS,PERSONNEL COMPENSATION,307682.24,307682.24,Rudy Yakym III,R,IN,2,119,2026Q1,true
Y000067,2026 HON. RUDY YAKYM III,OFFICIAL EXPENSES OF MEMBERS,TRAVEL,5263.42,5263.42,Rudy Yakym III,R,IN,2,119,2026Q1,true
Y000067,2026 HON. RUDY YAKYM III,OFFICIAL EXPENSES OF MEMBERS,RENT COMMUNICATION UTILITIES,7044.64,7044.64,Rudy Yakym III,R,IN,2,119,2026Q1,true
Y000067,2026 HON. RUDY YAKYM III,OFFICIAL EXPENSES OF MEMBERS,PRINTING AND REPRODUCTION,959.3,959.3,Rudy Yakym III,R,IN,2,119,2026Q1,true
Y000067,2026 HON. RUDY YAKYM III,OFFICIAL EXPENSES OF MEMBERS,OTHER SERVICES,8378.37,8378.37,Rudy Yakym III,R,IN,2,119,2026Q1,true
Y000067,2026 HON. RUDY YAKYM III,OFFICIAL EXPENSES OF MEMBERS,SUPPLIES AND MATERIALS,3066.05,3066.05,Rudy Yakym III,R,IN,2,119,2026Q1,true
Y000067,2026 HON. RUDY YAKYM III,OFFICIAL EXPENSES OF MEMBERS,EQUIPMENT,4189,4189,Rudy Yakym III,R,IN,2,119,2026Q1,true
Y000067,2026 HON. RUDY YAKYM III,INTERN ALLOWANCES,PERSONNEL COMPENSATION,12699.99,12699.99,Rudy Yakym III,R,IN,2,119,2026Q1,true
Z000018,2026 HON. RYAN ZINKE,OFFICIAL EXPENSES OF MEMBERS,FRANKED MAIL,-2.6,-2.6,Ryan K. Zinke,R,MT,1,119,2026Q1,true
Z000018,2026 HON. RYAN ZINKE,OFFICIAL EXPENSES OF MEMBERS,PERSONNEL COMPENSATION,292582.22,292582.22,Ryan K. Zinke,R,MT,1,119,2026Q1,true
Z000018,2026 HON. RYAN ZINKE,OFFICIAL EXPENSES OF MEMBERS,TRAVEL,48192.45,48192.45,Ryan K. Zinke,R,MT,1,119,2026Q1,true
Z000018,2026 HON. RYAN ZINKE,OFFICIAL EXPENSES OF MEMBERS,RENT COMMUNICATION UTILITIES,20542.27,20542.27,Ryan K. Zinke,R,MT,1,119,2026Q1,true
Z000018,2026 HON. RYAN ZINKE,OFFICIAL EXPENSES OF MEMBERS,PRINTING AND REPRODUCTION,64.7,64.7,Ryan K. Zinke,R,MT,1,119,2026Q1,true
Z000018,2026 HON. RYAN ZINKE,OFFICIAL EXPENSES OF MEMBERS,OTHER SERVICES,6305.68,6305.68,Ryan K. Zinke,R,MT,1,119,2026Q1,true
Z000018,2026 HON. RYAN ZINKE,OFFICIAL EXPENSES OF MEMBERS,SUPPLIES AND MATERIALS,1760.85,1760.85,Ryan K. Zinke,R,MT,1,119,2026Q1,true
Z000018,2026 HON. RYAN ZINKE,OFFICIAL EXPENSES OF MEMBERS,EQUIPMENT,360,360,Ryan K. Zinke,R,MT,1,119,2026Q1,true
Z000018,2026 HON. RYAN ZINKE,INTERN ALLOWANCES,PERSONNEL COMPENSATION,6200,6200,Ryan K. Zinke,R,MT,1,119,2026Q1,true
,2026 ASIAN PACIFIC AMERICAN CAUCUS,OFFICIAL EXPENSES OF MEMBERS,PERSONNEL COMPENSATION,70914.19,70914.19,,,,,119,2026Q1,false
,2026 ASIAN PACIFIC AMERICAN CAUCUS,OFFICIAL EXPENSES OF MEMBERS,RENT COMMUNICATION UTILITIES,474.36,474.36,,,,,119,2026Q1,false
,2026 ASIAN PACIFIC AMERICAN CAUCUS,OFFICIAL EXPENSES OF MEMBERS,SUPPLIES AND MATERIALS,71.64,71.64,,,,,119,2026Q1,false
,2026 ASIAN PACIFIC AMERICAN CAUCUS,ECMO TRANSPORTATION,TRAVEL,11.19,11.19,,,,,119,2026Q1,false
,2026 CONGRESSIONAL BLACK CAUCUS,OFFICIAL EXPENSES OF MEMBERS,PERSONNEL COMPENSATION,123477.82,123477.82,,,,,119,2026Q1,false
,2026 CONGRESSIONAL BLACK CAUCUS,OFFICIAL EXPENSES OF MEMBERS,RENT COMMUNICATION UTILITIES,3528.58,3528.58,,,,,119,2026Q1,false
,2026 CONGRESSIONAL BLACK CAUCUS,OFFICIAL EXPENSES OF MEMBERS,PRINTING AND REPRODUCTION,120,120,,,,,119,2026Q1,false
,2026 CONGRESSIONAL BLACK CAUCUS,OFFICIAL EXPENSES OF MEMBERS,OTHER SERVICES,850,850,,,,,119,2026Q1,false
,2026 CONGRESSIONAL BLACK CAUCUS,OFFICIAL EXPENSES OF MEMBERS,SUPPLIES AND MATERIALS,10716.8,10716.8,,,,,119,2026Q1,false
,2026 CONGRESSIONAL BLACK CAUCUS,OFFICIAL EXPENSES OF MEMBERS,EQUIPMENT,1855,1855,,,,,119,2026Q1,false
,2026 CONGRESSIONAL HISPANIC CAUCUS,OFFICIAL EXPENSES OF MEMBERS,PERSONNEL COMPENSATION,87706.66,87706.66,,,,,119,2026Q1,false
,2026 CONGRESSIONAL HISPANIC CAUCUS,OFFICIAL EXPENSES OF MEMBERS,RENT COMMUNICATION UTILITIES,541.72,541.72,,,,,119,2026Q1,false
,2026 CONGRESSIONAL HISPANIC CAUCUS,OFFICIAL EXPENSES OF MEMBERS,PRINTING AND REPRODUCTION,100,100,,,,,119,2026Q1,false
,2026 CONGRESSIONAL LABOR CAUCUS,OFFICIAL EXPENSES OF MEMBERS,PERSONNEL COMPENSATION,43349.98,43349.98,,,,,119,2026Q1,false
,2026 CONGRESSIONAL LABOR CAUCUS,OFFICIAL EXPENSES OF MEMBERS,RENT COMMUNICATION UTILITIES,202.16,202.16,,,,,119,2026Q1,false
,2026 CONGRESSIONAL LABOR CAUCUS,OFFICIAL EXPENSES OF MEMBERS,OTHER SERVICES,84.27,84.27,,,,,119,2026Q1,false
,2026 CONGRESSIONAL LABOR CAUCUS,OFFICIAL EXPENSES OF MEMBERS,SUPPLIES AND MATERIALS,1836.21,1836.21,,,,,119,2026Q1,false
,2026 CONGRESSIONAL PROCHOICE CAUCUS,OFFICIAL EXPENSES OF MEMBERS,PERSONNEL COMPENSATION,45026.66,45026.66,,,,,119,2026Q1,false
,2026 CONGRESSIONAL PROCHOICE CAUCUS,OFFICIAL EXPENSES OF MEMBERS,SUPPLIES AND MATERIALS,351.87,351.87,,,,,119,2026Q1,false
,2026 CONGRESSIONAL PROGRESSIVE CAUCUS,OFFICIAL EXPENSES OF MEMBERS,PERSONNEL COMPENSATION,107555.57,107555.57,,,,,119,2026Q1,false
,2026 CONGRESSIONAL PROGRESSIVE CAUCUS,OFFICIAL EXPENSES OF MEMBERS,RENT COMMUNICATION UTILITIES,1181.99,1181.99,,,,,119,2026Q1,false
,2026 CONGRESSIONAL PROGRESSIVE CAUCUS,OFFICIAL EXPENSES OF MEMBERS,SUPPLIES AND MATERIALS,1018.81,1018.81,,,,,119,2026Q1,false
,2026 CONGRESSIONAL PROGRESSIVE CAUCUS,OFFICIAL EXPENSES OF MEMBERS,EQUIPMENT,2799,2799,,,,,119,2026Q1,false
,2026 CONGRESSIONAL WESTERN CAUCUS,OFFICIAL EXPENSES OF MEMBERS,PERSONNEL COMPENSATION,100355.54,100355.54,,,,,119,2026Q1,false
,2026 CONGRESSIONAL WESTERN CAUCUS,OFFICIAL EXPENSES OF MEMBERS,OTHER SERVICES,1168,1168,,,,,119,2026Q1,false
,2026 CONGRESSIONAL WESTERN CAUCUS,OFFICIAL EXPENSES OF MEMBERS,SUPPLIES AND MATERIALS,4104.46,4104.46,,,,,119,2026Q1,false
,2026 DEMOCRATIC WOMENS CAUCUS,OFFICIAL EXPENSES OF MEMBERS,PERSONNEL COMPENSATION,94981.67,94981.67,,,,,119,2026Q1,false
,2026 DEMOCRATIC WOMENS CAUCUS,OFFICIAL EXPENSES OF MEMBERS,RENT COMMUNICATION UTILITIES,1841.6,1841.6,,,,,119,2026Q1,false
,2026 DEMOCRATIC WOMENS CAUCUS,OFFICIAL EXPENSES OF MEMBERS,PRINTING AND REPRODUCTION,100,100,,,,,119,2026Q1,false
,2026 DEMOCRATIC WOMENS CAUCUS,OFFICIAL EXPENSES OF MEMBERS,OTHER SERVICES,3206,3206,,,,,119,2026Q1,false
,2026 DEMOCRATIC WOMENS CAUCUS,OFFICIAL EXPENSES OF MEMBERS,SUPPLIES AND MATERIALS,1000.77,1000.77,,,,,119,2026Q1,false
,2026 DEMOCRATIC WOMENS CAUCUS,ECMO TRANSPORTATION,TRAVEL,211.12,211.12,,,,,119,2026Q1,false
,2026 EQUALITY CAUCUS,OFFICIAL EXPENSES OF MEMBERS,PERSONNEL COMPENSATION,59522.24,59522.24,,,,,119,2026Q1,false
,2026 EQUALITY CAUCUS,OFFICIAL EXPENSES OF MEMBERS,RENT COMMUNICATION UTILITIES,228.1,228.1,,,,,119,2026Q1,false
,2026 EQUALITY CAUCUS,OFFICIAL EXPENSES OF MEMBERS,OTHER SERVICES,1562.01,1562.01,,,,,119,2026Q1,false
,2026 EQUALITY CAUCUS,OFFICIAL EXPENSES OF MEMBERS,SUPPLIES AND MATERIALS,308.15,308.15,,,,,119,2026Q1,false
,2026 EQUALITY CAUCUS,ECMO TRANSPORTATION,TRAVEL,10.98,10.98,,,,,119,2026Q1,false
,2026 NEW DEMOCRAT COALITION,OFFICIAL EXPENSES OF MEMBERS,PERSONNEL COMPENSATION,151738.87,151738.87,,,,,119,2026Q1,false
,2026 NEW DEMOCRAT COALITION,OFFICIAL EXPENSES OF MEMBERS,RENT COMMUNICATION UTILITIES,1420,1420,,,,,119,2026Q1,false
,2026 NEW DEMOCRAT COALITION,OFFICIAL EXPENSES OF MEMBERS,OTHER SERVICES,2953.09,2953.09,,,,,119,2026Q1,false
,2026 NEW DEMOCRAT COALITION,OFFICIAL EXPENSES OF MEMBERS,SUPPLIES AND MATERIALS,1379.5,1379.5,,,,,119,2026Q1,false
,2026 NEW DEMOCRAT COALITION,OFFICIAL EXPENSES OF MEMBERS,EQUIPMENT,1994,1994,,,,,119,2026Q1,false
,2026 PROBLEM SOLVERS CAUCUS,OFFICIAL EXPENSES OF MEMBERS,PERSONNEL COMPENSATION,50957.41,50957.41,,,,,119,2026Q1,false
,2026 PROBLEM SOLVERS CAUCUS,OFFICIAL EXPENSES OF MEMBERS,RENT COMMUNICATION UTILITIES,877.26,877.26,,,,,119,2026Q1,false
,2026 PROBLEM SOLVERS CAUCUS,OFFICIAL EXPENSES OF MEMBERS,OTHER SERVICES,138,138,,,,,119,2026Q1,false
,2026 PROBLEM SOLVERS CAUCUS,OFFICIAL EXPENSES OF MEMBERS,SUPPLIES AND MATERIALS,765.53,765.53,,,,,119,2026Q1,false
,2026 REPUBLICAN MAIN STREET CAUCUS,OFFICIAL EXPENSES OF MEMBERS,PERSONNEL COMPENSATION,41947.23,41947.23,,,,,119,2026Q1,false
,2026 REPUBLICAN MAIN STREET CAUCUS,OFFICIAL EXPENSES OF MEMBERS,RENT COMMUNICATION UTILITIES,538.58,538.58,,,,,119,2026Q1,false
,2026 REPUBLICAN MAIN STREET CAUCUS,OFFICIAL EXPENSES OF MEMBERS,PRINTING AND REPRODUCTION,1880,1880,,,,,119,2026Q1,false
,2026 REPUBLICAN MAIN STREET CAUCUS,OFFICIAL EXPENSES OF MEMBERS,SUPPLIES AND MATERIALS,6361.98,6361.98,,,,,119,2026Q1,false
,2026 REPUBLICAN STUDY COMMITTEE,OFFICIAL EXPENSES OF MEMBERS,PERSONNEL COMPENSATION,304652.16,304652.16,,,,,119,2026Q1,false
,2026 REPUBLICAN STUDY COMMITTEE,OFFICIAL EXPENSES OF MEMBERS,TRAVEL,15,15,,,,,119,2026Q1,false
,2026 REPUBLICAN STUDY COMMITTEE,OFFICIAL EXPENSES OF MEMBERS,RENT COMMUNICATION UTILITIES,1842.49,1842.49,,,,,119,2026Q1,false
,2026 REPUBLICAN STUDY COMMITTEE,OFFICIAL EXPENSES OF MEMBERS,PRINTING AND REPRODUCTION,158,158,,,,,119,2026Q1,false
,2026 REPUBLICAN STUDY COMMITTEE,OFFICIAL EXPENSES OF MEMBERS,OTHER SERVICES,6304.59,6304.59,,,,,119,2026Q1,false
,2026 REPUBLICAN STUDY COMMITTEE,OFFICIAL EXPENSES OF MEMBERS,SUPPLIES AND MATERIALS,1470.4,1470.4,,,,,119,2026Q1,false
,2026 REPUBLICAN STUDY COMMITTEE,OFFICIAL EXPENSES OF MEMBERS,EQUIPMENT,3079.06,3079.06,,,,,119,2026Q1,false
,2026 SUSTAINABLE ENERGY & ENVIRONMENT,OFFICIAL EXPENSES OF MEMBERS,PERSONNEL COMPENSATION,47642.22,47642.22,,,,,119,2026Q1,false
,2026 SUSTAINABLE ENERGY & ENVIRONMENT,OFFICIAL EXPENSES OF MEMBERS,RENT COMMUNICATION UTILITIES,151.62,151.62,,,,,119,2026Q1,false
,2026 SUSTAINABLE ENERGY & ENVIRONMENT,OFFICIAL EXPENSES OF MEMBERS,SUPPLIES AND MATERIALS,498.53,498.53,,,,,119,2026Q1,false
,2026 VALUE ACTIONS TEAM,OFFICIAL EXPENSES OF MEMBERS,PERSONNEL COMPENSATION,69666.7,69666.7,,,,,119,2026Q1,false
,2026 OTHER ADMINISTRATION,OFFICIAL EXPENSES OF MEMBERS,FRANKED MAIL,6940,6940,,,,,119,2026Q1,false
,2026 OTHER ADMINISTRATION,OFFICIAL EXPENSES OF MEMBERS,RENT COMMUNICATION UTILITIES,29244,29244,,,,,119,2026Q1,false
,2026 OTHER ADMINISTRATION,OFFICIAL EXPENSES OF MEMBERS,OTHER SERVICES,1272.88,1272.88,,,,,119,2026Q1,false
,FISCAL YEAR 2026 COMMITTEE ON APPROPRIATIONS,APPROPRIATIONS COMMITTEE,TRAVEL,1018.53,1018.53,,,,,119,2026Q1,false
,FISCAL YEAR 2026 COMMITTEE ON APPROPRIATIONS,APPROPRIATIONS COMMITTEE,TRANSPORTATION OF THINGS,16.25,16.25,,,,,119,2026Q1,false
,FISCAL YEAR 2026 COMMITTEE ON APPROPRIATIONS,APPROPRIATIONS COMMITTEE,RENT COMMUNICATION UTILITIES,64202.25,38972.08,,,,,119,2026Q1,false
,FISCAL YEAR 2026 COMMITTEE ON APPROPRIATIONS,APPROPRIATIONS COMMITTEE,PRINTING AND REPRODUCTION,852,772,,,,,119,2026Q1,false
,FISCAL YEAR 2026 COMMITTEE ON APPROPRIATIONS,APPROPRIATIONS COMMITTEE,OTHER SERVICES,95572.77,48379.77,,,,,119,2026Q1,false
,FISCAL YEAR 2026 COMMITTEE ON APPROPRIATIONS,APPROPRIATIONS COMMITTEE,SUPPLIES AND MATERIALS,25871.32,19285.19,,,,,119,2026Q1,false
,FISCAL YEAR 2026 COMMITTEE ON APPROPRIATIONS,APPROPRIATIONS COMMITTEE,EQUIPMENT,16818.62,16818.62,,,,,119,2026Q1,false
,FISCAL YEAR 2026 COMMITTEE ON APPROPRIATIONS,INTERN ALLOWANCES,PERSONNEL COMPENSATION,89916.15,57597.57,,,,,119,2026Q1,false
,2026 COMMITTEE ON BUDGET,GENERAL EXPENDITURES,PERSONNEL COMPENSATION,1063678.06,1063678.06,,,,,119,2026Q1,false
,2026 COMMITTEE ON BUDGET,GENERAL EXPENDITURES,TRAVEL,36.94,36.94,,,,,119,2026Q1,false
,2026 COMMITTEE ON BUDGET,GENERAL EXPENDITURES,RENT COMMUNICATION UTILITIES,6788.26,6788.26,,,,,119,2026Q1,false
,2026 COMMITTEE ON BUDGET,GENERAL EXPENDITURES,PRINTING AND REPRODUCTION,192,192,,,,,119,2026Q1,false
,2026 COMMITTEE ON BUDGET,GENERAL EXPENDITURES,OTHER SERVICES,350.62,350.62,,,,,119,2026Q1,false
,2026 COMMITTEE ON BUDGET,GENERAL EXPENDITURES,SUPPLIES AND MATERIALS,17214.17,17214.17,,,,,119,2026Q1,false
,2026 COMMITTEE ON BUDGET,GENERAL EXPENDITURES,EQUIPMENT,5173.24,5173.24,,,,,119,2026Q1,false
,2026 COMMITTEE ON BUDGET,INTERN ALLOWANCES,PERSONNEL COMPENSATION,8675.83,8675.83,,,,,119,2026Q1,false
,2026 COMMITTEE ON AGRICULTURE,GENERAL EXPENDITURES,PERSONNEL COMPENSATION,1383836.23,1383836.23,,,,,119,2026Q1,false
,2026 COMMITTEE ON AGRICULTURE,GENERAL EXPENDITURES,TRAVEL,19095.46,19095.46,,,,,119,2026Q1,false
,2026 COMMITTEE ON AGRICULTURE,GENERAL EXPENDITURES,RENT COMMUNICATION UTILITIES,9271.64,9271.64,,,,,119,2026Q1,false
,2026 COMMITTEE ON AGRICULTURE,GENERAL EXPENDITURES,PRINTING AND REPRODUCTION,765.15,765.15,,,,,119,2026Q1,false
,2026 COMMITTEE ON AGRICULTURE,GENERAL EXPENDITURES,OTHER SERVICES,445.14,445.14,,,,,119,2026Q1,false
,2026 COMMITTEE ON AGRICULTURE,GENERAL EXPENDITURES,SUPPLIES AND MATERIALS,4546.49,4546.49,,,,,119,2026Q1,false
,2026 COMMITTEE ON AGRICULTURE,GENERAL EXPENDITURES,EQUIPMENT,4836,4836,,,,,119,2026Q1,false
,2026 COMMITTEE ON AGRICULTURE,INTERN ALLOWANCES,PERSONNEL COMPENSATION,23380.55,23380.55,,,,,119,2026Q1,false
,2026 ARMED SERVICES COMMITTEE,GENERAL EXPENDITURES,PERSONNEL COMPENSATION,2404964.19,2404964.19,,,,,119,2026Q1,false
,2026 ARMED SERVICES COMMITTEE,GENERAL EXPENDITURES,TRAVEL,92.82,92.82,,,,,119,2026Q1,false
,2026 ARMED SERVICES COMMITTEE,GENERAL EXPENDITURES,RENT COMMUNICATION UTILITIES,8403.35,8403.35,,,,,119,2026Q1,false
,2026 ARMED SERVICES COMMITTEE,GENERAL EXPENDITURES,PRINTING AND REPRODUCTION,3865,3865,,,,,119,2026Q1,false
,2026 ARMED SERVICES COMMITTEE,GENERAL EXPENDITURES,OTHER SERVICES,1390.4,1390.4,,,,,119,2026Q1,false
,2026 ARMED SERVICES COMMITTEE,GENERAL EXPENDITURES,SUPPLIES AND MATERIALS,6045.72,6045.72,,,,,119,2026Q1,false
,2026 ARMED SERVICES COMMITTEE,GENERAL EXPENDITURES,EQUIPMENT,4198,4198,,,,,119,2026Q1,false
,2026 COMMITTEE ON FINANCIAL SERVICES,GENERAL EXPENDITURES,PERSONNEL COMPENSATION,2181402.53,2181402.53,,,,,119,2026Q1,false
,2026 COMMITTEE ON FINANCIAL SERVICES,GENERAL EXPENDITURES,TRAVEL,9032.17,9032.17,,,,,119,2026Q1,false
,2026 COMMITTEE ON FINANCIAL SERVICES,GENERAL EXPENDITURES,RENT COMMUNICATION UTILITIES,12143.07,12143.07,,,,,119,2026Q1,false
,2026 COMMITTEE ON FINANCIAL SERVICES,GENERAL EXPENDITURES,PRINTING AND REPRODUCTION,1112.72,1112.72,,,,,119,2026Q1,false
,2026 COMMITTEE ON FINANCIAL SERVICES,GENERAL EXPENDITURES,OTHER SERVICES,3050,3050,,,,,119,2026Q1,false
,2026 COMMITTEE ON FINANCIAL SERVICES,GENERAL EXPENDITURES,SUPPLIES AND MATERIALS,60539.81,60539.81,,,,,119,2026Q1,false
,2026 COMMITTEE ON FINANCIAL SERVICES,GENERAL EXPENDITURES,EQUIPMENT,12811.17,12811.17,,,,,119,2026Q1,false
,2026 COMMITTEE ON FINANCIAL SERVICES,INTERN ALLOWANCES,PERSONNEL COMPENSATION,10000,10000,,,,,119,2026Q1,false
,2026 COMMITTEE ON EDUCATION AND WORKFORCE,GENERAL EXPENDITURES,PERSONNEL COMPENSATION,1905235.94,1905235.94,,,,,119,2026Q1,false
,2026 COMMITTEE ON EDUCATION AND WORKFORCE,GENERAL EXPENDITURES,TRAVEL,17368.92,17368.92,,,,,119,2026Q1,false
,2026 COMMITTEE ON EDUCATION AND WORKFORCE,GENERAL EXPENDITURES,RENT COMMUNICATION UTILITIES,11278.79,11278.79,,,,,119,2026Q1,false
,2026 COMMITTEE ON EDUCATION AND WORKFORCE,GENERAL EXPENDITURES,PRINTING AND REPRODUCTION,170,170,,,,,119,2026Q1,false
,2026 COMMITTEE ON EDUCATION AND WORKFORCE,GENERAL EXPENDITURES,OTHER SERVICES,1184.5,1184.5,,,,,119,2026Q1,false
,2026 COMMITTEE ON EDUCATION AND WORKFORCE,GENERAL EXPENDITURES,SUPPLIES AND MATERIALS,22535.01,22535.01,,,,,119,2026Q1,false
,2026 COMMITTEE ON EDUCATION AND WORKFORCE,GENERAL EXPENDITURES,EQUIPMENT,4709.94,4709.94,,,,,119,2026Q1,false
,2026 COMMITTEE ON EDUCATION AND WORKFORCE,INTERN ALLOWANCES,PERSONNEL COMPENSATION,31084.7,31084.7,,,,,119,2026Q1,false
,2026 COMMITTEE ON ENERGY & COMMERCE,GENERAL EXPENDITURES,PERSONNEL COMPENSATION,1785091.03,1785091.03,,,,,119,2026Q1,false
,2026 COMMITTEE ON ENERGY & COMMERCE,GENERAL EXPENDITURES,TRAVEL,310.35,310.35,,,,,119,2026Q1,false
,2026 COMMITTEE ON ENERGY & COMMERCE,GENERAL EXPENDITURES,RENT COMMUNICATION UTILITIES,9323.14,9323.14,,,,,119,2026Q1,false
,2026 COMMITTEE ON ENERGY & COMMERCE,GENERAL EXPENDITURES,PRINTING AND REPRODUCTION,416,416,,,,,119,2026Q1,false
,2026 COMMITTEE ON ENERGY & COMMERCE,GENERAL EXPENDITURES,OTHER SERVICES,2542.73,2542.73,,,,,119,2026Q1,false
,2026 COMMITTEE ON ENERGY & COMMERCE,GENERAL EXPENDITURES,SUPPLIES AND MATERIALS,17135.2,17135.2,,,,,119,2026Q1,false
,2026 COMMITTEE ON ENERGY & COMMERCE,GENERAL EXPENDITURES,EQUIPMENT,7269.18,7269.18,,,,,119,2026Q1,false
,2026 COMMITTEE ON ENERGY & COMMERCE,INTERN ALLOWANCES,PERSONNEL COMPENSATION,12117.33,12117.33,,,,,119,2026Q1,false
,2026 COMM ON ENERGY & COMMERCE-MIN,GENERAL EXPENDITURES,PERSONNEL COMPENSATION,1200330.65,1200330.65,,,,,119,2026Q1,false
,2026 COMM ON ENERGY & COMMERCE-MIN,GENERAL EXPENDITURES,RENT COMMUNICATION UTILITIES,6546.54,6546.54,,,,,119,2026Q1,false
,2026 COMM ON ENERGY & COMMERCE-MIN,GENERAL EXPENDITURES,OTHER SERVICES,2302.5,2302.5,,,,,119,2026Q1,false
,2026 COMM ON ENERGY & COMMERCE-MIN,GENERAL EXPENDITURES,SUPPLIES AND MATERIALS,10761.85,10761.85,,,,,119,2026Q1,false
,2026 COMM ON ENERGY & COMMERCE-MIN,GENERAL EXPENDITURES,EQUIPMENT,2080,2080,,,,,119,2026Q1,false
,2026 COMM ON ENERGY & COMMERCE-MIN,INTERN ALLOWANCES,PERSONNEL COMPENSATION,38799.45,38799.45,,,,,119,2026Q1,false
,2026 COMMITTEE ON OVERSIGHT AND ACCOUNTABILITY,GENERAL EXPENDITURES,PERSONNEL COMPENSATION,3043451.71,3043451.71,,,,,119,2026Q1,false
,2026 COMMITTEE ON OVERSIGHT AND ACCOUNTABILITY,GENERAL EXPENDITURES,TRAVEL,70097.12,70097.12,,,,,119,2026Q1,false
,2026 COMMITTEE ON OVERSIGHT AND ACCOUNTABILITY,GENERAL EXPENDITURES,RENT COMMUNICATION UTILITIES,25096.6,25096.6,,,,,119,2026Q1,false
,2026 COMMITTEE ON OVERSIGHT AND ACCOUNTABILITY,GENERAL EXPENDITURES,PRINTING AND REPRODUCTION,2464.26,2464.26,,,,,119,2026Q1,false
,2026 COMMITTEE ON OVERSIGHT AND ACCOUNTABILITY,GENERAL EXPENDITURES,OTHER SERVICES,1249.99,1249.99,,,,,119,2026Q1,false
,2026 COMMITTEE ON OVERSIGHT AND ACCOUNTABILITY,GENERAL EXPENDITURES,SUPPLIES AND MATERIALS,35894.48,35894.48,,,,,119,2026Q1,false
,2026 COMMITTEE ON OVERSIGHT AND ACCOUNTABILITY,GENERAL EXPENDITURES,EQUIPMENT,9179,9179,,,,,119,2026Q1,false
,2026 COMMITTEE ON OVERSIGHT AND ACCOUNTABILITY,INTERN ALLOWANCES,PERSONNEL COMPENSATION,55794.24,55794.24,,,,,119,2026Q1,false
,2026 HOUSE ADMINISTRATION,GENERAL EXPENDITURES,PERSONNEL COMPENSATION,1427806.66,1427806.66,,,,,119,2026Q1,false
,2026 HOUSE ADMINISTRATION,GENERAL EXPENDITURES,TRAVEL,12704.61,12704.61,,,,,119,2026Q1,false
,2026 HOUSE ADMINISTRATION,GENERAL EXPENDITURES,RENT COMMUNICATION UTILITIES,10066.97,10066.97,,,,,119,2026Q1,false
,2026 HOUSE ADMINISTRATION,GENERAL EXPENDITURES,PRINTING AND REPRODUCTION,962.5,962.5,,,,,119,2026Q1,false
,2026 HOUSE ADMINISTRATION,GENERAL EXPENDITURES,OTHER SERVICES,2858.3,2858.3,,,,,119,2026Q1,false
,2026 HOUSE ADMINISTRATION,GENERAL EXPENDITURES,SUPPLIES AND MATERIALS,6811.79,6811.79,,,,,119,2026Q1,false
,2026 HOUSE ADMINISTRATION,GENERAL EXPENDITURES,EQUIPMENT,6372.18,6372.18,,,,,119,2026Q1,false
,2026 HOUSE ADMINISTRATION,INTERN ALLOWANCES,PERSONNEL COMPENSATION,1655,1655,,,,,119,2026Q1,false
,2026 COMMITTEE ON NATURAL RESOURCES,GENERAL EXPENDITURES,PERSONNEL COMPENSATION,1765717.61,1765717.61,,,,,119,2026Q1,false
,2026 COMMITTEE ON NATURAL RESOURCES,GENERAL EXPENDITURES,TRAVEL,4157.67,4157.67,,,,,119,2026Q1,false
,2026 COMMITTEE ON NATURAL RESOURCES,GENERAL EXPENDITURES,RENT COMMUNICATION UTILITIES,8513.77,8513.77,,,,,119,2026Q1,false
,2026 COMMITTEE ON NATURAL RESOURCES,GENERAL EXPENDITURES,PRINTING AND REPRODUCTION,517.4,517.4,,,,,119,2026Q1,false
,2026 COMMITTEE ON NATURAL RESOURCES,GENERAL EXPENDITURES,OTHER SERVICES,606.08,606.08,,,,,119,2026Q1,false
,2026 COMMITTEE ON NATURAL RESOURCES,GENERAL EXPENDITURES,SUPPLIES AND MATERIALS,10065.81,10065.81,,,,,119,2026Q1,false
,2026 COMMITTEE ON NATURAL RESOURCES,GENERAL EXPENDITURES,EQUIPMENT,4752,4752,,,,,119,2026Q1,false
,2026 COMMITTEE ON NATURAL RESOURCES,INTERN ALLOWANCES,PERSONNEL COMPENSATION,12628.34,12628.34,,,,,119,2026Q1,false
,2026 COMMITTEE ON FOREIGN AFFAIRS,GENERAL EXPENDITURES,PERSONNEL COMPENSATION,2434928.62,2434928.62,,,,,119,2026Q1,false
,2026 COMMITTEE ON FOREIGN AFFAIRS,GENERAL EXPENDITURES,TRAVEL,303.33,303.33,,,,,119,2026Q1,false
,2026 COMMITTEE ON FOREIGN AFFAIRS,GENERAL EXPENDITURES,RENT COMMUNICATION UTILITIES,3231.07,3231.07,,,,,119,2026Q1,false
,2026 COMMITTEE ON FOREIGN AFFAIRS,GENERAL EXPENDITURES,PRINTING AND REPRODUCTION,924.6,924.6,,,,,119,2026Q1,false
,2026 COMMITTEE ON FOREIGN AFFAIRS,GENERAL EXPENDITURES,SUPPLIES AND MATERIALS,16406.42,16406.42,,,,,119,2026Q1,false
,2026 COMMITTEE ON FOREIGN AFFAIRS,GENERAL EXPENDITURES,EQUIPMENT,8752.26,8752.26,,,,,119,2026Q1,false
,2026 COMMITTEE ON FOREIGN AFFAIRS,INTERN ALLOWANCES,PERSONNEL COMPENSATION,30333.33,30333.33,,,,,119,2026Q1,false
,2026 COMMITTEE ON JUDICIARY,GENERAL EXPENDITURES,PERSONNEL COMPENSATION,2939539.84,2939539.84,,,,,119,2026Q1,false
,2026 COMMITTEE ON JUDICIARY,GENERAL EXPENDITURES,TRAVEL,47721.75,47721.75,,,,,119,2026Q1,false
,2026 COMMITTEE ON JUDICIARY,GENERAL EXPENDITURES,RENT COMMUNICATION UTILITIES,17422.09,17422.09,,,,,119,2026Q1,false
,2026 COMMITTEE ON JUDICIARY,GENERAL EXPENDITURES,PRINTING AND REPRODUCTION,257.7,257.7,,,,,119,2026Q1,false
,2026 COMMITTEE ON JUDICIARY,GENERAL EXPENDITURES,OTHER SERVICES,22954.6,22954.6,,,,,119,2026Q1,false
,2026 COMMITTEE ON JUDICIARY,GENERAL EXPENDITURES,SUPPLIES AND MATERIALS,23446.78,23446.78,,,,,119,2026Q1,false
,2026 COMMITTEE ON JUDICIARY,GENERAL EXPENDITURES,EQUIPMENT,12100.09,12100.09,,,,,119,2026Q1,false
,2026 COMMITTEE ON JUDICIARY,INTERN ALLOWANCES,PERSONNEL COMPENSATION,23410,23410,,,,,119,2026Q1,false
,2026 TRANSPORTATION-INFRASTRUCTURE,GENERAL EXPENDITURES,PERSONNEL COMPENSATION,2297021.74,2297021.74,,,,,119,2026Q1,false
,2026 TRANSPORTATION-INFRASTRUCTURE,GENERAL EXPENDITURES,TRAVEL,27745.12,27745.12,,,,,119,2026Q1,false
,2026 TRANSPORTATION-INFRASTRUCTURE,GENERAL EXPENDITURES,RENT COMMUNICATION UTILITIES,15157.77,15157.77,,,,,119,2026Q1,false
,2026 TRANSPORTATION-INFRASTRUCTURE,GENERAL EXPENDITURES,PRINTING AND REPRODUCTION,691,691,,,,,119,2026Q1,false
,2026 TRANSPORTATION-INFRASTRUCTURE,GENERAL EXPENDITURES,OTHER SERVICES,644.95,644.95,,,,,119,2026Q1,false
,2026 TRANSPORTATION-INFRASTRUCTURE,GENERAL EXPENDITURES,SUPPLIES AND MATERIALS,20041.72,20041.72,,,,,119,2026Q1,false
,2026 TRANSPORTATION-INFRASTRUCTURE,GENERAL EXPENDITURES,EQUIPMENT,6832.02,6832.02,,,,,119,2026Q1,false
,2026 TRANSPORTATION-INFRASTRUCTURE,INTERN ALLOWANCES,PERSONNEL COMPENSATION,21016.66,21016.66,,,,,119,2026Q1,false
,2026 COMMITTEE ON RULES,GENERAL EXPENDITURES,PERSONNEL COMPENSATION,693354.46,693354.46,,,,,119,2026Q1,false
,2026 COMMITTEE ON RULES,GENERAL EXPENDITURES,RENT COMMUNICATION UTILITIES,6547.33,6547.33,,,,,119,2026Q1,false
,2026 COMMITTEE ON RULES,GENERAL EXPENDITURES,PRINTING AND REPRODUCTION,76,76,,,,,119,2026Q1,false
,2026 COMMITTEE ON RULES,GENERAL EXPENDITURES,OTHER SERVICES,28206.79,28206.79,,,,,119,2026Q1,false
,2026 COMMITTEE ON RULES,GENERAL EXPENDITURES,SUPPLIES AND MATERIALS,11301.61,11301.61,,,,,119,2026Q1,false
,2026 COMMITTEE ON RULES,GENERAL EXPENDITURES,EQUIPMENT,3054,3054,,,,,119,2026Q1,false
,2026 COMMITTEE ON RULES,INTERN ALLOWANCES,PERSONNEL COMPENSATION,10333.34,10333.34,,,,,119,2026Q1,false
,2026 COMM ON SCIENCE SPACE&TECH,GENERAL EXPENDITURES,PERSONNEL COMPENSATION,1377242.19,1377242.19,,,,,119,2026Q1,false
,2026 COMM ON SCIENCE SPACE&TECH,GENERAL EXPENDITURES,TRAVEL,2613.27,2613.27,,,,,119,2026Q1,false
,2026 COMM ON SCIENCE SPACE&TECH,GENERAL EXPENDITURES,RENT COMMUNICATION UTILITIES,10818.54,10818.54,,,,,119,2026Q1,false
,2026 COMM ON SCIENCE SPACE&TECH,GENERAL EXPENDITURES,PRINTING AND REPRODUCTION,926,926,,,,,119,2026Q1,false
,2026 COMM ON SCIENCE SPACE&TECH,GENERAL EXPENDITURES,OTHER SERVICES,431.43,431.43,,,,,119,2026Q1,false
,2026 COMM ON SCIENCE SPACE&TECH,GENERAL EXPENDITURES,SUPPLIES AND MATERIALS,16409.19,16409.19,,,,,119,2026Q1,false
,2026 COMM ON SCIENCE SPACE&TECH,GENERAL EXPENDITURES,EQUIPMENT,4827.68,4827.68,,,,,119,2026Q1,false
,2026 COMM ON SCIENCE SPACE&TECH,INTERN ALLOWANCES,PERSONNEL COMPENSATION,25963.34,25963.34,,,,,119,2026Q1,false
,2026 COMMITTEE ON SMALL BUSINESS,GENERAL EXPENDITURES,PERSONNEL COMPENSATION,701451.01,701451.01,,,,,119,2026Q1,false
,2026 COMMITTEE ON SMALL BUSINESS,GENERAL EXPENDITURES,TRAVEL,11237.03,11237.03,,,,,119,2026Q1,false
,2026 COMMITTEE ON SMALL BUSINESS,GENERAL EXPENDITURES,RENT COMMUNICATION UTILITIES,6251.03,6251.03,,,,,119,2026Q1,false
,2026 COMMITTEE ON SMALL BUSINESS,GENERAL EXPENDITURES,PRINTING AND REPRODUCTION,462,462,,,,,119,2026Q1,false
,2026 COMMITTEE ON SMALL BUSINESS,GENERAL EXPENDITURES,OTHER SERVICES,5819.31,5819.31,,,,,119,2026Q1,false
,2026 COMMITTEE ON SMALL BUSINESS,GENERAL EXPENDITURES,SUPPLIES AND MATERIALS,4816.84,4816.84,,,,,119,2026Q1,false
,2026 COMMITTEE ON SMALL BUSINESS,GENERAL EXPENDITURES,EQUIPMENT,31669.45,31669.45,,,,,119,2026Q1,false
,2026 COMMITTEE ON SMALL BUSINESS,INTERN ALLOWANCES,PERSONNEL COMPENSATION,6059.08,6059.08,,,,,119,2026Q1,false
,2026 COMMITTEE ON ETHICS,GENERAL EXPENDITURES,PERSONNEL COMPENSATION,1042209.38,1042209.38,,,,,119,2026Q1,false
,2026 COMMITTEE ON ETHICS,GENERAL EXPENDITURES,TRAVEL,97.55,97.55,,,,,119,2026Q1,false
,2026 COMMITTEE ON ETHICS,GENERAL EXPENDITURES,RENT COMMUNICATION UTILITIES,4344.74,4344.74,,,,,119,2026Q1,false
,2026 COMMITTEE ON ETHICS,GENERAL EXPENDITURES,PRINTING AND REPRODUCTION,198,198,,,,,119,2026Q1,false
,2026 COMMITTEE ON ETHICS,GENERAL EXPENDITURES,OTHER SERVICES,1880.54,1880.54,,,,,119,2026Q1,false
,2026 COMMITTEE ON ETHICS,GENERAL EXPENDITURES,SUPPLIES AND MATERIALS,4659.82,4659.82,,,,,119,2026Q1,false
,2026 COMMITTEE ON ETHICS,GENERAL EXPENDITURES,EQUIPMENT,2954.64,2954.64,,,,,119,2026Q1,false
,2026 COMMITTEE ON VETERANS AFFAIRS,GENERAL EXPENDITURES,PERSONNEL COMPENSATION,1218839.29,1218839.29,,,,,119,2026Q1,false
,2026 COMMITTEE ON VETERANS AFFAIRS,GENERAL EXPENDITURES,TRAVEL,38700.37,38700.37,,,,,119,2026Q1,false
,2026 COMMITTEE ON VETERANS AFFAIRS,GENERAL EXPENDITURES,RENT COMMUNICATION UTILITIES,11348.87,11348.87,,,,,119,2026Q1,false
,2026 COMMITTEE ON VETERANS AFFAIRS,GENERAL EXPENDITURES,PRINTING AND REPRODUCTION,484.3,484.3,,,,,119,2026Q1,false
,2026 COMMITTEE ON VETERANS AFFAIRS,GENERAL EXPENDITURES,OTHER SERVICES,41685.85,41685.85,,,,,119,2026Q1,false
,2026 COMMITTEE ON VETERANS AFFAIRS,GENERAL EXPENDITURES,SUPPLIES AND MATERIALS,11541.55,11541.55,,,,,119,2026Q1,false
,2026 COMMITTEE ON VETERANS AFFAIRS,GENERAL EXPENDITURES,EQUIPMENT,2558,2558,,,,,119,2026Q1,false
,2026 COMMITTEE ON VETERANS AFFAIRS,INTERN ALLOWANCES,PERSONNEL COMPENSATION,20666.66,20666.66,,,,,119,2026Q1,false
,2026 COMMITTEE ON WAYS AND MEANS,GENERAL EXPENDITURES,PERSONNEL COMPENSATION,2819792.5,2819792.5,,,,,119,2026Q1,false
,2026 COMMITTEE ON WAYS AND MEANS,GENERAL EXPENDITURES,TRAVEL,7555.17,7555.17,,,,,119,2026Q1,false
,2026 COMMITTEE ON WAYS AND MEANS,GENERAL EXPENDITURES,RENT COMMUNICATION UTILITIES,20902.54,20902.54,,,,,119,2026Q1,false
,2026 COMMITTEE ON WAYS AND MEANS,GENERAL EXPENDITURES,PRINTING AND REPRODUCTION,3026.5,3026.5,,,,,119,2026Q1,false
,2026 COMMITTEE ON WAYS AND MEANS,GENERAL EXPENDITURES,OTHER SERVICES,5338.77,5338.77,,,,,119,2026Q1,false
,2026 COMMITTEE ON WAYS AND MEANS,GENERAL EXPENDITURES,SUPPLIES AND MATERIALS,67811.17,67811.17,,,,,119,2026Q1,false
,2026 COMMITTEE ON WAYS AND MEANS,GENERAL EXPENDITURES,EQUIPMENT,12082.55,12082.55,,,,,119,2026Q1,false
,2026 COMMITTEE ON WAYS AND MEANS,INTERN ALLOWANCES,PERSONNEL COMPENSATION,34914.71,34914.71,,,,,119,2026Q1,false
,2026 INTELLIGENCE,GENERAL EXPENDITURES,PERSONNEL COMPENSATION,1743307.37,1743307.37,,,,,119,2026Q1,false
,2026 INTELLIGENCE,GENERAL EXPENDITURES,TRAVEL,9474.71,9474.71,,,,,119,2026Q1,false
,2026 INTELLIGENCE,GENERAL EXPENDITURES,RENT COMMUNICATION UTILITIES,6344.69,6344.69,,,,,119,2026Q1,false
,2026 INTELLIGENCE,GENERAL EXPENDITURES,PRINTING AND REPRODUCTION,180,180,,,,,119,2026Q1,false
,2026 INTELLIGENCE,GENERAL EXPENDITURES,OTHER SERVICES,25534,25534,,,,,119,2026Q1,false
,2026 INTELLIGENCE,GENERAL EXPENDITURES,SUPPLIES AND MATERIALS,34682.67,34682.67,,,,,119,2026Q1,false
,2026 INTELLIGENCE,GENERAL EXPENDITURES,EQUIPMENT,340373.7,340373.7,,,,,119,2026Q1,false
,2026 SELECT COMMITTEE COMPETITION US AND CHINA,GENERAL EXPENDITURES,PERSONNEL COMPENSATION,1119996.61,1119996.61,,,,,119,2026Q1,false
,2026 SELECT COMMITTEE COMPETITION US AND CHINA,GENERAL EXPENDITURES,TRAVEL,265.64,265.64,,,,,119,2026Q1,false
,2026 SELECT COMMITTEE COMPETITION US AND CHINA,GENERAL EXPENDITURES,RENT COMMUNICATION UTILITIES,8345.54,8345.54,,,,,119,2026Q1,false
,2026 SELECT COMMITTEE COMPETITION US AND CHINA,GENERAL EXPENDITURES,PRINTING AND REPRODUCTION,294,294,,,,,119,2026Q1,false
,2026 SELECT COMMITTEE COMPETITION US AND CHINA,GENERAL EXPENDITURES,OTHER SERVICES,23517.93,23517.93,,,,,119,2026Q1,false
,2026 SELECT COMMITTEE COMPETITION US AND CHINA,GENERAL EXPENDITURES,SUPPLIES AND MATERIALS,5107.4,5107.4,,,,,119,2026Q1,false
,2026 SELECT COMMITTEE COMPETITION US AND CHINA,GENERAL EXPENDITURES,EQUIPMENT,21485,21485,,,,,119,2026Q1,false
,2026 SELECT COMMITTEE COMPETITION US AND CHINA,INTERN ALLOWANCES,PERSONNEL COMPENSATION,21385.01,21385.01,,,,,119,2026Q1,false
,2026 HOMELAND SECURITY,GENERAL EXPENDITURES,PERSONNEL COMPENSATION,1623120.93,1623120.93,,,,,119,2026Q1,false
,2026 HOMELAND SECURITY,GENERAL EXPENDITURES,TRAVEL,9090.85,9090.85,,,,,119,2026Q1,false
,2026 HOMELAND SECURITY,GENERAL EXPENDITURES,TRANSPORTATION OF THINGS,141.14,141.14,,,,,119,2026Q1,false
,2026 HOMELAND SECURITY,GENERAL EXPENDITURES,RENT COMMUNICATION UTILITIES,17414.44,17414.44,,,,,119,2026Q1,false
,2026 HOMELAND SECURITY,GENERAL EXPENDITURES,PRINTING AND REPRODUCTION,356,356,,,,,119,2026Q1,false
,2026 HOMELAND SECURITY,GENERAL EXPENDITURES,OTHER SERVICES,3411.41,3411.41,,,,,119,2026Q1,false
,2026 HOMELAND SECURITY,GENERAL EXPENDITURES,SUPPLIES AND MATERIALS,16977.09,16977.09,,,,,119,2026Q1,false
,2026 HOMELAND SECURITY,GENERAL EXPENDITURES,EQUIPMENT,4566.1,4566.1,,,,,119,2026Q1,false
,2026 HOMELAND SECURITY,INTERN ALLOWANCES,PERSONNEL COMPENSATION,35891.04,35891.04,,,,,119,2026Q1,false
,FISCAL YEAR 2026 GOVERNMENT CONTRIBUTIONS,GOVERNMENT CONTRIBUTIONS,PERSONNEL BENEFITS,190263824.9,97955076.42,,,,,119,2026Q1,false
,FISCAL YEAR 2026 GOVERNMENT CONTRIBUTIONS,GOVERNMENT CONTRIBUTIONS,OTHER SERVICES,431974.55,431974.55,,,,,119,2026Q1,false
,FISCAL YEAR 2026 STATIONERY,NON - PERSONNEL,TRAVEL,2198.62,2198.62,,,,,119,2026Q1,false
,FISCAL YEAR 2026 STATIONERY,NON - PERSONNEL,TRANSPORTATION OF THINGS,469.36,249.22,,,,,119,2026Q1,false
,FISCAL YEAR 2026 STATIONERY,NON - PERSONNEL,RENT COMMUNICATION UTILITIES,6658.2,3506.58,,,,,119,2026Q1,false
,FISCAL YEAR 2026 STATIONERY,NON - PERSONNEL,PRINTING AND REPRODUCTION,78,78,,,,,119,2026Q1,false
,FISCAL YEAR 2026 STATIONERY,NON - PERSONNEL,OTHER SERVICES,258443.25,165031.2,,,,,119,2026Q1,false
,FISCAL YEAR 2026 STATIONERY,NON - PERSONNEL,SUPPLIES AND MATERIALS,2534687.78,1340423.44,,,,,119,2026Q1,false
,FISCAL YEAR 2026 STATIONERY,NON - PERSONNEL,EQUIPMENT,19906.12,2873.82,,,,,119,2026Q1,false
,FISCAL YEAR 2026 NET EXP OF EQUIP,NET EXPENSE OF EQUIPMENT,RENT COMMUNICATION UTILITIES,4242.17,-428.34,,,,,119,2026Q1,false
,FISCAL YEAR 2026 NET EXP OF EQUIP,NET EXPENSE OF EQUIPMENT,SUPPLIES AND MATERIALS,60224.3,41934.5,,,,,119,2026Q1,false
,FISCAL YEAR 2026 NET EXP OF EQUIP,NET EXPENSE OF EQUIPMENT,EQUIPMENT,2915002.09,1941097.31,,,,,119,2026Q1,false
,FISCAL YEAR 2026 NET EXPENSES TELECOMMUNICATION,TELEPHONES,RENT COMMUNICATION UTILITIES,80151.11,10318,,,,,119,2026Q1,false
,FISCAL YEAR 2026 NET EXPENSES TELECOMMUNICATION,CELLULAR,RENT COMMUNICATION UTILITIES,3889357.53,1719945.21,,,,,119,2026Q1,false
,FISCAL YEAR 2026 NET EXPENSES TELECOMMUNICATION,PBX SWITCH MAINTENANCE,RENT COMMUNICATION UTILITIES,8920.46,0,,,,,119,2026Q1,false
,FISCAL YEAR 2026 NET EXPENSES TELECOMMUNICATION,DC LONG DISTANCE,RENT COMMUNICATION UTILITIES,69533.77,32842.92,,,,,119,2026Q1,false
,FISCAL YEAR 2026 NET EXPENSES TELECOMMUNICATION,DC LOCAL SERVICE,RENT COMMUNICATION UTILITIES,584818.28,438250.55,,,,,119,2026Q1,false
,FISCAL YEAR 2026 NET EXPENSES TELECOMMUNICATION,DC LOCAL SERVICE,OTHER SERVICES,16478,8804,,,,,119,2026Q1,false
,FISCAL YEAR 2026 NET EXPENSES TELECOMMUNICATION,DO LONG DISTANCE,RENT COMMUNICATION UTILITIES,1315849,640834.07,,,,,119,2026Q1,false
,FISCAL YEAR 2026 NET EXPENSES TELECOMMUNICATION,DO EQUIPMENT MAINTENANCE,RENT COMMUNICATION UTILITIES,270.87,0,,,,,119,2026Q1,false
,FISCAL YEAR 2026 SERVICE MANAGEMENT,HOUSE EXERCISE FACILITY,OTHER SERVICES,2823.8,2823.8,,,,,119,2026Q1,false
,FISCAL YEAR 2026 SERVICE MANAGEMENT,HOUSE EXERCISE FACILITY,SUPPLIES AND MATERIALS,355.54,355.54,,,,,119,2026Q1,false
,FISCAL YEAR 2026 SERVICE MANAGEMENT,HOUSE EXERCISE FACILITY,EQUIPMENT,8623.7,8623.7,,,,,119,2026Q1,false
,FISCAL YEAR 2026 SERVICE MANAGEMENT,POSTAL DELIVERY FEE,SUPPLIES AND MATERIALS,89399.42,48,,,,,119,2026Q1,false
,FISCAL YEAR 2026 SERVICE MANAGEMENT,POSTAL DELIVERY FEE,EQUIPMENT,62279.51,62279.51,,,,,119,2026Q1,false
,FISCAL YEAR 2026 SERVICE MANAGEMENT,FOOD SERVICE,TRANSPORTATION OF THINGS,4361.41,0,,,,,119,2026Q1,false
,FISCAL YEAR 2026 SERVICE MANAGEMENT,FOOD SERVICE,OTHER SERVICES,334361.79,121572.38,,,,,119,2026Q1,false
,FISCAL YEAR 2026 SERVICE MANAGEMENT,FOOD SERVICE,SUPPLIES AND MATERIALS,90834.92,65845.13,,,,,119,2026Q1,false
,FISCAL YEAR 2026 SERVICE MANAGEMENT,FOOD SERVICE,EQUIPMENT,631849.42,571337,,,,,119,2026Q1,false
,FISCAL YEAR 2026 HOUSE CHILD CARE CENTER,CHILD CARE CENTER,PERSONNEL COMPENSATION,1806804.37,853427.56,,,,,119,2026Q1,false
,FISCAL YEAR 2026 HOUSE CHILD CARE CENTER,CHILD CARE CENTER,RENT COMMUNICATION UTILITIES,7659.38,0,,,,,119,2026Q1,false
,FISCAL YEAR 2026 HOUSE CHILD CARE CENTER,CHILD CARE CENTER,OTHER SERVICES,31858.36,22157.7,,,,,119,2026Q1,false
,FISCAL YEAR 2026 HOUSE CHILD CARE CENTER,CHILD CARE CENTER,SUPPLIES AND MATERIALS,255325.32,158896.97,,,,,119,2026Q1,false
,FISCAL YEAR 2026 HOUSE CHILD CARE CENTER,CHILD CARE CENTER,EQUIPMENT,3108,1554,,,,,119,2026Q1,false
,FISCAL YEAR 2026 SUMMER CAMP,SUMMER CAMP,TRAVEL,1879,0,,,,,119,2026Q1,false
,FISCAL YEAR 2026 SUMMER CAMP,SUMMER CAMP,OTHER SERVICES,3364.68,327.84,,,,,119,2026Q1,false
,FISCAL YEAR 2026 OFFICE OF ATTENDING PHYSICIAN,PERSONNEL,PERSONNEL BENEFITS,122400,61200,,,,,119,2026Q1,false
,FISCAL YEAR 2026 OFFICE OF ATTENDING PHYSICIAN,NON - PERSONNEL,TRAVEL,982.22,696,,,,,119,2026Q1,false
,FISCAL YEAR 2026 OFFICE OF ATTENDING PHYSICIAN,NON - PERSONNEL,RENT COMMUNICATION UTILITIES,20097.75,11595.67,,,,,119,2026Q1,false
,FISCAL YEAR 2026 OFFICE OF ATTENDING PHYSICIAN,NON - PERSONNEL,PRINTING AND REPRODUCTION,703,0,,,,,119,2026Q1,false
,FISCAL YEAR 2026 OFFICE OF ATTENDING PHYSICIAN,NON - PERSONNEL,OTHER SERVICES,69346.09,46188.86,,,,,119,2026Q1,false
,FISCAL YEAR 2026 OFFICE OF ATTENDING PHYSICIAN,NON - PERSONNEL,SUPPLIES AND MATERIALS,189589.4,88209.4,,,,,119,2026Q1,false
,FISCAL YEAR 2026 OFFICE OF ATTENDING PHYSICIAN,NON - PERSONNEL,EQUIPMENT,13631.98,9089.22,,,,,119,2026Q1,false
,FISCAL YEAR 2026 OFFICE OF ATTENDING PHYSICIAN,DOCTOR STAFF & EQUIPMENT-NAVY,OTHER SERVICES,861266.8,861266.8,,,,,119,2026Q1,false
,FISCAL YEAR 2026 OFFICE OF ATTENDING PHYSICIAN,EMERGENCY SUPPLEM - TRIAGE CTR,SUPPLIES AND MATERIALS,15348.21,15348.21,,,,,119,2026Q1,false
,FISCAL YEAR 2026 JOINT COMMMITTEE ON TAXATION,PERSONNEL,PERSONNEL COMPENSATION,5526829.67,2717245.25,,,,,119,2026Q1,false
,FISCAL YEAR 2026 JOINT COMMMITTEE ON TAXATION,NON - PERSONNEL,TRAVEL,2238.21,2238.21,,,,,119,2026Q1,false
,FISCAL YEAR 2026 JOINT COMMMITTEE ON TAXATION,NON - PERSONNEL,RENT COMMUNICATION UTILITIES,44281.18,34460.36,,,,,119,2026Q1,false
,FISCAL YEAR 2026 JOINT COMMMITTEE ON TAXATION,NON - PERSONNEL,PRINTING AND REPRODUCTION,353.08,156,,,,,119,2026Q1,false
,FISCAL YEAR 2026 JOINT COMMMITTEE ON TAXATION,NON - PERSONNEL,OTHER SERVICES,76058.45,48289.7,,,,,119,2026Q1,false
,FISCAL YEAR 2026 JOINT COMMMITTEE ON TAXATION,NON - PERSONNEL,SUPPLIES AND MATERIALS,156127,94369.6,,,,,119,2026Q1,false
,FISCAL YEAR 2026 JOINT COMMMITTEE ON TAXATION,NON - PERSONNEL,EQUIPMENT,139781.8,59150.87,,,,,119,2026Q1,false
,FISCAL YEAR 2026 SUPPLIES AND MATERIALS,SUPPLIES AND MATERIALS,RENT COMMUNICATION UTILITIES,45782.48,13734.89,,,,,119,2026Q1,false
,FISCAL YEAR 2026 SUPPLIES AND MATERIALS,SUPPLIES AND MATERIALS,PRINTING AND REPRODUCTION,7228.5,1726.5,,,,,119,2026Q1,false
,FISCAL YEAR 2026 SUPPLIES AND MATERIALS,SUPPLIES AND MATERIALS,OTHER SERVICES,57628.54,9375.71,,,,,119,2026Q1,false
,FISCAL YEAR 2026 SUPPLIES AND MATERIALS,SUPPLIES AND MATERIALS,SUPPLIES AND MATERIALS,193449.39,162694.04,,,,,119,2026Q1,false
,FISCAL YEAR 2026 SUPPLIES AND MATERIALS,SUPPLIES AND MATERIALS,EQUIPMENT,85198.66,74685.46,,,,,119,2026Q1,false
,FISCAL YEAR 2026 OFFICIAL MAIL,OFFICIAL MAIL,FRANKED MAIL,49678.92,45701.41,,,,,119,2026Q1,false
,FISCAL YEAR 2026 MISCELLANEOUS AUTOMOBILES,MISCELLANEOUS AUTOMOBILES,TRAVEL,51996.36,51996.36,,,,,119,2026Q1,false
,FISCAL YEAR 2026 MISCELLANEOUS AUTOMOBILES,MISCELLANEOUS AUTOMOBILES,SUPPLIES AND MATERIALS,75,75,,,,,119,2026Q1,false
,FISCAL YEAR 2026 MISC - GRATUITIES,MISC - GRATUITIES,BENEFITS TO FORMER PERSONNEL,361164.86,361164.86,,,,,119,2026Q1,false
,FISCAL YEAR 2026 OFFICE CONGRESSIONAL CONDUCT,OFFICE CONGRESSIONAL CONDUCT,PERSONNEL COMPENSATION,647559.41,329164.4,,,,,119,2026Q1,false
,FISCAL YEAR 2026 OFFICE CONGRESSIONAL CONDUCT,OFFICE CONGRESSIONAL CONDUCT,TRAVEL,15337.61,15306.24,,,,,119,2026Q1,false
,FISCAL YEAR 2026 OFFICE CONGRESSIONAL CONDUCT,OFFICE CONGRESSIONAL CONDUCT,RENT COMMUNICATION UTILITIES,19212.15,10988.85,,,,,119,2026Q1,false
,FISCAL YEAR 2026 OFFICE CONGRESSIONAL CONDUCT,OFFICE CONGRESSIONAL CONDUCT,OTHER SERVICES,84943.47,55010.49,,,,,119,2026Q1,false
,FISCAL YEAR 2026 OFFICE CONGRESSIONAL CONDUCT,OFFICE CONGRESSIONAL CONDUCT,SUPPLIES AND MATERIALS,4180.63,4044.06,,,,,119,2026Q1,false
,FISCAL YEAR 2026 OFFICE CONGRESSIONAL CONDUCT,OFFICE CONGRESSIONAL CONDUCT,EQUIPMENT,1338.75,1338.75,,,,,119,2026Q1,false
,2026 OFFICIAL MAIL,OFFICIAL MAIL,FRANKED MAIL,437.08,437.08,,,,,119,2026Q1,false
,FISCAL YEAR 2026 BROADCAST SERVICES,BROADCAST SERVICES,TRAVEL,5144.04,5144.04,,,,,119,2026Q1,false
,FISCAL YEAR 2026 BROADCAST SERVICES,BROADCAST SERVICES,RENT COMMUNICATION UTILITIES,128.22,128.22,,,,,119,2026Q1,false
,FISCAL YEAR 2026 BROADCAST SERVICES,BROADCAST SERVICES,SUPPLIES AND MATERIALS,326.24,326.24,,,,,119,2026Q1,false
,FISCAL YEAR 2026 BROADCAST SERVICES,BROADCAST SERVICES,EQUIPMENT,23781.34,23781.34,,,,,119,2026Q1,false
,FISCAL YEAR 2026 NETWORK SERVICES-OTHER,NETWORK SERVICES-OTHER,RENT COMMUNICATION UTILITIES,84919.77,75702.97,,,,,119,2026Q1,false
,FISCAL YEAR 2026 NETWORK SERVICES-OTHER,NETWORK SERVICES-OTHER,EQUIPMENT,80000,64000,,,,,119,2026Q1,false
,FISCAL YEAR 2026 SALARIES OFFICERS & EMPLOYEES,SALARIES OFFICERS & EMPLOYEES,PERSONNEL COMPENSATION,1594751.1,787585.01,,,,,119,2026Q1,false
,FISCAL YEAR 2026 ADMIN AND OPS,ADMIN AND OPS,TRAVEL,6494.86,6474.86,,,,,119,2026Q1,false
,FISCAL YEAR 2026 ADMIN AND OPS,ADMIN AND OPS,RENT COMMUNICATION UTILITIES,26651.15,138.73,,,,,119,2026Q1,false
,FISCAL YEAR 2026 ADMIN AND OPS,ADMIN AND OPS,OTHER SERVICES,51092.8,49513.8,,,,,119,2026Q1,false
,FISCAL YEAR 2026 ADMIN AND OPS,ADMIN AND OPS,SUPPLIES AND MATERIALS,8759.79,8576.3,,,,,119,2026Q1,false
,FISCAL YEAR 2026 ADMIN AND OPS,ADMIN AND OPS,EQUIPMENT,14111,-8407,,,,,119,2026Q1,false
,FISCAL YEAR 2026 COMMUNICATIONS SECURITY,COMMUNICATIONS SECURITY,TRANSPORTATION OF THINGS,175,0,,,,,119,2026Q1,false
,FISCAL YEAR 2026 COMMUNICATIONS SECURITY,COMMUNICATIONS SECURITY,RENT COMMUNICATION UTILITIES,51523.97,37437.21,,,,,119,2026Q1,false
,FISCAL YEAR 2026 COMMUNICATIONS SECURITY,COMMUNICATIONS SECURITY,SUPPLIES AND MATERIALS,4565.25,4565.25,,,,,119,2026Q1,false
,FISCAL YEAR 2026 COMMUNICATION SERVICES,COMMUNICATION SERVICES,RENT COMMUNICATION UTILITIES,151763.05,88991.8,,,,,119,2026Q1,false
,FISCAL YEAR 2026 COMMUNICATION SERVICES,COMMUNICATION SERVICES,OTHER SERVICES,495996,247998,,,,,119,2026Q1,false
,FISCAL YEAR 2026 COORDINATING SERVICES,COORDINATING SERVICES,RENT COMMUNICATION UTILITIES,412820.6,258573.1,,,,,119,2026Q1,false
,FISCAL YEAR 2026 COORDINATING SERVICES,COORDINATING SERVICES,OTHER SERVICES,229550.87,194855.21,,,,,119,2026Q1,false
,FISCAL YEAR 2026 COMMUNICATIONS EQUIPMENT,COMMUNICATIONS EQUIPMENT,RENT COMMUNICATION UTILITIES,123800,61900,,,,,119,2026Q1,false
,FISCAL YEAR 2026 COMMUNICATIONS EQUIPMENT,COMMUNICATIONS EQUIPMENT,OTHER SERVICES,1353914.63,691710.44,,,,,119,2026Q1,false
,FISCAL YEAR 2026 PROJECT MANAGEMENT,PROJECT MANAGEMENT,OTHER SERVICES,26207.2,26207.2,,,,,119,2026Q1,false
,FISCAL YEAR 2026 COMMUNICATIONS,COMMUNICATIONS,TRAVEL,27456.15,22373.01,,,,,119,2026Q1,false
,FISCAL YEAR 2026 COMMUNICATIONS,COMMUNICATIONS,RENT COMMUNICATION UTILITIES,778023.92,477733.88,,,,,119,2026Q1,false
,FISCAL YEAR 2026 COMMUNICATIONS,COMMUNICATIONS,OTHER SERVICES,3489.83,3263.83,,,,,119,2026Q1,false
,FISCAL YEAR 2026 COMMUNICATIONS,COMMUNICATIONS,SUPPLIES AND MATERIALS,31132.52,28958.2,,,,,119,2026Q1,false
,FISCAL YEAR 2026 COMMUNICATIONS,COMMUNICATIONS,EQUIPMENT,107644.68,107644.68,,,,,119,2026Q1,false
,FISCAL YEAR 2026 CAMPUS VOICE NETWORK ENHANCE,CAMPUS VOICE NETWORK ENHANCE,RENT COMMUNICATION UTILITIES,166407.71,154514.87,,,,,119,2026Q1,false
,FISCAL YEAR 2026 COMMUNICATIONS SERVICES,COMMUNICATIONS SERVICES,TRAVEL,24852.89,10687.2,,,,,119,2026Q1,false
,FISCAL YEAR 2026 COMMUNICATIONS SERVICES,COMMUNICATIONS SERVICES,TRANSPORTATION OF THINGS,807.49,807.49,,,,,119,2026Q1,false
,FISCAL YEAR 2026 COMMUNICATIONS SERVICES,COMMUNICATIONS SERVICES,RENT COMMUNICATION UTILITIES,10982.83,8574.4,,,,,119,2026Q1,false
,FISCAL YEAR 2026 COMMUNICATIONS SERVICES,COMMUNICATIONS SERVICES,OTHER SERVICES,87.55,87.55,,,,,119,2026Q1,false
,FISCAL YEAR 2026 COMMUNICATIONS SERVICES,COMMUNICATIONS SERVICES,SUPPLIES AND MATERIALS,24186.05,18829.31,,,,,119,2026Q1,false
,FISCAL YEAR 2026 COMMUNICATIONS SERVICES,COMMUNICATIONS SERVICES,EQUIPMENT,32236.38,28774.38,,,,,119,2026Q1,false
,FISCAL YEAR 2026 CDN ENHANCE,CDN ENHANCE,RENT COMMUNICATION UTILITIES,487432.85,223160.16,,,,,119,2026Q1,false
